:3e06ca343e1fe1b12a5ef01ac92b06d4f457155935728fedbb900d7e4b0fc607
:702a32281909ba9da06e504d33d1c2b9898d31573c53e8d601a005ecac45d614
:23c07548db0aec4767ee6b7c304db5018c29748ce7aa24878730994e5dd031fb
:37f11ccdf72a8a99268b716ed20392f6788e55a2b25b2e94b02090ba26e9e4a5
:8269de94cc470f5b74492f97153b3e907c34aeed69151a91be08e2a0f5f00160
:462a15906fc84af11f48300cc639a0b314da5bd4c4bc763c540fae3cf86a73ed
:cdfeb2e6e785c8610da70607f41aa9ae769f3090f95376b9b550f97589a4a155
:f53115f5df768e638f46ec7511531c5b6456d7c12e8a13b33874a39728253dbc
:0102555555
:d436871f0ef85c76807a5b1445d8c50d
:c208b2f92552b761a755593f09d93d7f0a17a0e4b2a2fa139e4626b27fe76dc4
:0c44ca17b70038c01f87bb787c5c5818
:1aae0ae0d1906addc90aa7806bd1fed8aadf20b1fbf9f9c1f0b59128186fb8ce
:37b67eca524018369e10e72f1676c85e87fe501596891cfde6dc5448abc26494
:21b1a0fc366543a5b6c1192fc81679136cae88ae6c42d3ec1b0792ced935c416
:74edd80af97b23ed7566ec6d3c6d1fe48fc11fb2b20deef9268d5821c8f7e5bb
:d0ec6011e8f11d9520e6251fb3e2951f317b238243d3129322a6608c085bac73
:8d585cf3ffc8d02b9fa88500395fd755c6528a63231417c5e272a8bdbcdfd53d
:4359245090fd94f18ab8e65d2635ec5a0c7e1c676c065e064472a0ac30a11aad
:7c680b9984511f236fcf6ea8198cbcf1baa43a000f35f57bd3c78ec63eb3af6f
:1c8e324c7a257fab9aa40cf107645e409ca78151ada8aa860a28aabc51d4f6d5
:95bb3dd1376ced57bdd3f11e96b9ab63db5fa78b8d085782aae176d8e2a58b1e
:0920bf1da38dd42a6f584c8d6ee87361f532520011512462c80523901c8ecdc0
:8bce86d497d8a4ae7059aa928335377f54073b200909b795e7c3b6f200e22475
:ecf01e8bcea56cae03950c06a76798c3a9d436d8132b0fd3d09da0d5ffbc987e
:3ec42dc9cd5203b87f9769faee43d8d17dfd36fb6271658385b0a280a67b228e
:e1280c518d1fec131b1cce75a152aca6a478cbb645c422f0ebd2c9f0215bfb54
:b5a638d0a5658c78485291cb8f6c4fab14bb6b186f4eece8d21c17db281be9bd
:53bd60ab99a8a3dde7b4eeac8018d4254a2b7b89679356968e04bd9c67712b6f
:867bf22f098db3c8ed0533e963ca89ca6d9d6d2ec93157060ffa7502f19e6ef8
:8533a4cd1ea5580e9342693f498fd6ccb6ea7f63d874ee5e52d5f068aab7bd38
:d30b536238063e42a36e67422ff72badff62d0710556891f82e4f9edc7ec057a
:ad93b56be051f67ecfd4fa4fc0466f1a3f43007ab3c8844cb92b92fbd2d06806
:b42b6532d2494e8e57fc7fbe4bf05b638a7d24031c450ec650a86ed525a21cfa
:85259957a4b000100edf1a163267b11a1de44a7d9175a2d3bbaa127c5df3652e
:d954626be182158fcb7bab4fb15b073d9f2a523279055164befeb9359b9c0904
:a7bcc01c7d9a74374bcd9fb48f9fbe6d5f46f45cc853fb619a9b1118bf063ac7
:9b11606d926832b179c64bee707d5baa469e12831d306f0db6b6119ff88cadb1
:50e995adce75d22aa2eddf8491591da72f265b8155c40526f7204d0f064d9737
:835680cd7a380fa4c2691d8419c19ff1c5224ba74c47cc862e0841f72140bd6b
:7b7b026527ca78e4686d2b67cec47a6d1bba1207c8ef4187c44adf366e06868b
:ab1cb3f326f183e89ee1bc295c0b2899f1bdfdcadb30c38b152dc0e9add5b7e6
:6b8e7d1af0cf7714d61e2ff7ff3d73c3a1840037ffbfc034073c1f9e491a625f
:d2481b07b5b6fe19e7b26f08febf36124be0f4fb34e7d4894b848f128b695865
:22499130207cf7892b1f14f2515e7479f66c97a92a389045c6f2424bd103fa73
:581913debedffcb4a7916025fad609e5430ca3bc56fcfe40440f97471e52455e
:d9c82c8493a39a77ea4e8a21bff1af8e3470ced0b1f3aadaee6bfdc2f09ccf34
:2ea1e360770a77f82c2194358638d12d3fc4dfbe7ebd0cb44ab5ba94440b3f47
:12ff2f7d00cd388c62053499ea8f5a751dbe013619976fba7af481b61ee84337
:ce3d1f6c281c68da6edad0d5022c3b7e676a920c9fe3d4482452e5ad975c1409
:953f9aedc7e106f31e9deea5b35436462a4f02a645815bff663261922cc4953e
:524f5bc8d5a3de86c12ae7144daa95adafc06d0eb07a2e0625654a8926ba53a0
:971e7cc500d82c0d3a3997b85dacc675642c85e28890bf66a2ae073debd07e87
:87b5f71f9aeec85c5d785838d92f6b8ff2eadb6fccd9a48999d5f23a53568378
:4bb2662131ba4808280ada2ff78c4b4bd4acd4350dbf03ea2ba250666b1b514d
:b352353cb58f88b4ce3ae8605984fb50f70ea64fe42f8b1ca44850ac48332763
:d81121595ec4c74200ba7cb65156e081fe7a56a8b72c72686ba0bb51ed6114fc
:50a43e6445bf08434d0d77c1cae9a6a985d1503038dbf7affcadb1ae1ba3a7f3
:2cb650220f298d33e24000995410a3c8bfbd1541235f4a64ff9becb3562042cb
:268c4842bc69807935d715463b9ffc7ee2668fd3f0b5a8def7a8fb0c9829cf63
:4b3e14691e37436e6d58d860be113ab1bc5729ceb2830ca6c545e5ce9bdca27b
:4e13f48186b28a22065608cb50e58394828ce03159a99104afc1ad0fe5b19a49
:4581f36e0c7b9cdc86c438f3aa59d206f158bcd0c99f260d9e7a379b4614e30a
:047b1fa6ae9dfa5710c6b58473989b4249515ad8ba54fd90b06ab6be619354ca
:205a2abc12233e6fc1bdff452e194ccd0b0f8ff27364b4e87d96ff8235d92332
:0c67d47ff3acd90fe6730dfb29f23150381443effd0944f1fb9a96a2903e7837
:a1f33d2a51cdc63701e36bb0cfa14c2c628fbb86ef4866920a7e692ecacf1232
:b1dea1c2184c1115d276ecf4276eb85f71499ac0950d6350fa0748852e69eb6f
:5fc6f61a72b90f48c0ba2f13572e283f12c7c92cde8f9d767ef0f4d56119966e
:2671e6ab3a3dd51d2002d266bc22f7f1a3bc138b710e2e60037b0e1b0cdbf251
:8b7113d521a391bac34cc5d7b7628d7899201b2935e86075bf14b5d3d2c1c746
:e0888883e3b4e3bcb54c1b4b936d3a4472ec8853da83444b4fe6df0d09a11dc2
:602a1c7aa6b3cb1953ad256f4c830aa03346176d76e9dc64df9dbb3ebdd34819
:0441761dadff9d4eabf45464605ddde78f2023e2d8089979da37c1b25e5c3c47
:ba7c7bc29e707bdb3bca57a53145230592f5378291f639efce2ef79c0ebc21e5
:1f5dc8e1b3d1e66bdab4702c18db97e16692c219baffbc56b2f85889133acc1e
:8fd4ba560fa66d3c583f98629a0fc41a0a1d1ddb81b313d3fe09ba2d2ed364b0
:19007e627d519cb411779be02d32fd9d42fe69f6a2d0f82ab08f3b55bc5634a3
:4a706d7bfb6d52859539fff049e986876181e61ee2bc445810dfff6ebd583a87
:a0076165a14c62c039e72d20e880029de223e7dd76893fe8a1dd54a2fd578e5e
:2e18e2e3decd8c510be2b15229485f0a6e4f53a40feb82da455eb2dc5896eec6
:f3cf950629e292288c1574c30d4f427c91f1345ad3a6d1d337a7cf62a56270ed
:05c8b62b138561439eb62d21114d6685c8058417bec5866d4dfb041dc1c95019
:2fe8a2a6f10502db1e2749b43ba80d3c11c4d99977d3f4ae08c9e242c92d393b
:8f909e7e2d1455054c40882c8dd1f7dd107617a7b068a704fb6f27131e433148
:30bcbfa7ace03d423bbddcae814a872b132da91de43a0329521b62592caf7cb7
:4d3f7520bfb0aa77fa45a1d9e2b43904250d2a58093226a17adcd1e7362e16c1
:5d9d9282615964f3756107bd49b9d5f5544aedbac13a7471b6700b6e70ff627e
:9818bd474864b460970f4e3fd8e2b9e6e7de1895eed908605295171cc29e889c
:3a997a10f7da4ea8de78f264085cb5a31c1f12b37a479dd6dd2f5b9578d27602
:0c84568307ebde1d7752d869e6287f8d8daa1e7005f36d2122a746081d037104
:cd37d18d071322fad4e0d76b77121b287134cb95f377dfe056adac5b5c19f4b9
:3957c86cb14a9f4a5f34ae92189095c99586034bdc58ab38c642d7785f690c4a
:1d0b64e0963b439e7b98b359badc7bab6a6264b6aaea1f0778399fb7d970667c
:b2a61b5a7f398ac2f553b878469b916b57e2cfe7c11441886c903bc5b502543a
:4d49fe6171ef95754d7d81e029085acbe836dc015c3be69fbab8086388d38767
:a1a11eda223451b589f1c63d0c7eaefd9e82e3085a5d3cc0b33ff22c6bb7d45f
:cfe694547bd47df48dfa565a6d5e3b36f1298f01835f16f598a0e51333679c38
:e2b11ad0109a267187b138535a5c34c0964edaceed46a937299fad734eeccdd1
:feb60b4e45b848b1ba044f8f77269c3f9e6b33c8d5cd66a1b06e94b89996056b
:94eeae455054e1a796a64cd08bae60c811b296425e679cd3e934b311da629881
:8e265fda99151ab182644b2fe61fc1c38a736901ceacf5e7ff69b0305f152a77
:4ebca64572998b50f439a1fe158e5f02531f0b665d72c86ba34cd3679114eb82
:44b7ef624ce67a93ee85fb6b3396d81970462bc281ae0036cad18a0cc01633d0
:88104249ec39dc3cd9aa5805dba299de2f13375f14d838d8e9a035ce218a077f
:66c1b31895bab5cabe6a8ce3530a7960bcf38842051ae678b30283ae9eca828d
:62dd6d726bd6d51393e90a52d025b777f78a6f8bc4560154cbf2838ec835a41d
:c519f9c407b77635591b008ae0d3c8d2ddec1429ed1a107b6cd4c92b143d5436
:92e4f87cd9d51ad7fea25ac338cd63622cec62212c0389becd7aa4c59fc7e171
:94dac0e2c9b72873bbb0d800e99a6bb7a5d005526f502db4d19b663c82d3cf98
:bb3334f9123c6cd0c48e7476340cb65107e5ff2a3587c8690d24cd2049da898e
:5434cdaeb433f49f83d230d45851d27ad16f8bf53dd2a0287d50ec6d22ac4550
:715cc3e65cba84b03c266b3261adf3b8e09ff96f81243865fc0f2c2d444021db
:11186a79c1ad4fa9637ac9105eeccd036e3535a0a77f1ff537e5b0de411ce0bd
:cbbe2bfbe9b1386891340bdca6086e1b8191e5ed7d5ec9da71090d1daf1bb735
:5191492148ac69a31aa91e47cc5a4392c72eb668f498ded367240316a67f6001
:7dd51b9cf22b9c3e9aa08a36167c714945a45e315b3a6a400dbe6876684f0a93
:a17c43d3dd0fdb7e7822ca081093ff9d0adf3caeff1aa2aaaa201c263ccacfe4
:a2d144b8c62af2196b77ea6660848528d133281afac2bf60181669f3f7b6b28e
:226aa9da956f8a5d027b2faf9dd87e09fa445f203b44d4fa5bc904cde7fffccd
:8210569f2bf0f9cc756fc1a1f920f933d326c8c464c16910282f59c1b94b9d30
:0370dad71dbc811181d4be884ae8dfec311480dd0d7f1f88aaca1fa8c416c3f1
:c690b928554998b13fd35ba834dac99b2a31232edb70a5c7cae8dbeffce65f6c
:afc3d23edab37172e3a29f605d6296de9d29dccdaa1667b4cba6c70f11454e7a
:8cfe01d35fb4a13ae26b47ba9e3998f2c52cf8eecb7669626ac1cc3278667c20
:a5418405bd30c3f7bc2d0ab8cd9722fae4e451a14e0fa75d1aad2eddf875a829
:7a9d18b278233129d4c2ff217efceea5629f03a6a950ca0d5a4b6ec56af5148f
:682f703d60270d6b41b11d14a78a97b8d49326daa6e37c8ef225a70347875d6f
:37ce213b4be30bcda463beaa3e322f46d97da9a624ac4cbaa1a860da90cf6ebf
:fcf3990ff6ee37ae5c02561dd5bb02932a8099f0a5efa2e2b85b905a080915a7
:cd3de662a798c3ee17fbbed8ed87e002c8459e043efdff8bee394c62c28cfcb8
:1ca87330285112f614e32e545d8a8df588d0393c28bcd8feb66f797fcf7abd9a
:0089e9353ceb356a55371b1d6c0ec9c2b82817fc94639eeabe0a69f23d4066c5
:0d3824e96ba973c88bf7a25dda2c9cafa16eb24487de8fdeb8f5b03b994a88d3
:f01822eea078bec34c24c3dcab74f67f2122aa8db3b365679a7f54ddf2a16926
:d2cd6ac7635d4e5e12988ef028b9e59f6a9d9beb52ea678b62be85bce4e3a5eb
:53e06fa3e63c0389613464fbf6649f3d432728d5c491cb4e76019768af9c5d39
:9b3d78a1faa05201d3858a4f1629ecdcb98f13b8ee46a487936c62728068f58b
:c0a5dc00d3031ce5a743e6736b4472f71062ea4a70dd4cb83c83462dc4463769
:81ca723e237329f7c621a77e7ff184196f945a407b98e2d989f5d00cfdf836bc
:c97a9f623b9149d0dd2b6ede20b81ab4303ec3228195ca7d35c39f03d4175a26
:1d2f381c63e62fa2ffbee9de9e445c7b9e039822df30e94621ec8044e672ff3e
:b61e3b9e8893b1337f8e6012716cf1ee4d8e0558fb0599e862f29e071d125f14
:c988e85dffc41c90bba46d25910b7ece043c9684715270c85fe73a416e30c1d5
:69be57811e14c641ec7ebf7fbee6a58282b9b5ee00f1a558d87d0b22ca497fdb
:7015ebf10bf32dbe84a8d8270f4a2943efbd0062114dea1f3808a0260d984857
:aaa7ca5da23184a51d74b1b9634ea60befdf1ae72866307dc756f80801164a6a
:c454cec825f215c255d6f1df417d749a813feabac0df52415b5861627046532f
:f66fe00d2bac21e367597cc7f194a358fc169186143caab5ba91a0e879dac01f
:79d0eb5068752f0090d5e1712ff47f7c057162e1dcff3136b48630cac4c27d3b
:160b69b4740e14e727ff3f350892a9e122ccb0627c87515fb58a3ec53e057072
:0c5fe6c3daea5a746cc8b9209a5a3962723149bdd45cbb54dd3049196e5d9e6c
:290db0826a3e5a510b8cd5dc109abf68b025a2d72ffb7bdb16344b3ea49a3548
:42082d7e0f5ffa5154264e6514fa3289a2138fb4dcbd89d8d0cdb8da6af81e53
:af16a6a8abf87b0d798abe6816d79d59738a3db62b8f59e60f26fc4e386834c2
:f87b12ef8af87dc89e36b7fd15a96da2d603acb8e162f59f2e9be4757dec83d9
:ab7c04d0c06a7c196abfb004b253b6d37a5143c768ba9bb9d5a6f16824931c3c
:7ee33e8787a19670decda6e42035015719f202decc6f13ba3f8a09801bf9accc
:9f669e57dd02ddc49aa72ccb69d9e48b2e5524f199cf94e953563273e5ccbdf3
:fea0295032fda67b6ecd3be9326164d2b578df9b00fc9a5501df66c588c864d4
:53db52b3e7415ddf8cb856c08fcd28152d19d6b671fba15b8cabc3e032bbeb45
:6d32fa5ee35dd3ba43a558b0e311f63ed71069b6f6bb03c302ffa07c1f2e3ef3
:cc15514f6267829a0f173479fa9130e45f1ba44b61fded069c02e3654ce09459
:fab2bd21bf2a02461a63c4c6954f7bdbbbc9888aa5afaeb91eb16704acf844e4
:cddc4f68a7494f9c7ffa6bf75e0c131958ff4b57b399fed1ea31ca5547084796
:cb43e6ad4e0fab3977c3ea61775e7b01c3c3627938b29f4560e011cd2180387a
:09aa374e0f441b8aa2b3b96183d5626b56e9a3e3388ed89292bec06ef790c021
:5f1def1719a7630f6ed42354ed16aaeb1cc0aeb6b8617659219c30dc28412a13
:f88ee7b27a9e527068c5b43bddf3c7c149a94a0cabca57c2ca38f3c468550330
:3c59557d8acba538e6e28d7065fc33eddeeb6fd4ce4bf2e13f79bb036a72ac8b
:74636739d271ce3dee7737611b0a5fc1442707d0bd51f480c0ae1ed53386626b
:8e7f9a61f38c48ba75f306040c4de77b7c2cd1fef1f055d86749acc6eb5692b6
:2c9ca0064becc0b112b21a4ed89c3d01f67bb4f290e81cf9c6bc0dc820546ac9
:6505b2ced222f40504ba9e213f8ff2cfa035ddb277c4e76bc1fd7ad42e65e4cd
:0c0fc90e0e23a619a806b7c4a965ebd14f61b7c05d27c64fc6ac7a155d5a5cd7
:c2c5acc0f0b955fad542914af46a534ed01384f81b34911ab24fa0011007a795
:6c54c3fdcafe9d651bd3929d4ea7d7ebe65188a4ab4e462456db6a87be038401
:6b220e5c26894aa23934beb656583af0d788b74d315939386b7e7eb24f0dcd74
:98af9d8e0dccc8ebdf994c1f5fea0cf845853fb017704a86c6dc6bacf17cabe7
:fd4446463ba89a0ae3ba9f24c343f6a608ad37879c5423693d7cf9b1d9aed6d2
:36540cf27720e640ad88e41b257717d6c00efdbf4c0c1694b83ac3386335bed4
:9b892ab44210f067561a71f883e4220bb84a8020f2c879fb166f145745a80290
:b37a0226f1cef761ff0b5cd192861381003ea60c17a056150b127e03785dc8a3
:9345ef90662c91c78d7a811b568e9f92f64544850febf938ff7a023abb3fe0ee
:a5b5d0b7455ace7a4221de20e26265bf27c72eb1bdd3fca684dd74fba02d3f92
:90c5ecdc8ed3844ad02091b1633e90873bdd4fbf335e8d9244a53825210d162b
:1763857024596ad9257037e817e1e3d5e2761f4bbe25136afd8c03eb0e721341
:680589d168e7ff1a0b355c9ca2e3940ea51fdb3d3bb9ab5536a6a971590e5c9d
:acd41b751cbc281e8c234329bbfc92eac014ef4c5ca9c7d54e63800e12f240e1
:b4eda1eba135a86003aef9cd75c5b36e0269d1459285fe623d89f9c7ee860679
:4d8b03cb5293b33640f10f388166e93f51f0946aadfff22e01b12d40d079b054
:3b82f19f4478c9c2affe74c21ad5da5769bbaf625cc415ee882be07ebdf19eaa
:31d9d5853597d7e72583257d2d9e104c3575e6e6e0b9b25b3f5a4cff752a0982
:9f066f7904ca05f19498b70693656900bed931bf2cdbcf420959c5ef83e81ee8
:88e183fe72038759b619a6815ba8329de538037937a82ce95f37e5edbce26577
:445a0bbcfd0cc906a2e8e899757b30b818ae06102ae4551a8fd9ba8a49aeacac
:24aaf29787621ca262ab319f04eae86b74d906c9d9299e68fa17172a8a0fecdc
:816747a03fcca1c199e7ff21451184fcf0a57f78a88294f587430bc73a432824
:eb70c88366c296944c6c5d00b065f71ec988149f9002d0cc35a647b90626fb01
:1694b50f967f511e84cd7244301fa7bf544d583e99083975563b46a93feb8faf
:4e92bf1fc0bc3ddf0fd2688e0ab8a857f14c9da495711653237b89836715457c
:6efa44e76676248afc043257e3892465c3a84c99242de359a2a3cf8aa88561ca
:2402d16a85fede219695167ede54de7a2d7d03a7e7f3faa0ff5fd3599e58e030
:aeb6d33b938a52f5b62ee93ac0cb4c02b9273aae302466efb20a08749bfec90a
:b9b3c1e2187d9568e71d6e7eb2198461debc64ed0a9e21b6db09878d5627642c
:0d8f81f2fc00fe3d6466c2df3f4b9fe17448da74bf0125b906c63751f863f4aa
:bec7efa29d0e195c8ced6e96e9742fc290d422012025973d776e68ee156f5759
:268c8a1558279422d97aaed8e8a681daea27a4df23c426b50033579c41c9eb4a
:b4fa0bc1d9bb44051158ae2956418c0dc103f7756ee8b07a9ce9feee44b0ae3f
:692794e80d3ca61a7d222088070db16ee16a3cb72923e02b1d5b637112122d84
:c22d47a0302de67bf217a8c8c571ed67900d1c02e6e6e897369795a6e2749465
:4775c0789f032f1b094d22779ce1055aba999f0501206338cc4a62597c43f2c9
:b707b66342f602c1ab54c28fb2fc93f14f6ccfcd8a2042614199359dc6feb219
:06605e1a384cf54d6fd1f37312541db0e6e6fe0589b44bcbd0b58ab8648eef1e
:7556f464ff1bc24c57dfe61a27f83f39b19c4e280da9b1362ef9be6a56d7fa7b
:151a1567a18cc5e8d7980181dcfe641257dc969beeb14006f2e79cb5b8c9bed8
:45a2b10f8e8dd96934ce049b071680b48a55c124a45fc00df2b93c9887ce163b
:e512da5d76de970f6813c1ac70c520c2dc6276ca7f00bd95c20694b3987f6bb3
:0a0a136a04854482bff78917e52bc05f0e9d51a57142eb2248e80b5be783c735
:22cb907fb7085dc806424ae2142d967838ed58c38fdf3b1064a44d74e2fdc947
:1095c9ad9ca081662f8d20b1eca02acdac958a43edba5d78246abb28555a8471
:3a170ca6f5ef9b1b539b4e15d9238df1e1faba2a01f0abf1f27d0aa592493094
:9611d6b7233aa3699c89e8e1f8339155603004c3460f822aa34542e7bf6b487c
:540269750353de365597eebfeceb82b1955861282414ded3f2475ffd8e0cb67c
:bcfb0af13000b4298fea752ed4b1b93547bac2499b83806603840d218b8f668e
:9285e35fc2aa9511e2cfb06dea4f508f46f257191fdca8e68465f13e23b81117
:c836f24b159ac484562d35765d658c5b83fe411ccf5c84caf31633656147ac9e
:3359b39f18d5d8ea3c6eeaa1e186ae02a356c4e1527eb609f628f999c41f55ee
:af63907756e1d344109da74e94ec3eff4ea52accca7196ea346d86305ef1e83b
:b1745f51393cb3b6601eb9323015e4cb725500e677af63a884b03b723a9a2502
:a2c881f880dadffdd3542a32e5c8fc489ef871f01ac7431c55c28027006536d5
:a4eace2e5be7d3758061d813abf56c02279eea62e0f0769efb6ccf2f797f0f8a
:1e3a674d3354c997a3b09ad497529f4c6aecf511edf9c527241c423db28b26df
:97cee61ae0c9af65da880d2139a639b0bb2a0af9366e1ca1631cc3fbff21db0c
:2c8ff9d5fa376917fca231534c123052d1511b0ef0814637d053a6b3e4e8825c
:e3897ca8403cb7118153ebb1f5d3edc6a2f796609dff2e7f5b546062ea0fd562
:b16b74a318edf3e4e0e3f022464e7cd8485bdfb0fc7f45f9d516aabe1ece605b
:adc0c11223eb6c96cc8f70c90b8d34baaa188168649c858e62a37f7e6f5cdd47
:5e4e160fb293ee4691662be655b21730b623cc13896728444c7d11ec132300eb
:f0baae713ceeadfe2b624459a6ac0411eab41fe57107441467b76de9a978b721
:79faa86bbb06e7d6ca6ed5e6f7c02dda8a3da3270794321853f09015313a6bb4
:373f27027e6d2c8daafa51de9bdecba6c2dcb71df3207d56f03261c916164927
:69b1d43304b5033ad6cb5ffefb44296bb2544e4e360981c36e342a6c69f347e0
:7055f91c5dae8f02465602896bd6fc99b14083e94b58a2a7f84ae7e375c4025b
:b744cd41f4f46403aa42518c140f16b6f5ed64b959a49525269ddabb4a898561
:2f8f73050dd3b4424f3c25d1b67deef7ca83eb8f61ae3e959fbb97d12eb9f09a
:b19bdd28cc8a600cb37b1d4a589b8fec4675e3d8c2594bf6b8c159ae1a13e1ba
:361bef299a4063de542db9b84bb498d57e49e8202c1e6c3df9e9168e0e11dadc
:7d5bb48defbd9ccfe2f33a388f55cead42c9c7d9afe920862331e3cff65a0a73
:694cdfc390c7552bb53e9bff59de43ef8db6502de2673dac87a9985b8048d0b6
:a48dc5637a7a8314c7a02d1f55da03bbefbb109f1c2bc0fb8aa49c39ef6d365d
:e5c9c5ffdd2178718ab5b9f314701d2a804c4226644e496a67993a791a066e33
:4ebabc531da53f5fc5a7e7ff0906f9411699f9967f8297ef9a489aec43ca79f2
:5666f655549f6eb804ffba7f4c4728eecbed21802e2241ca5c54ce3faf2fd4ba
:3bac1ce9fb734e84c588b37427da7c3684f9faf109fc5d1abe56dc34e115a6f7
:a38a8f5221c43ccdfe59ee55e975334e6fd1dd431e93b867a7304ae309ac7009
:17fdb9323bf50d25f632d81ac197b7eacd5434d00a495a4bb015e2e457b7aefe
:31e7952ff19b48240b9efc735aa2722f8d63a1e9006421db97896f265ead5c0a
:9838b644555d6058dd988e143ac8ab09dd787bf445d32577f1ba4abd6d1c9e4e
:b894bacd17ed5c686557e51208c4e347ccb5d4b9305d53da6119a330d2c7554a
:56a5ef9c15959dbbe1a2ed80438167eb08ce75b6ab317d79ceb55c14cd31340c
:ee48fe4b5668bdfb3f615ac3b738cf7d12e6581b538f64233a1de3c212a804c3
:a1a378018b6e2ff76ad1b234a4f889bdbd480b6ceec28466249a219f03e445b3
:4b44a99f9986fd99489298deea8b23d0d061349975b8a71d64052c7869db12cc
:18cd40640cfe313acd22a40334c6b01fed9d0fb46484a8627bc7e239e61d2860
:7bc5270971f8b0950c0a22e33f2925d0b6b7d57e8997af4a3c43425364ee0f05
:18fb9e5f22f161f0a3ece065bd84511738ec2c2bd1402c63b7324fc8442e852e
:777f0a47170fe92d8be7477457dd8030f86269f240aeb28edc3a87a5679f993d
:c94245b0b8c63dab05461cb48bcb574782ed6da6071d29fb22ebd201a887d151
:04a885fac1ac241116bf3f4e116e5f1bced8957c7a51c6711f07597de70e76cc
:2ad320dd0461a3720cff575b63f06d315b9df245f3ec04e0e41e14dd1fdc143b
:238aa9ecf0690c2ec6ddff702ac625cf799c85734e5d5bfd002775541ac895dd
:69162a0f36ef0fff2cbbcbadbe658983e50e359bbc906c68585fdabaab13ec88
:181d9d740b4ee80d46af5a0c2f8ab31ab87c51fe8e43df8a0393d7824e2ceb9d
:216c04983cd4fe91594247116d3cabab7ba3adc58ee1b0bfa7d9cdaca33802ec
:fbaf328137d3cf536a2aae2a95cd09aee42be4134e95e20250c4593e8eddf2ff
:c28279b2e598e644f0666e82c846bdc543bef90b71840b9c1c29408658ed9ad4
:4f8424ec86e048d8d2bc479b941cf9031d9fa14ccea43dff4cc2013bf52f3722
:9a4ed310819f78beb9835f478b8d1a40dc7fb43ea8c62f5d432ce5997be873dc
:615f89e48b207cbde1b0c08ad5b4d2cb4628e51e6a936d7b8d011b45930ae654
:bfee18b82a4c8438ebca0d6d05d91af0f7c331e49db824d3d5388171d620b5a2
:f02a0f9735a082ac66046667cc7c71f3434a1e83f8ef75ab4c5510d9acc422f4
:51f68116c0664cb0b5202ffd420b2ebb4c22b6a1ac76dd6e17456c36d2e98279
:657d276175b36acfd0a5e10a78201141458a6225ecf07afb8c44de54b68dbd54
:906a3ec2d8ffe57331ba34153bc3bc53a08ed47f02e5ba3b395015253c7f1cfd
:68a9970db73872947aeae5570b09863878c4dd4f1bc2a53685dc6c6e861d0c80
:f5b7bbcb45acc7397edad72c02e67fb4bc7ae127436567d070fc0403a67bceb7
:ae303da6d83cbbd9b58bb64d81968e8e4520b3476f898f458b5f021a065d4dab
:f4a2a8b5eff8c3bede2ba787acdd1908fb398406d0429be30502c81fc6127415
:816bbb493cca176333832874e2877cf1c37f4a5ddd8ed33954cc80e69cfd9027
:d0b513741a1cd12e2ee751c671c3ddd9cc559ee2b5aec11e867a045fbe91de16
:91051a5ce259923a265de0904447342364731e4c66a3efac523109799c3d6913
:2cdc18014bfd7f4ee9945dca12ede92edb1aec9d523f372b5933264dfed0fc44
:54f0dcfc9f16354ddfe2855ae3ed3ced6b0982a31544de38dac26882ba3749f1
:8b5d91175dcc53d2d72a5cea5a8cc8b60553f7bca638f45df79dfd3b791599f5
:6b6ac4a6c182857ea9e8cd2c495aeaf8a57d0358fa42d7e200d81d0494f1cdbf
:20cca88ff7a5efc822fd2ad795a7129c8e06847db6b342b67ba2f85c7b5a6e26
:8dd0a638708d87f530eda695c309dc8af380e0f0ee1f14555591b412de955abb
:ee9a807f3b89cb76331bc9c0deea8dfe0bbefd459b2b7ccf74e3be09d0af0e24
:f31081a141237823d7e232c1beb7c53fb8420450a4910224ed4a9dbd07bf8d47
:716e5e08608ed222b29005ecdd3898d378cc956ccf3f197d8349edd80e50785c
:516f189f76dbc3372d74cb743f0baee04d76dbbc18963d2fd0995e5ef6051768
:473d92cd79cdd84f0b3fb9b99d099974b92fa270cad3d7b1c822c5a6c74c81fc
:c8081febd1cd7c69e35e2741d2d8433fbcdc105a149976cc35c28a6fad159aaf
:92296c858c368573d403af5b1aaf4fa1c7c7d1c84be567ac80354e45c637e704
:dce3eb5d82e268ef90df6dc8633129b8ef78ff6df286369a917624fe90b36618
:99f63dae51d8a863868ade03d28c48f831f9cfc3757ac6da55101471561d9e5a
:e5543c50ba361935377d6850dc3caefd99519e36c765c42070e52607afd0395e
:4247cdd58800918421d1792a1b9d24f62934212300febbb1eccc15c13d318165
:1ddf2cd5ed3bcc68fdf7b5af33e8b866d930592e45610d87a460b1a6a6eb7633
:9e4d71d99dee244ceee3c3275bf4460bfab5a592d851655f6add657288bb421a
:0ad0de01f40d39350c1ba87dd51b5eb1410c3f319c1dead066a133005f47119c
:68d8fdb2a7559e558ec6abef4ad7d8a1af9d6fe8e683876a27a69fb02bdbeba7
:a2348f707794e83bcc9d4e6363af94f09fa48c1f667c66938531a661b2d44f0b
:abf9eecbec031e94b341c09da21148425420c52b39491180ace58822082d0d4c
:6e7983ad0060ba895a8684e5ee019cbac7a05ade3015a98d106e1f2be0cca48a
:f68027dfac05fe2a3f2b88ba110bcf34f64321e0335e771e572dc975f5916757
:fb1533c46e46e67f3fd50a51f3369ddc499316f6b4beef26dd5ec37ed36e5a25
:8ccf6a42879dc1a83ed0ba22a74abeff773e632f8505f0bac433785414f02d14
:ec0a68b292a7bea2628ce0448185d229a9a7eecbe10c866d6def7b8bc2d58634
:6faf69a9510db63a42ad232970ce2b93e353e28ccd61af80d822afea3eb4dc09
:9bb155a80a92ae0ca66d3e0cdb8a299767cc4b20635bff3040cb3ac1975c3ca0
:a68bbe8ed2f7cca4ff18e35b35abe3bb697bc3b609ea1060fd82f25898f71505
:c07f341c78a8e045c9f0df154db0ce86a1e5699a1ae34baaa259b148930c641d
:b9c855167ec978e9d808782c794308fa3f209168a619ff0e91e3bba4cb9fd991
:096634e8be3e996f416dd6c13eca432c8a931b1142ca92cf82f4665b0bfda3e4
:6fc0643e4e7774afc1a88a3b7ad44fb4e5892371867a53d8fc7e03af12f44d04
:0077deba0cb82355d2ccb6990a607899f09302c0144caadd05980406f05368e5
:579bb6e646258d2f254486c772b9bb38f176061ff5f8095634e3ac555a20cdf4
:5d1720d8eafe6b12daaa8d53b35c57163012fc7983777fe05331bead7194ba56
:c3507d87287cf251044e396a50a0c98b87e478016909a90e6ab4b00443999662
:72340a9b9a5dce3a6932874e59b4c6bafbf7f2c3fd97a35588fdb60458aeca19
:1868cc1021483afb4dad0f04989e9798bd0758812990b99a420ddc889ab95bdf
:fc31eaf32c671e5e6e4a9bc4af214f2ddd9dff06a1b2431de03a6ec2c1596ccb
:bafd8d4a069ff92c77209a20512f3a7fb31d28b166ead5ae5269b97863a251cb
:59bd1361beea956b04d7570cc0f641b6267fda5a80da16511ec2777ba1e8cf26
:9e0cf74fec5fdd3688462bdb15c4e1a24436fe235181b3f10e8f9d5645f708ee
:3e6c0ac59277c9555a30dcbf778ec1951a4e6b40265912e7763dab715506a8dd
:5c94a0f7ebb3def2e945814f51964cf6a1de193521fbd34d4960abc784a8271c
:5c438bf14dcf1381d570ca3b4ca60c4c63d07b8fc68b8d53079c003574e1b755
:7092cb5708c51a9a57f8aeacbc7ec2cb03ebb90476d54262a28eedf866e1e62b
:299ed4a5d7b70eb75317bbb0c408e37fe8e6aa99609f22960efdc2f67b87336b
:290da35c5d11ca68f398804ef002c492bef013ee1f7ffb1edec70c040fc039bf
:247db3f5c52c8410e8eae830e9a0b10d91f4458d4f2d03ef6f4e87861dfbc35e
:c48dec6795b06b755572f759de957b0160372ccfe33b815aaac681b149d94c25
:653e4dcc1039672f2b0f3c4e07a70e71ce266c68592d28af6242f910bd23e238
:25e22a3a2e0f39a7696cc197399038047cdf17888f7e786a5c5ccb98328c5398
:c2a2eb023709b8418c0cb4d4fe186544d22c8737d966065f3f2d0a20237b283e
:2a7051aaa825e1e01e423d9f0f0b536c83efae1f6648a2d2dd9ac07a23dbbc65
:df54258bf79c7769c71d90e8bca3cbd7bf2fa1d03dc28fd1ee152612cd9e533a
:b6742ac8eba416bb606cae5cdf5b89450e6da6dbe4695b00b90bcbfee0b150fa
:ccc80584cadcee6dff97161d31bf885d31be31be6c63d846841dc5b972c03ab9
:c2c15b7a57f611e8aa82217c60fd69194cb116791b40b78e788d9d52829bed89
:ca0a4ecfac12b273ee9204314ff171c98b5d9770e165cbe829a15d3959651a90
:aaba1f98c9c70dbb15f62dc3f3a73938ea2afaac6bd1ca7d0505d15a539b0b49
:c545d0f4942a71c54462e643e086ce5f0932135b436cf3addf1f96259031b1de
:505660ac2e1610e77b8e83761f72ac3283969f56a1ffe95996a666bbe4b7743a
:5c1370faec660b7913b961ca75ae6a63c8aae268548884050fe209f35677440f
:71affc8dae7961be067c2d27a2df325d51e2395cf5260ea85b60ca0e3bd9b854
:7f99a2473b7fb8ce6638079643a8d97bec46886d97e38f2db9345652f6a42729
:9d55dbedcea4b3c8a021c646a2ac2ca4f08bf2a222353748e1003f8a64115012
:4915122771a34db0f9f3bb5a6d5debcc369316bbce9e01e15371c02847322ed7
:878c6054e90457a13a6fd43bd1bf828cad5b16dc67539315ff908364fbd10b1f
:da94fd2162819f1ebadc088387f22c3591705eb3a3ca26ca697091ba0956bce4
:cd628a6f48ff27b7a68814863562d661d528362a09c5c5b838f0db23b480e9e7
:f26b70887886911c12b52362ed16bf4ce068cbd2914702e4615895ec59fe3521
:5251760af3596906a6804187aa75d61317a7e15e2ea26b530e0a7996a6ffb20f
:5e0886bf745c3d60efe8ddf8a5a4564657d9320a51b93b7a91bf2ba2bfdf60c2
:3f6a07304123308dbc55d1a856eaf08ba8d4d2b2e8f57e2eac48ecad55e1149b
:dfb7c17f8eae1cd3e78b66236cdbd5cf6c247c25643e8a3435068ddeb006f314
:832b2ef49078c9f1191c6228654a0a92f9b25f8a2699349395bbbde3210ce7df
:e378ad6212a23bee973abb41341e5ed855634f34d2a857ee888e1f7f1b57d70e
:49a2817f62542e40581a2face2b6867459631ed8621aacdde939e87cada68c4a
:74b93bc9f05706d71570c5cb00fcae880705dadacaa58b7770040a6956ed4552
:b85c4018632c4e99dc8693dca21d5affeed90a01291f8e210463a019e50ff8a8
:311c62b70e907dafe1bfbf15a0307541a789f62392d19a08a3adf72aa16ddd86
:8f6a4e25622185b1ba8089ab25e25397f448c939286620291d10e93faa638727
:aa447a1fe28c84dc5371f2fd2c466be6da7f35946d5141d3729145f5a41a89c7
:eaa690f8b596963188bda1692db401703178d76b5d98801817ceb17dcd3fb7eb
:d841bd3ea654a8bdf95028375a43d80693ebb0c0871c305225a90c4f2182cc64
:da85519c2984825eb7310b120ef8ee10c5404527799a2d9d0c0a00600d136dbc
:32623736791024a5fa1551a75ce9aec03175b6c7c8078b1972d320d57a1fb3ae
:25ed0fcdc7e2a81b586c81cbbb7cbc32f7b4a19ad4ee9e3391431ad07c13e679
:7f97c131e983b3b8b59be667749e332af7b3f22b5f5f3e2fb25d801ee438905b
:74c979592fb6c9f9ed424bd9c5c934a76cae267bcde75dc0d568a010259db3d5
:5c35112da08d0a4c77b1f4726ec3f6eaa0f0c56a17d74da0927a00cd3162eb2b
:7b89a38377b61203bbaa65b001e9208bf7286c7e183df0e01aff5796fc79a26c
:eebba65241dcbeda0c79c42c68b97836e06d1922f995d8b339959aa9e2014593
:4dfd9841a9c287ed06a788838c357974eb4c68d8b604d1aa3bcb66bf1942ff91
:39343ce3b2928d69fa1b8191d3d4b7da7bae594cfc0e7d41cbfd0f70bc8e3856
:e87debbe92e3fd5f3733b17f6b488d664928fada40ceb2ac2a01e3201eb3be79
:141b313ca31710ed0ab9dd55adbf25acddf4d0545b3377f41a3b0e605567e756
:4182f912c509ac39f75737862eabc822fb088f0ee2bfea6eef2c1cadab484768
:10c49b2073c66a64e5ff459c687f2a4fccd5ceeb7f8084194cf96c3b1758ae9c
:25b52e783256d6106a9e6750d4c4591b4e98e852c4d002652aab98ec73bb1811
:8f8cd486bd372c5c231fd8152b1801243ac317ee73d41d326e1bf5ddfc32b7ab
:b2ef4744ad742a53f352eae66be2e0d851cbe0e0c93a4eb3237fd3946422fee0
:c68a2074f7374b74655e8d83e8c4bbb6424873c0b116415c0b5b73bd0559c746
:af7fac3b2783f2763c26dd9ee29815746970ec0ff8ab92c8552b4701c02b7600
:d1b8734985fca96fc2f96e4d214bb2f13bbe8e882f0b268dd82f014ab239ff20
:c240c619597952c155d5de9dcbfd5a5b06c6d079b5b94c0180db65d8cbe366e9
:f194ef06e05313c2cf7efb53508a2c51971facbb96fb33ff7481ad34c9bf721c
:760ee7e4e82f5784b89b24116c2c8a8be85b5997d16ebb6fba357f089ecf98e4
:09eabd79240d316f611488c2b4bc3b6ac17160a1f7f0dcb4533bfbe15d937bd6
:33b56040cb00ff3b8ce123ecc4866e7835693b7faafc0917fb303e88de8c4785
:3846578c6b56ee8eb80d3cf3cd20bae87afc770228aa93fc7bb7e684afb7b5ef
:9faed8ea220976e6f7596e036ee312dd563e4cd3404a11ce906bed417c9f4f45
:4cbafcef304e05d1db7485617e0e4f2c270d347c2818c19d4de6396e61dd9f09
:a8ba3eb463a4a893313e2777e4ec47fd3ef7af280a4ed58d9a001c6eea89bb8d
:3fc35b912c54dd5213bca455ef9526fa96edf44ba08dc48fb94177b25af5ca39
:33e1a734b4863b7ba3461d0c251e037daf06acbc80ae670f8fbd661738741987
:1845c71a20edca5eae094a61c5c70282e56392759aaabb0da2b86702069c6985
:07527cddf18e8dd1dcb98ad1f1976a6cf0e08f89bcfd609d246f776892ae2288
:1751b49ac6c7d3089158f583f24ff48e93a07a2628eff1b2d57bc62c2b4fe8a8
:edfbaead82530c7bc7290e4fde2e9165a2b469bb3a0efa53db158f4205da5307
:703a6735ee27a93281eec11395cde8fd951742c30e184ce1fc2d02063ccba090
:a4f3ef7a7e31b91bd47c8ab6116e0c5d022256324f351c2c1aab54e8c030cee3
:c98f5c844054db85375da828eb4263e371289951650d10362eb4e142f83b8458
:c9b91b21e6ead8a16808724cdd45d69f0d68bd59df0d862e4b12438be75ba66c
:0e1b770a590c21e2c909e5ae31f49ee780f6096cfc7f22acd7c2bdd623f57b3d
:38e2eb1945fb64eb4551315eda8b5db028eaf843bb99f5b5c550e7e35f545bdf
:ed11a64d40c08ff2b5dadd9038e50f9923f87593d6989997e02c3d468faa430b
:aa20a13acffddea99407077aef0fe960aa342becabd1d9555b7faf715b6500e6
:a0759f117975fb986ead6298ae75d6611a8c80b131115045d2e8ac1517dc93b2
:2cb0b01c989cab3f60bf2adca53b61a5867cec3a63fc2fe95b7e36408882d207
:b4edd9dafbfacd6f4e474d0d5bf485513c91c8fb73af7f1fb00296a5f868eecb
:a5b727dfb354603a00f2c1e149a03867379c64f990aa6f6db8f1115e4b47249f
:e5f8d24383e3837adffe50537e7596664870bf07fbe4889125a6ee0382611b6f
:c2fa8af08d35230bbfa0dd217febbb621913b879d1d6debca8eb29251f606ef6
:23a6e814293d56c84a86c36b80b78ceab16b44729925e227229df0efb642702e
:1eddcee9fbd322ed3613a71701f585e2b885d98c4e7b7b31ce5906e9823c8378
:44706e5ac87f63e5cae2fb9f1f9ee0f0cb2b4fcc338e42b9481d88c0469dbd9a
:be0f179c1f4e26ba9234e8998e387577449df6e3a5bf4e8d1d16ea43f13de72b
:b9106a8094913e2074322efb3eaaaf2f10737053ae228fc94a34769e033abb24
:467ad72ea6588adaa62625423f86f868c2b0f9214d7bd069a2ad2064fdec9941
:aa6114632c736ea9048830af36d99c6bf59f1f9b38f767ab16e074ee4b7a2fb0
:0ec6208a8d37effe4eb2116e61d3bebd3a210fcaa46c70fd936f74f5b7dd3749
:a95e14a2ae7ddf36b39818eeffe171856580c26dc105df89b62c01fb7ff7ad92
:bdfdaeebbc4e5fe1c5f5cb77f994860f21eae3a1bd1724cffc3b63aecf9fa277
:f6d35514b3ba90200598b89505054ac7cd0b6efa2900710c64dd7ed8eca11936
:e7fccc444d24d5a3578e4e582a6b4de30348dd20d05b1d564136a27ce5a40431
:1e548b663acbd8b1b5ecd3c63b186de52c4c1bb7365c05cdb05f18b232c46026
:bc701b430b8178a9eb99c35168e5c14e4184b35cafd81cd3b3f4a44afa865b1a
:ebf6c3cab82945b6c75144ee29db59c8048790126773d142cfcc52c97df8d9d9
:5904924bffb62b4193eba4167f95de5bba8cf22f012a9797968dfae84fcf5fb2
:c40ed1b8f67b45f631d4cdcb93bac22ac2c833c57c8e5d77b0e3c1090f8a64ee
:8c0675de6bf5fccc4e166cad43afc956524f253380efbdce49c62ee0089d8c14
:e041cfb297cde194ee62a1b622d63e37cdbb7c0c3d9dd423991552a6ddab659b
:9a3e4532cf679d06c90cfaaa1a75e48a602f46b2acd9878f65bc3a6b06c578cf
:444113021a6966b822092f467bb734c36e47b9b770ed52691a20134afd78a52e
:a4561fe6159a27762e33e3e0352cefdb1189d7fd22fabac334cf180bb42d8396
:3958347b0db41b43b9740c8b616bebeef2b9d881ad2c9ad38a4beae4013123e9
:cb0f5a530a5486bb1f419d2f253de26b048a25e822e6165c9d089295e6407f01
:7bc18a1e1987158958964bebfd372fb001d0004d002359f707a5476cd2214374
:c1fe70ce72cf6580a348a9e228d17f12f7fee55574292d697b9c760a9bfe98d3
:fc333d808c1f4c16c41980a3cd322f0ac35b0ee708650fdd9e0174ba35c5d014
:0f6f9ed972f4fb593824a2ebf7cb7c7fe99dce9c44a4a23e45cbd56c69b549a6
:f9d2c198409ca7668baea12989347ae5240d3f97136659b51b387320335c59cf
:a880386ee6dfc2a20a321daa4634d23fe101caf755f2c65ba59756ad3250c550
:4e4ea6dc93a61ce04ec1161b11917bfe2b039bdeee2f1c411789c690e2af3e18
:b68c316d65ce8a3a1aa44d74b6e643f4dc76fa6e42db7e5c8602e67183f07f50
:7bcb8e888ee63ba75d9565ccff46a6927fdf92a3f40b3430b4867af88082e77c
:9b0649dc23be9f3e267382bc00e42af3170756973b2a7f78c11bdb2a5d717f01
:56f66fdbfc48be019f24e4fa68d0f656555c06b74b98c715c6e06b9aff933844
:941a7d67670580493199305cd064239679f19225b3ab2d3e020f7a1fd05585d4
:501fcc07ace540c51a5d4ad46d50195c8d46338608ddfb0386b0b03aad3a1c27
:89e357ccd0cc6d5fac5494982b76c4937481f8b976d3dac3939cc92b0e6609c9
:64494b983218017d5831d5537e6664e1f8f52dbb216c675ee364c43f0ef4135f
:82db85a6a4a4c5ea6c448908392ddf35a42f8ee18b6eca1c509d46ef2fc96212
:5541cb577275c5bd79cfab014a439b8c51c17e0ba6c16945294ee94140ff6633
:85f573d0cfa4b04ecc22798e763c8c6278ac93234a1c60f45e7f25f92e7c2ac9
:cc692debef8373428d0d6de416e2bd267d28730128be58302b48487413f344c1
:d7101dce107083f5a333b5a14779cdfecdfd4b5deb032382c0d5149fe11726f5
:8a36a9029779e101e57312fbcd2e16e18833f8f1d4062d2257b5bb7f5b91e4ce
:28f99f90db704709657787472471ba6d5f13de537a5d6e222bd0631f526d5793
:554a5862a357153b6b3fb9e9e1891f2dcecfcf6467ceece1001f6bec7a86f886
:524ccb64d2dd33f742404c57f7181452fc175b65e87a49b7a34fa654380b4c18
:af391f1ae655b4843b257c54286a786bcb0b654ce48e327f96fa2f4a83e18884
:0b20e27041e35e27866d1fb35b9adea603971d5ee6b3be3df6bc8df87d269e5b
:a65fcca53578d855bc552b7997b47ab142412a4469d003876ea34e9a36cb0e8f
:f469254516e338508fa2048f5dd9a51e40d2a0f0890b37bf5a9fceb241f99f63
:61e02924b4414a0577235b0bcc8ac58f0a5c307c9c499e77c5b616f152bcdc05
:20a376b6093543a9fd501c56a1bf6099498e6c9c6a4783ab4f2e08eae45765d2
:1c2be1c6dcbb3b083fedd4e24cacaaba0e6eaf83fd0872cf9f4ca010a711e3e5
:fb9504a220e465e4f77efc0f5bc9a4ebf2063ae37bc975bd4393ebfbc81f1ac0
:06e44caf053fd20fc3b51bfe5ab98d6ce8f5cad8269742f33fe2d06426a18f51
:9c832c6e5a0dd166c73a5d2e083b73af4e04d54db58e93e2722278d2cc612b13
:21d8aecbf8d80deda93b778b86c43d1f66fb1ae6cd7e8222dfafec8f5bbdf1a4
:2b79973bc7c52b957014c84b4d786071bd63bfa81af02c1ca4074f841b1e14c0
:02217de0cdca91f8b9c52e4f67a6f9deedd26b1d9975c789b7113b2fa5fa8c5a
:331c01699ecb5a704ea1b417c77398d4170fe729a686cca1be9b67f765744396
:c40aaabeb467d42854a674f2f7ba7e981d0f47e43b99266b7b64da5c89e0f9ca
:a9add85486da6668d9935aef5f8d985e091757cceab6237a5f5a28b525097012
:737e195471daf80966b57b87ce111f662e830cab716e765226b0055616e4c799
:c71838f1539f81276e531896e1a9cb61b25fc5248f0c96e5be61bc509c8c6a69
:bb7e6ec8858230346165b132b3b3e4df4903eb2f9f7adb05301536e835eceadc
:5e40d4cd988d7c8fbf16736bbaf96ff3a6668061a6c45aa8bf44598a77e89d11
:d619fa4ca594e7d36beb54279596ccdda29b17e0d1cfb31213f7a372dd01285f
:aa14d91b87dbf3d0bf546651ff1fd3327f0a03f6117fc208d8ea0ee2a1d53c39
:d99e9381002c9ee586c12f7ba18d919db05c17190086eb639d8351a2f014688e
:f06243c7ff8bfa673e8900e7eda869d7111e00f9febc187a5b5b91452e998e13
:07b2afdce93f0953dfcc251f1d2c7f55988fc6ef3850faae5b680d69b1d27d7d
:03787a2749c7a35c0f9de09ab4606bab2d124fff3df36ed852fa848491030e89
:45aa5269b876699ac7b60b7786fab4ee2cbfd67d6de2555b9e0ef82eaf97f098
:0a5afd144da1587b20236391dd46b5dbbae421070700bbdb7e2b562b7493e38b
:8a7de8502df91096263c148c0fac7ba850845a40d950f2983789d794bb324212
:4bb14dee29b326ad279ec380aa241d540e5ba10996733f20e222077729815a95
:7964d160dfc6327bb608daf1d5ed44087ca1e803710db99d01369789282fd857
:f3a462d7b5833af02dda42c38ad3fbe96059decbb47d2c4e7d92ebc6e0155b57
:f222ebb38bb9b6b10a82296eb9d5fd78fe5ca9b93e61ac0b5b9962ce6c8fda6c
:5f9ac00c637e503e825e675f7be53c25fb79bc5642ca83ee9e1ca3bcb1836a13
:32db483820936a8671756ff1e12a1d6c20337127600145ea8e577b57536634de
:2c0313f40505dc2d3d5bdbf1fb276d5ac5455bdc128c175da255609fb738d944
:119c09f7766718e901205c0b4154f362fcb9ba64d8e4c8f7e7b8ca9f2952ba7a
:39f24bc0e6f7cc524f989264ceba051bed433109acef7240082830b823d9d047
:4e21f8f804c47eb4cd2d3967973397af639735cd547cc9453f4a171230e5f64b
:20f2c8363ede4757657f5d8d85d2c5c51bd3ea5a4f1494fc600f866ee21b12cc
:06b495e3d42e485ec775701c954a78dc19c9cc11f0e7c1bac15cd6e47a73daf9
:1d30f1a9d251d03d488b3a9c9e9997a82c00701fb923f01e0ae3a9cdceb77ce5
:0395f80cd3e57d430e9f7a7e2221bf9889f5df19fa64fa909c0593b4eed17dff
:a084193a4e12153919a9e7f6f13ad7eb467cd41f1728eebc07d07cee78184ab4
:14b7978ab0db622760dc6f0e0fb727d4d505e02d08046576a3900e8ffa3da9db
:b563730e02f2f6d2305442ce18e2b2a9cb8352d4079a97d0eb8fc57b4c3af90d
:7b82ff91c3755acac5ff070091afa0a5d036c32063c4b8a7d50a5e76a0c9d131
:a33e28f632379fb85cebf260b037d6850d8b341b580aa500a46f96d3550cb257
:3728ae82cbdd491dc430dcc171593945cccab9419de5b086ac5edf628188aece
:b204a7a15c7c90d623c58a25421ecd2279d8b10dfae076d304ef3c98111b4035
:9fd664ade02c23745007e0840b6f2a58e6cfaabe5835c77b1bd38f2454a7f5ea
:e5a6c2f3014e66502c6fb3b4b034d9f44c68cb1bdc2b464084c21574be08aa91
:d5c7b3e543c4fae548f7d857881b018fb949fe6781f56439e3a29ebc3542c7ad
:dbe6baab91f16f8c4aebb369b5e3bfcfbe5a71612c0828d40d75d817d34150c0
:0290b8fb76cf5833a65100e82f9bf4e16734fce91d633abd851b3df3dc7581e9
:8ad3115e36d9b73df80c435b9a53c7914235cf849f653721c46796cfd2ef11f1
:976aa4ee473f9395c2851dc651032eb585e0d9b839e53b1938e33669c21a81b7
:0d419445dc854e6001cbf2dae50f78d52bdff4d120ae39280f4f25828d0bd7e4
:4b768a3198b5ad2f5158abb9b4a67f7c9b041570e4b742db16a8ab06dbc112b3
:f902a1c30ebbf67bd8ca529aeec90db3c0ee3c6af1a5cafbcc25c5372898f61a
:0bf5dcffc13237cc110db32b24c02c7f32f834aed2aa313fb0eff73fcf00cfb5
:bbdb5d494c221fe29a6ac6632aaa7e831c76bdd35db276ebdde41f3592591ef3
:369880da3f1ae5de440e5104e69ab73f0d35e08fc9b461aeb4a1b38616c5b45b
:1b80d1b410b72b5b21c99dc829604e43f0f3c1e4864c60bd755e151a7d4a63ec
:72e592da174d53f0f343af92dab2274e599fd434fcb2b4bf720183cc14701e94
:96e306d0926384449dea0ce370b41a762e8888b9c79ee63def4bf861a1b1c14f
:0c44ba1310385e26021a51ea788495a6dce4c3a94c6ac3f790bf72b4671c42e2
:1d2878edc3ad7355cf282eeb0aff41637ca2eb59af95c8b8e2d4b33b379d6c36
:e165ef1b941a64af2e7d4882e8aef9c974dfbf47caa6944c03a307379948d263
:593deb7a2d06724b0e9ebc20c0c80c0a16f91913d45957fc2da73199cc1025bb
:fa40ae08297fd1e000c10bfa22bdaa4aefccbe0645b13073bfe5540fd946f89a
:e71ca4ca687687c29e125d5323923dea3eb798a4c6e65df98e0df0fceb07813e
:d04b25bd0228dc2b824a76114440696881247d0728e5cc4e6840a71a9fcadc67
:64541d28468872b2b08f2a87bac927b9a3dea1a6b8e53ac4f9685d314dc6952c
:5dcda7e41aaec076891c97bdcc45eb59542cd7cbcb52f2f16bfc3a6135474e83
:2c3457da9d8061f6d9be3a952cf87f10b455fe1b08921aaa4a5eaf3f9e0b1209
:2e241985839bb3b029be0b6a0e5bad5cc300d64297243122a143bd433198f139
:fac840384ebb31afd905b93d71b5e12e6e72c749c8c2ca10a18e679266b30989
:baf09f225e85da185da22d032b4d8bcfde6bfd735e356bac8a64e0f0b92bcf5c
:40d065fcf906448be0a7fb7e804579929e523e103b752db01b9e5f3f3337f667
:5da6938712aa2b3336456535525d34031942215aec7a1edebfac42218665015e
:bf7838a8db9bfe34a4e58bfc877c9d1ee1a3f0ae1cd0fef82d9cecdd59e31942
:f6ef65504aa7bdb66d9eadb54f7ddd63c17765d5d9d857a8d6f58ad47bb910db
:d29a0a3740f6ac07ce504281693d3293e5d22f1ee75063c026d5baa021919f1a
:47b3cb7239dce51f379f388b04c3b1559eba114162b84780c31dd597a13668c6
:3e991263dda7d28d8fa504ec9d25b7d45912e45de07165b23ba99e239abc22b2
:e3d144621a6f1be6c2b891b93bf1f765b23f70324514cd1236a8ef8fbbace8b6
:5f655f3d0cb3ad191a5e78b4e6e6d2f39a48735eb2a3d24cababe87c65cf46a3
:0bc972ccb453e5406ccffd27e49a941a4b46b7a9fed50afbc9f94b37401e361d
:745b26aad07e2e1d8dcd7372dac6702ad799e7235286653d89223dee259cb476
:902d97dd01638f0f5e17998bae4097b9acdbfc76ac78e445540e611a4afb8ac5
:8ef2a55388856fea37484004cb205a32898c5f2d899e2beb2c7f2e02537af31e
:0e7d0c3cd6627ea62e0214ecbf5e0646fe790d4c7ea1ecdcbd2e88ed9cae1b5d
:2b09c066f9f7ad377e8a33420269e1cb1b937e8585aebb091a3c1d01e866a8ed
:9d2b40b1fa44c9d97d6e7ee534b3041f52895da7910860bf0c45002fee2bbd5a
:c31c63fe137e010988dbe1ec495211ed3b1103944365ee0ade353a9414cdda6d
:9c170b8e2a06704173a2061aeaed08bd89eb158042911e4fd01388f14d0893f5
:0f2bb0935dbf9d6b1fcc56f9424f00392b599a54ddcdfa118f0788318509639c
:13c14fa7d255470b7fdfabba99ca60cb2e4d4936c299ed5f68983daa9442f6be
:8c4ce4b1a96641071204fc53d4001b6588ed70f6c80f14cb430a13e617ac7744
:f56ced2cc56644378589f1b7cc68594fb3f16819a044398ec6e80918dee1b894
:5dbabd6f2a266c9362fd57d728ef69d84c8c38b1c8c052d88c0babd883159707
:d8ee42ab789ce131b347d250a0c4ecb0f86c6a354b159df8f745d1be18a72abc
:994a1e1d97c55f9ba8cf37427d0dfb96a7700a3141f51e7575232d77cc370a1c
:18ee5da89ffcee223f07c323b9ca43d146c9481054423062b4b402ce5335ea89
:7d1b571b260e8b4d1937c9537be84fe4734046ecf76749d7f7e614068bb87d2f
:fb1006d11c2be86df20463cc38ab0e4b54b6b203076ab0030fe7dd22b2059629
:202d790da644853828cf7ca27c0f0318fa277a1fe3410460289e265cff88c361
:df7ffe5b7eeaf066856ae8b5e05ac3524ee476e9cd72fc6a31e5699dc616e0fa
:51e2951bdf7504a543fc2caa52291146b813bdcbe262b9d38dc2437b434ba0e2
:0e7b5c0f3a99ac60b03ef1ec30f4fbac98d520d1a040144d6f6d8229c5a62495
:b34d1773650458e889adac28b996dedc5e278248b919594f68270aa8a09aaa82
:9c8159a86e69411847352619a71bb63a01851d40d531ea22bcab8da54c89dd69
:94c96569c72d819d581a691128f16ab90fd49dfb7235420ef8870b586634feb6
:3f9b55d19b69f3a6cff4fa347fbc2dcac52e55eab19a7f41a2484dd255ce51a3
:5d622885785e900166d5243a741a552306597163a6e79a2a0aae641834f46fc0
:1863f61128c67d9999d846dbdf8b08599464f309c234b23c3dcad2f0c09b61b6
:1b6f9b88cd4f9b61c0f7954b5cb4587012a699996837e6c8da883ab7d3839991
:c56316bb33b22505f6c9c6511fe66612d79edae52bc42a12fb6738fe3e883ab8
:2cb9cb63711b4895af0aa31a3ef42010cf4e4480c2e29c5ef15092a4e9a6a344
:369e11d18e9da422111041594d1cbb784498ec31a23f5a6fde5179078b331dfe
:13f66136785e85751a7b8e524843e4c82ef1a70e73bc68ef2e56fe1aceba2ea7
:b957e74d576d6f158cea99b4beb5ac3b67cfb87e977275046ae1622880a7c245
:63259e721db58461a961f513bf947485b27bd2b73daa2c55cebae87428375cfa
:7eaf000ab2a14751e832e0faa98711a5b1a60fdf484863031c2d5455df433766
:6c5cd7f9b1b1f8a8f4a5f852c89dbbcdac05c65be699ddb88d28b1f98b4f67f1
:240b78a0b768c3e2b5568267f445cea4b408723a4b256b3bebd8f0a404888e78
:eb192e3ced60c06f5b7708d2816836b3363f62abf9a5291845f9aa6637329a1a
:71678621ecacce1e10418ea845ee5ced0ad49401ecae4eb28b80f0844d7d4af3
:bfca36fd618c62ab0722ff5e7293ff07b6f39974eafce5b7f70efed8713ee41d
:407585b313c12ad84523807944f5736632aa7750744279dd28c4a7f113dc05cb
:3390829f08f9c1d82b6271ac0505482988f44151b716257778374211aa36c95e
:92c6540cfebfb391cb64448208aa07bca9f9fd008187d420c174886e6bf77568
:3ae083b9078749588bfba703a264fa86a3144a21450f0d07e22fa39532ae0639
:c4c1f52f024d37b7a1ae69b3d54ab2dd50e83b6edd70feb4917e3e0df78445ff
:2a35dfbdf6402e8d433d9d6a362937fb381d1974e9b816e9bb4ae6e422b423ad
:452a458b97cb9b2d5e26fea849e5844cdf48dfcc318f297a1bbc2e629bfeecca
:2dc5b14c7274485252efb4d495d2c7b080bad9dea8c004bfb205091f8a267abd
:7646d5f3fce2a8537f2aa13be035ca8c55e3a224b89a92c2db710db73770fb35
:88404a71b85a4faaf4c3085b49d65e6d40345b2cc926b335c8cb1c15aa5000ef
:3729e1bbeaafa04640c22b04acd1a9bb300668ce3ba508143a766fac41062827
:16eda57c8df70cb7bc5d64c3d9a287b0a2bf212adfbf261661f2e02192b51a64
:1809ff720cf592fabce05b249d435023d03464c30cfc5eae53905d661ce4cf09
:b26a146f48ba242a20ba2cd65f32b908cd491524119ebc059d5a7ba03ca9ea15
:be1cb7c5fb07ab130a41f6ba4166cb020cab4b65a44240e44ec249e38169302e
:0031ef34863bbd94a64248bfed118b58e8c1c77004ab70358b412e3e608b0d61
:a0bc81311edcd7f7307a16db4633b827299471b5bf0912f540371f2ecd417730
:2dd59313389fe1de3080c9ff85ae98dc0c7df466fafe02055a34def25f7c63b3
:a5748356c0d6268476dbb1704838fda573f05530e8409c6bed10c177c640b0a2
:4f54faaac9566b4c9ea4d3148905ca3d2aaee434da24edd0518c5b96b50ec3ac
:a723ec0f58690b411a3c032d2ea83b9cefd525eb224b57e8b5348ab195e9c0a0
:e94b31ea69095fe8918ea155de22440297e94f932d7c4363ade27241d78893b6
:43d36317f9cccfda3adb77a08539f80c9664b8b204382d25d9e294c96aa39f7a
:9359669e4a96f30f581b1fcb8e4dc43dbfd29e0cfea07f2587533156ed0d47f2
:df894f12446187eeae2b1dafa8d329db33d0f8cd37625524f80d57d02cef2a1f
:695b72b99ab764891dd830708937dae2c29d7ec01dc39d1c986aab1a980b6b94
:dde4cf645985379d2baf912b5f0d8280d883ea09e22688c76d36fccb4eff6e76
:63334310a012fe35f7ac49936a1dd9bf145bdc990180aa0ed7eaa7e869127d7e
:b0cb182de82641178da35ca795b5f2d0100e6a110127d7bd3eca8acbb48728a5
:ec1e0b225c3848b6366fb091f13f9ff6cc479c42c19f506fa1407930f409138e
:f90896e5ac8ee042a6d275cf2baa7f43ceee8d19a7efb600aeb8def0931494f4
:1dc4bcefebad546bb03d833daf7d3768731edfcacdfbe46ae01281594e455dc5
:3cfe2307ef38b8814528069f49fca42fae95ad8ab0b545abba9fea3be534f81a
:4795f4f0a537e461178c9cca3fd761f31f588da6b3b41c937b8505fb75961dcc
:67ab7cc1dbe2c53517252cf01ec97ee5c06179cf32d1d677e4657b96120a9009
:a577981043dcd0741d7214d76a84abe1997dac17a7dfb838f64c56e66b105d75
:9aa9a48d3e2b9fcecdc097ea65cdc848bc751cd9235ff86150b6223799507ce8
:7c8117dd7944e59071b5dfbb70d9bbac8f1b83417e804cd06b99422de9127271
:49d465bd9559c92176feb881edc698992cc48e3e810a2e759a642d55c6f65f17
:5294f7befcd8aa0afa63814b53fe6b8763f658c9cad3779569d60598b2f82290
:7da6c882bf0dee6105afc6861b720f98b2648103f3c0b1ec4b54b3503b947b29
:1106b22638fd60585fd9dd0ef0319223546c950ecc4180af108dc2ffb325f49c
:45980d5e8e12c6819a7812ebac17270d17e110ebac1ff83aa11f51a464b92871
:1d54aec9a4d0a88ef7d174d6c28eeaad18cf6640cff34d43e770e059e81e997b
:481ae3c115e4d8c478981583ca4af6cd22aff6951208c4169a8def3767ca1a6d
:912bab26c38da28e939538c4447555b361d1b515c9ff0c994a58b973dcd4ccd1
:1d9f83823d86e561ce9c542298eb756a78cfed5cb1b267e8783a59f190d8fd6e
:a36e6777e882964c4cd79b8bf5e3a881d51e3b6119d218dfecbeb4540d8bd606
:6362051bb67ce6eabc88ae6a670da5e1b6fd571e189555db3a192cbca47bb9af
:411a4b1e0b5554328d17439ccd8d2b07ce164e650e60826c5b0747676d97434c
:cd2638dbe567186f5954fb6d7ac5088fd84f979315a9f0f635a69d286de08d96
:4ec7e04730a9d40190b7c0b537501a9eb49a97a7333fab94ca41187340357233
:14550a8478cd0e2548718f6fc65e52e3be36e2c07559f9d26b0b4af10e1c41ec
:cf39a77098d5bf74e63e10a7dcac8658efdea7bdca17369661121bcafecea2f9
:26597e0117ce31a7f077d92f7b77de7e27f472e20dba0b6ebb756413d1c6c1d9
:0501c614915284cee82f0a3842a13b777482df31eca66a002cc178f0f0c8ffe4
:8bf1233d937a8efab7b6cc6300a62469dd03807d218bf29dbae42e42dba7e52e
:8a772d654e3e1b43489bc7037321c3cbc48c64f0f18ea24b85abfa9583231c35
:1b9b2ff1132c17a1941a2e2eac8c4ca3ae0903bfbd6b518a458f1c6d99f425ca
:8d5fce352a03500d9ac1f9c74edf6027356348840c2eb7d18ec310d14d564a5c
:51799402f57108daf01f963f402b7e779648bb376e44f1dd4884d0517eefad23
:af9d58db36e9e101645bc9c9c4d418f0e495e1a369b049a4b21781875d4c033e
:7701eec9544fe618536f5358ee15b880aef9e945f92c0ca617fbbb1383d72733
:5b37a00c12ace1ef3816214552a46e48521850fa4aabcfebd86963ce8fc11556
:630279698675c69e8ec34b22815c8c7ce8abde2f7386ff525a00cc88ac5d95c6
:485f582dd9f8e770ae7581f523cfe207431240d1f11e30c9e055727658e36bd6
:723aa9af820dfada5c74b709c3f7e374ab95f4dd80b756b5ff709ee04b9e750c
:3fa20bec459f4d59899bcf1c83b09e979d4505eff180905567a0445e5aa87d5a
:fc0e2b9f1fb04fb3851e2058b635aa74b8c0a290545039f0de7ca3e9d43242c7
:7014aae4d31fb7fd3b9c2334eb0a0a82afec535788eaf830da29bc3978ad6c90
:8560cb8ef0c5157279d55e28f5f8cff3a57b874fe2d11eab32c464beba37ff05
:703a99fce8ac8fa2e15c3c17eff9a3b84ad801f9a615505159046a46db97aa43
:a8e7f9757993d15db2eb867aa8a65de2f9f0269ae8b137523dc5750a0b2132bf
:fdb7633ce3868fae2ea0a91c3e6ad9f1873ee3389cab91bb0af930e7f68ae362
:b878c367ed1b258a6af66a728264c377d96a8938ce673843e64445e557762bdd
:343320baf126e585a872ee6d68b164bf6bf7abdf0f193307353830a916b71dfe
:72597ecd64b68807dd0de356334c7208226524bc1a33233ac134c1f1e496b2ec
:d89ac089a99dcf7fb51c22c311cdd8f2a62081c50f65a53c97714f57e82e721d
:7ac8aeedd84709995b9dd27b2824bec4375a4a4eb6ee887206855d5632c75ee8
:a4961be99c1edacf77c8484e32306c1b7e43559e0a666edcc14069a7b821900c
:467e22aa50343853fcdaac61d571799b10e63a43c8b24a4215a4c6e689750cc9
:0c3e707c68c001bfa4538bf57cb684dc7da0416aee67bad8ef73046fbd792930
:7e29df89d044069d88d6dcd2687ae85967b739053a63c1667a832f528501d8a4
:dee314bf3410c113630514cc8d1e0653c51e4c3f2064c83410bf55e56ca1036b
:8594c11680754aa482922deba6629651794764f3fbc5b05a04b3abd0f2180b45
:1e6e267c16b3695fa23418d7f75f4de9bb20ca18cc9c7a0e1d45cb1d9a478cbf
:78595b96d18a0f4bfef968ca6790cfd0978863595eacd45e75acfdc9677570d4
:c0430b30aa8fdfd4c48aed663728c4a4cd9887aba4cab4d79042a4865928a97f
:c4974b9902daa2c3c02343e58af14ef36e3b2715fbbefb53f07280879b07f772
:1195ae36f3c8b62517ffdbe7d9b3dcccc2fe24ffb5ad2543ba77c7db1438c5a8
:286c9dec5f0224ee338619887dc40c2481400369ecb42289fe773b1b3f55d956
:acc16862a78a01e999733e933317ff6f88af756ffa118da0921baed4aeac0487
:9f20493f4f7f08be08fd83bf858eba07815616b889b6d604a1a838bd2fb08b37
:5d89edd531793b14afccb56088008f721133b18ef492618f0714ab449d09516f
:90d31840de27b4dc6aa82d30167c4b670b1f4e9e199309aa8e30fd014ac52137
:ea7db46e6b793453fd76662619be642ee1da1804d2d6212edfd7fe04df466d56
:f0bb0c44cf7c060595ab68eed3e5797ec1a86beb059ef315be48f0e0b99f6a07
:b06f87be278706b24bcf513e1abbf155e48efc53e3975a5b3988fd383ea60ab4
:2fa9bc97a34bd3cc3803447495e3656d11e1907a1562a234c3516079b6df4e46
:fca60e889c2e80ab7b00339403b960c30c6c5d75ade24fbc576e639e0e52f29d
:3940de3a289c21aca9e12170710fce3da404eacf19c613074c5dffa5d051a8bd
:5fbcf8930b9db39799c5cb2637a6d3b349f4b815458cb92e4c76049bf3e742ae
:0221edba0c9dc8e4073796d75ce8074599af98abf2e47307ca168bc2bfba079c
:30b5ae5df3ad39b6a2386683eed8accd52a4ca233941f2c73721fb384ed5d722
:82e9724088fa33a6f2e75c8fa9f1a661283d6eb0b842486b7db3c4c8fc07f074
:0c881b7e26d08daff4acc8a57b66b977e375a7d75ab2fb121c9be323db40aed3
:58af6d7b7cfd133fd29c8a13fca53cee15b34fc3b173c49f5e2a6c17b4dea83c
:17ca2ec03f862749162b86bca7146a2fe10ea83244dd21af4c38105fe67cf97b
:1bd519e2757a9dbdaa910f0bb7bfb279b264f8603b4aec7d4243f8fb966277a6
:614f9b62d1a6af76ca77ae7ccabcbf352b4a8bf79010e1749f296de4a45cca14
:13138bd3edb47ecbcc13ab8a6185c61949277fcf59614d5c300b66a6b032de3e
:f68f6e16dbeda88d39334a4b3a30b0c40c39ebf1f83029f00a77c805d1b55263
:f73fa72a8e68a84d91a47856adafdf40e35f342b521a4e9c70bf67c756cdd4be
:ef016080fc1cda07895a7df0c64f1b8aab340ab8d739b8892ae890fb444fc1c0
:3f21b7365686f2a9fca9ee259027418d95ec6ddc98d1f8dc503b8b3130d0b528
:f0a6ae05e716ab8d5dff64339586864dc5a3c23ecd02d2d7c5bebddce69a304d
:d9df0f40e61fb76e497bd21edbb096633022f823024f75da51330b3b0259f5f2
:4df81ffa3d6e763672b679ba0c69156fd99044da4fc2f7c0ef2a0fe513bf8b96
:bb180d7b624572479d653e9927445ba51229b969442340a64b52000eb0439a02
:98db6499da5df8d6d630ad4c3b4e6f7bd2dd962d5cea05e4e4991c7295b1fbac
:80c905b8c9583ed97ff077bf2b78714858e4b6cd435d02beb0d800f37ecc3218
:6e88e33d74fed84b9d053faf38965a04d02b07e4cdd8326ca0ee14ca90cfddf0
:7449b1d9be15d0f8d1ba35adf3b2bd0a430faf265c1ca46bec7d3e693ba771e5
:bbce76541c24161c3e17d1a80367633d44cff5f1b94f7d4b649a2add7ed1133e
:4fd517671ed6623c7eee21e54cbe6bb2f77ccd9f062544840670f169df827ef2
:fb4e09c1cf07dbb42712e12a3db9e5b7ce586800608accb193ad466c9941ee5b
:96338af1556a7dff9ff6211ae783cb8ddf62963441f14fadb24cfff525360991
:70a5b311f29a30d9f0a73368d50ad5affcad0769a67e083594e1299c54560b46
:0bf159ec79eb6326d7f3d2c9c37bab39be1bc31073bec246276329d41a84e5b2
:777a9b7348da039a7af6d7a118355e72e024bb2068202ea51bd2cc1516912f7c
:c8cab3de430108989801accc67056ca8b4f92438834663e9c9b3e940eb875a16
:53dc9c63e56f6cca7086dfd9e2bb68d94b02e0742b61a009d15361c969627e1e
:3acd45c7ae62f6fa89bd6fb2f7ddf3ec56a7ebf6427e4f41a01311cee6818450
:dbec630867f3e9f7fb935c9ae5acc490c2e6b75cbf801ac8affb46e87ce3e56e
:09557ccca7a5a4956ba67e495a7921252427b7d2197601f0899c0c5a4ad75f6c
:f41475e9f6bae0f91f369b1062b85f83d1918313d33b885ca3fd3937a6baaff2
:71a4be5cdf914c2fcd213461ca408a52d2218e12df150a09c60c1d3ced9805ff
:eb737a63f86b8b9689549970db7a8c372eef30d94abf7e36a0118fb6e305b866
:cef201dc6e1df95d269dab934de0ab75af414ce8a6f578c5046c01356c954eef
:887b7202bd4f1d6d918268b5075e50825ebe3d9c3479ae620cf15d853f3a4a23
:3afd33c78bb9d0c8a3693d5b69a6556e8f0f5ff9c0fca4d52b92f2b6bf85ae77
:83ea359ba214879f1db541b86e11ff36ffe86e439d39cbe18941c0695182dd2b
:12497a8ac897cdbcea61d9742881f08e59828cd6b063cf219dcce6da3092d2f4
:37c72a7f6df5879b3325c77a3f22e335f34f7a1d6c6112cec12ef20629bbf3be
:4506b7952013a279531a167da5ccc8ae4410fbbd706e87c01de558220423073b
:b6021984365612b5e399a1f419d050db4bc03b1c82569bcaeff50386f09364c6
:198e5b3d68f4834222093e03c2af001c86980620a6738522f4ef899b941712f9
:54eb3d6557fd667debcb84fedcd05743d766958cfbc6c122d9012c5ff10e3a30
:64a0d82eb3a04da8321a1dd3672101fa2ee62fb0fb2378e2dfcb8796284c2f06
:388ab2b5c0a774271c2f1a07cec178b4acd7f5f1d8ce193cdada6f31613c3f41
:ba8ea97bc3dfb1915f9f67959d2a5397ef818f26079a3e87a78c853e0b5e265f
:059126230c599c2f76af69ab1c13e9360d6e0b3f82bf477fb669ca5c2ddd4345
:0dbc8aa0497d54f8490d2d2a67e1c028413186616a71c3f6d5bd2efc075e9f97
:285ef47079f63d561e066c540fc23901d4ae616c8a201c33cf402befc63f133a
:b43cb0d09c665c39ee2d87e03b9c1012958f50ad679c0371523f24549349ffb8
:1b2f5142b0a53e506cdcfeac6d4e69d742bbd8af78a8e8de2688de285e7044d9
:46e1a2963690cd4656bac6e090d7632faa88849a4bf846689d19be15dc598d69
:67b26602cbbabdd81ff7740e75778d6d55f15199c63ded17b47c9ffb7194be8b
:f23491c314a43413ea750c02f54b70b69caf7e6691e0def8146fd39d5b2933b9
:e358c2f5e425a7ed928425104825d3acf1a81d168518340c58bfb8d3343e8aac
:348f9fdf17afcc3ec0087a91246d33af9879fa5d65345f92763cb7d4a4a19616
:3cae8531cb6bc8ce2da583f69bf4953b97f4f7a43fddf3bfc165ae75b6dddafd
:ea46fc7f0f7435ea590a74ccfe781cf219e20fb20a2fb75cea5020d673e441c3
:3699b79c0578a9717f6c7e6f317a37961b2fccdc930adf2ba6662cfb62b7ff34
:15bf87c34c7adca8a7561f093a58703407d0e9912dd94bea3c3483327cff899e
:f2f3e0329e8ce5e6a1090eef3357c40a73345c936831b24b3fd697a366d775ff
:43d86999b4f978ed4fd0ea902654bd7558c3687bb71371d08abc991fdcb53f86
:6aef59c63f2294574a6ddcb5dd38e40abfaf0537efde4b76e6caac3694922591
:549fb856b4b4c54ad7f2cf4be9f323d88e111c09a9c7e233ae3916077809184e
:f5163e607e6e78c547cd9d493dabb276f7501340f7de3d3f78d9609d01bf3eca
:c1437596e8252e3c49fdbad965a0c7ba6feab2df7d89bdb1626a39eda8292d0c
:c8a7374dfcd861366ea34333fd3af203501d369f1dc319e9df8a7ff8b30e6d34
:48557ba0698f7ed173100b4de2b9666b0ddf5b1f7b8e921ab65c971aef883ab2
:926b627448beec214fbbb2a807094f3cbea690b38d26b66c6c3006d53d767951
:f51ffa5e1a13e7b947a41d29eaa9b17ff2ad2d735ad89ba9a44b68ba66305660
:8570d466970d7a6c1bf7144c35559749a638d47fd561e9455ec39ef20be1ce54
:60ebca5939f3d2bb0a92e70c9365d7b8a96e4b5aec83ac1f401898c03cb2001b
:f754086f0263a702604c905abe8dc08e266a09a25555b71a7b6ad9905fd94032
:1bf904958c811038ff0a1f9a78215fb8cf6ebc0a24f1b295d4965fa2d6cd351e
:ca60b6517cb7b2222a0d69044d6895e24e9370f7f8bdeb5e0b49235fc8fa1350
:3a37cff6010a0225d699a84faf5420657fd5591692be376322d4f86ad54f1bba
:0fe774037537adb8f7772973f11308d2057be08701ca1158379d77b08a0d82ae
:5e27a38c147cd8581265eafaf501a98dc6c5f60646b711a883ff028329a82ccf
:50f28138a0af1379c4255ad710e97f0f205c429d63a3777a2fa0f7a50831ced1
:f4caf374e378c2da9640e46214fd227b231544a30458b400b4c0699da11ca941
:f11a1ce1dac38285744f8f38c00207c66bf9f707eaaab7cc6343f01a18c859cc
:6eb703a3f387b22add60e67e930e99c43acaf7e9b47e2906967466a692bfa991
:9ee21ffcd2d9e187d9c84322aa6eaad4d70fb24974b910fcf3f6ba34c5eea24f
:d530de9c2ee3597a74cccfc623cefc320b015b1bd7f3edf20504e94364af9e48
:3affdf2977db392a24e592cba3bbe16537ac4ff7cd666bccfe24cdff4d71b750
:6373f1d44efe86432546084b66f5438a7dc99adbf7d2d72d66c519929224f9a7
:369ee8baf84f0a8e74812cd119ba18a3156230550b7c0b947d945565964eeb76
:a793d24ad42dce5bd5cead6c298c20ea83318c78da548d2d6c00a39df137968f
:c7df4f30a699f90fba24714b116320c0dcfba5ac252ec9f37179ade8299bdc5b
:eb167359bf59b9b48a6fb8d30bc6e2ed703ef98deb4d14c2918e798bdfb0259a
:89ddc9a31eb0e688dcfcc95533d74a2b11033a3e6c55b4cffede63ac6d3c460e
:457d415505528402724321eaaf99e59c179883fcb5d1a7cd800022e571a52136
:76f47b253ba0712482ccb6cd65c8d046c0fad9a359f56e8f8788c67abefc8d11
:db70dfaee058ba2fbddc430687379d1304659af18780c915fc1a1a9fad7a5986
:db92047e5de2fb449b4de6c18e8216761eb52bc89a5eaa8771e72852114b7778
:b33d4088d8ab0739053e834ab2e12e047b518defcc1c349e53aa2ba3345f7f40
:d49f799420496bb8243135159701e8705ec650273a0e73268d196d1db2a82c26
:508f1bad37a986664e3d8813289922cdb4c7cbc11954ac3c1794cd9128eb8d18
:786ebe84493582f93f74969efef73e75cc3b91ff7b44383b8f14fb27a4532dee
:0bcef0d0ec0779cedda36e7f7dccc274f4163141b373647f6a553321636a238b
:3f045748a6baf52b06b5510f02d4bd73c67d6807c078b4cb0d5cb2cfc7bfed12
:22a53a39a20821ffe2dbbfe802719a1050ca5018c3089a852fe1d35a76354239
:fa6d22cee00ccc3e585d258c71431b62bf13f06576f444bf3bdc592a222b8dd3
:d08a8ab6999345a550ab373f04da015a2dea0a162cacf53fa36a915de9fba8bb
:992ec40416def0547c0825fa69a9f1428cf162ce38f94f87b9571a02cf3b0043
:e69dc764f0db429e62b9e29509879d1f5512c63798ccea7d1c198fe79f3d9e04
:1b25de218fed00215f62f7d8655a7b456c5fcd4966e7ee66116a624d91862b78
:3a5d7b21f73f52ce1b5663507356fac1b30f44fa5f02a7a1a4401aee09366c55
:f165c220d9cca98a873c32ae4c6f8d15ca2d0387a4e31a4103f9fffef8285659
:a7474fefe3e628362992e63ad78569db0aa900d99084224b6e749cc6f1452a1b
:139820d9ab9e256d7aa206bcd4c1dcd292213030deb111c552fd7eca8f821f29
:f16073155f50a0206a9dc43dcfbcad3cf20ebaaa9abeccd44aaf00d41a27960b
:7aa9dc47c40208ba9db572d7a918ca84113e0f868c63a0c59bbba7856dcfa812
:c5e08fc151e993206a85d3e3a9964433564e0b26dac9596b7cde33e154645382
:16f5f66af97dff644e9a3182271091431b6d3aa9feae4957455365ee871e7e99
:a042d84ca26bd743e2b8984e65928da9b3f75934e29b589ebc672cf88db1a827
:d5643be09706a2ae1ae61c5833bf54d5a00852618cf1033c0bdf4a4157f3cfb4
:7595e4f0b07d6b502bdf86d1d685a2356f4ab21e83698286d8c46c8b14b24c9f
:acd9d312d8de2840c0b5f5533c9c1c5b133e38f918b3c5398e64647ad630dd83
:4baaf7a35d659c02d178249e9383025f069f9023ecdd3a99c73082c34a2a67ab
:5d8e8605ddb87183febc25018d73c6aeaf14054a2313fc082b56d1d9b503675b
:d6f2fca6f78bf1043282617341b24a63b3de13a02875e3abcef44a9f45f18024
:e3cea6254816bc2ba750983c0c545bf487e7e8d9980e7e165b3b00bc8d1ab73f
:c63cf71cd2c4d4fc7c12379b5c1adce8a53881d056e7b8db7b90241e467f12db
:6b252cd96cc9edfc82f5e9eaa9072d258ae6dc809243b4c0678343a442ab94ce
:bd88ff72707909b7b69e1f5ca53c8656326c806b7f52abfb977e4455736fdf92
:aea0639bda057ac67e75ceb45ec532c48ff80daa665e9f01f93197c017fc3ab8
:277a31af458750a685d1fa62205380a80064091541ccc4711f4a9a9e3a0b7ace
:0c2ea74b2cedef2fe93a087403475acf4eeb3623b6422d44ab8ce6442ab1af33
:ca7d62bca45180fd4f16296628ddea92bfc34c2f12383539793f5a0006b5d9b4
:355dd98ba30a30931653c8361bcc69e81f5bbed224349ee7b95362137665e0d2
:b2ad6c132b71dbad81e5ba87496b0070effa961d416f55f2448dca95c51bf40b
:dbaecb55f1f4c6eed4e7eb521a9af5a7b15ca2abf08dc4a715a74707356aec02
:1836b5d99d927826079c0891c829bff478fe2acd1ea3d86f9afa670c45be9b7f
:62ff7409905a2ac15331f3a4292431e9b660563f7ab2a77eb12490bebeeac88a
:e10084a13dfeef733e012431cb4a8b194d95d39a8a4e337d46365cede9605d34
:03848b15dfcfe05f82571c3cbc226db68f7f11cee2991647a79815ad51fda932
:1c57c28e3bf655434a728d8bcaada1f9867f133e59c538e6abe496787f0e2fc4
:3ab283cc0ca691c538402293640258c30f9d105cdcbcedf469402bd05d03b8cb
:ee9862e1e1293012236fbe55d45f7f018256a141412a7d11309c82a79ad33c87
:9eb8aa04c0aed577f58be70cb492362979fca99309d52ecd9e2f0c4f0d81369a
:32009b903d2185d97a93486cc2a7861ec4c7dcd9a138a11495a252bf4704c874
:b4e8ba246b82ae72c868aa4ae83377474665fcd65208e34de676ab51e5e5222a
:fbb4c6aa630e8d86dd949ded8283e0f6cc398324bece55a9ba35813b73dfe7fc
:ff14ad1ae1b313b9030b3e64729e2f8f46fc05920b8fe18912eab3fc51685c4b
:45f8ccfe9e93af5a9fda296472153a55fe3177498f46788b4445dc77e12f6e39
:3dcf0f4fc71948b66072a9bff2b02fe59faaed807be938da93c32485d555f68b
:b5fee27f6c978d2ba1d08ad1152103705bb117d62761c1bf78627931b9e804a6
:1f9dd40ffe19b759bf26d8c550d198fb8ff5bbc8a6bc042a736cd87db782b0ba
:0b33aba6d661cd4622fefeb03b1f7f8698ebbbdddbaf0be5f77baee58334ccd4
:edac0ab72a0775d813ac67038c9d07ec2c6919590695d529e7b94f7424af9573
:709877492244d942fb4e2588d55b74e149e4978218da17043e5a5b69247aa4f4
:d350d733cf13fd9b7bb61beba1b82deb502661d5fd1c90838e367af9a9f4f1b5
:94877c64c6c45d5d7279b4d26e3d3e8e9cd6a02056c8dea522d6946d226e730b
:dd4b5da2a0572fd951f5726910437af87e2bc750cc6aabb03c222e1d009d9ecc
:9e3814b5703124cec00d001a19d1531a869861ac46291802a27763f77672dc13
:c705bcc46c0e28a386abded3768be39d2cfeb22ed7655a7cd1cc66018937bd78
:017b0503a1a4d4a05a51a55b94887592c5646d4f4335ee016d9c1f13d2dc64b3
:712362a72eed8bd9b55a7e0f801f8bf1ab9674c5ec562cca87131def2befaa87
:16dd50e479479af7d23667549906ae9d34ace5a57b816d37616739f9dae1bc91
:1a437782c8884260eda70f865f508f36cb788c02e012cb649574d7dce7582a40
:01297373d5fa4c9d647f8ec6470a6b927331b1e13c5ce07c4d715e3376476e16
:d0addca1035ed4586160c61d50a7b4e69f3cbcf6af95b74c861a264a32211eb2
:00e9c93cb4cfb9842eb0322289feee25d16c5f8df3f1a4d912ec4928672edf35
:fe4f9578be178e26ba40faf938708154ab853743b5f5da62139f00a512ac46d8
:735600c25ad494afbeac2984b2644c588b7e27a6841158f2c9f0f581f0425e9c
:43717a2b306a5f146b311ed6336e31e75af2dd49bbb9ab69942c39fb7786740c
:22f7345ed0761e649703ff1223d7d0cca20e4ed0dc22d7e62f77a62fa74e2352
:0057a96a463a1b793df7f3e19a04d850c3e0f849552bd66f045adb2b6e02e656
:0f0dc9125beb9ae1db48fde7585684541ed6aecaf0edb5cd636b2d537159273d
:c65ed3df5303374613a862db5df6bd135f20695e4f7f5e0ed417eb07a38d6afd
:0de53be2d14e29a4baa0c567e4900b508953fe0d7af51923bca5c61be8934320
:a21f1784bd576db4d3c7d9e27861facddba3c985de3d25e00bf02081d28e80b2
:d229a137336861d5439afb81f66221305cbc16d95c9dd58642c8cbd98c15f79b
:ded425e1809b03576e0f9e1680272b43523b514e95ccb38a5b236755639290a0
:42ae874a69f95f6d182a67e20e2f9b6f0a5a6838f43e9b8165967d714e830967
:26d828987fe6cc9974ceb4634141a0321ca02d36158b042b6dc2d4df465d0de2
:f7f8bfc6eabcd999be0349cc888c9c5fc76106e963d2f4dbfa8890119d820172
:0d8cd45a77c4b524557be312eaa6d867dc33021b286033d003e9f22d215f56b9
:3d0bcfc0530e65bbb5f6017432472abf3c54dcc1e2f27379e096ac1cd92505d9
:7890d4d6ca4fbb2ef2697d593dfd49fb80a7a9f0e9cbe3b316e743790c3a288e
:da16332a0b6ca89a953e3660f3f4bbd6accdc45c34b84b60cedcf8964bc69cb0
:109b80dd234d03ec7174095e575b4160acb03ad75a854c19d1574f6132e0be31
:19ebdf0b185df322ad071b8f341be9bd138a5d7b2cd992829f56dbb4a76bb6e7
:a153b7e79e07201e1794e8024a5f274a07532dac32bee212292c66b26648e63b
:9d3f0ab9ebf2d1813d274a37bd5abc09b78a977f768bd024809b7f55aab10011
:091f76a485df3cc3858444cb58a8ebfaef79d3772011f87748ef6b85c3d7eb37
:27efbb5e6f7f218c2e472bb623889f672ee90c3a12d3ca7329b44356d1db08d9
:6e7fc7d6f4fd52b2e780a1db8e31fd39ef9e1f943309a73f8ba5eebd7e95cd85
:c54923a1177f961a9556fe327a7c93944b5a7941f7d49e061c0ca75a98613a11
:725d5e0de5c5c56afc7774fa07394226b4a2e6bab89ac8fc0aea6867bfed688b
:61d9e2efa4c21469231951a066639b7688d3435786cb54481d055fd1c6cf14de
:c6dcbccc253fddb236e65976484e5b21f152b4fc76c050b421b5ceb942ddb1fd
:9e91dc36dc693b57e2892db85c6c12ff740b7606b77ad5982d2914cd22af62dd
:c68855be5267777ba02b80f174469567b1478f44553f1c8cc2a2eed4040d9a71
:90c0b9bf10cc2f0dd31fec84f2e2c184f770f13553f6c668390ab0cf267a11a2
:e5b5febb76d294da3ae9217aae63d360af4036265d611b351b401aee5766258e
:67ff2031f9e21e654e0c49e2cb73848bd1c3cd75aa8c77514cc93151307ef187
:3101f207accc3d749cd7d74be0e345a7357fda09d70c428bf6bc23561a674159
:76d8fb65fcc7406cf2e870de6c568435e1727ba3ad270cb75749b0a096fb293d
:9e0b196cf3fd4857c03788fec3fef483cfdbbe42002f901a429a4f6ce90f27e2
:1fcf4fa49f565c83d93044f662dee705bf27dc99928c6d107058706d18a9143a
:f985121e46f944fdf05994906ead79e29f0e84ad87dd7d74c550d1e9610a3dcb
:2be8b3e52d9edb796d32162e86661779487041314b219265607851c7b2525770
:5a7536723ef3f3c0184ea62ab30e099f08b229872ac3d351557cc7e5a8d91a4c
:2bc469172e2850589ee3c95e48d3726edcdbe47539dc33f078f3f44ec76efc4b
:46b05a468f18e6fa545ed141ee09461b0f3f7f3d9083a2d6a6d3472e9de89020
:9ded4a2476491d86570b60112fd010c4437765ff20f9aea7ed3d0622fb3f5a1b
:db849f2f34cdee98803d4d726181a33994571c34fce2f39af59367e33164bc66
:58d1f56165f86dab675005dbec3487b2531b7f2738962a78c3779088bb304715
:55c4f2551b6ac26bca23008ce4072c0e4d53a8b664f04f79cbfca42b41ac6aaa
:8aeb73c8ac4b1ed41d1dabf0a860f9cf9b06a0c8d1017553a7ec153c1ae57127
:3a1070e048931bddebc075198d0ad85e255ec9e2417b7855d6e03a5126f5ab9e
:9b026565fa6cb352fd49e7a530d7d1747380dc46a8681ba6e21ca672558a13c8
:2ed65c47d089ac44feb3b41541a266406af73d2df00728718345f7d4b2b5c11f
:b87ebff6e3ab018179dcc89d038323210f0496b481ee910909145e96717f619a
:ddf888c39a85d81f6d64364ab45663977a91b6bb735e604df0a48ddd938580e9
:c189783a142b761ccc91f07cb7997993b8ee3549ed253ee04ea54a84cd9bdaa8
:846784d9e31a6b7c63349122d7b4c6e24fde5979e356357a5a4dcc93aa28f9b7
:924c0b1365c6f7090302d76c3d030ad80a5428d953c56ef55a04c5a91304d28c
:b411465fb520d7361ad4916c56329700bb2d1ad4a323ee5f6949b8287ae82a4d
:f57248aaaa0ee9d0735a1b5eeeb08daa87de10d3d36325fbf11cce2523374505
:d45103f25e5138009e2666fdd4ffc074efdd007f5cd0777be4dae6cad665225b
:a4493fa785f83ac5c967bebfbf85130a0cc659a7095ffd80cfaf28e6bef82985
:143279d15db41a7f64598e9e4e08075c92986245d0e7ad75cecd5fe27d9df4c5
:e690a940ea2358736ec237db0e0ad28139f038056531052a81b9b0bad0d8e6c0
:5d59aa482643bde1256e2545052742ecee8cb54fbcad5d7c4f104955225b83f4
:81b2f4428b4d3f5cbbd6c62cfdf7f2c3ecc036d464ee10d9450a86f55e082e62
:c66ee254f98015b57583055bfc0fea109d60539aff7d44ef32f28444692e7ee6
:192a12f95800bf38bf838f003d1787bfbafb4333e6dd68feeab525af56198c8d
:977820b1e9fd08e16757de5d39be40d947706e6be247759a219ccdca94dd0255
:c4fe2195b13068929c352d52023e114bcf21597d867473f45a2779d72406b19c
:91e1a70cb774af8d9b8cfca6b5b73542fcb0500834073a8e0e74404cb2b8fee0
:bb625962d9701d928867ab51fd9714fa896283659f59e4be2548dc8d03958ac7
:9b245777cf6749274f3452dafe0f31b8885eca53ab24a5a17aa232eb926ee3b2
:46c36158739eb01438e804e73ebbe3563e7a54bd4a0a78f2120376a2eb14ec6e
:a37c61448de1799582b6adff7300de09da94cf0b8bc05ba1a321e10fe1fb11b3
:84bd20970c3a057b108e91f2dba5bb0d2e598af63fda0afd84e1178823c1dd55
:49fe3c64a1f1363fea96eb49afba40208ec7c591010c36b6174fbf43614a05c3
:8648b0bfb5198d0b458839973e75353c7fa30e9d0dcad6571bfb0cf681344357
:e26bed986939ea415baf5fa6182d9a10f4291ae2cf4bd72ac415c4d8bf338fea
:05bd45af200346bd67105946e4233d53fff751145d9b31cf95800d880be99d23
:164616800f3537955e337e93ac3f94d3e71b46aaa9b98ce2471258d2265b3437
:08de77b341fe36dfeb2d2d32700946e105f95f38d31ded7539e68e2b79977694
:0a38e805f2bfaec3ff233b527d8de1331a8e4c36f2a3262e0f7e5def5055ceac
:403a97423edd0843c2c22c9fefdeb18d6145d6583c503e92a9af1ed3a73136b9
:66da300ea204aa176bb94259cac1f5d9bd83e03b1b368bf529511fc42bf742a3
:10f2d8e24b807d470204782bfc1ca8c65a91ec237ee3123b0f2a19d1886be4fe
:0529d7548e4fee81849471379862d906d1ea18d77bf81022640aec3ff3296589
:0092986b1812a9b899b94a3eaa3d1f30d33497324ac3cf3b9203a5b83f9746ad
:1227a1382d5ff15906baf28a9e9a42dead8063c178c8b5ad9294f025818b3a91
:b44afe401d40d9dab4992fe541518f88ac69588b6a1e9374aec604cad3e278ff
:e941d579e8d6f398a7999da458beedd6254827b614767f7ad49f99265b358920
:99171f06d86578d0c6dffddfcb8f4b6695d62ef8d4af63fb18482826d3e6e8e0
:c506c9be7c99e2199722c685a0f408717431706eb57d5c3678c5702a8b7bd3b7
:5409fe06ae34bf72f4c25e56b9e7676d920a96d9ace8e2abefff43639c6fa613
:bd81ce65e912780914d332f8fe964c40b2dc621d9b4fffa64272cfb76e541992
:a73a018e94422edbc9b01de9b10cfa0121dd3d69b4f9f7803426ca52c2ac6a2e
:b0f742fc6a150a57cdb4738d942749b4f71ba23d294cd7400bd5a6d53da63736
:b97ab0cd97977d035465f0a165d97234f59a34215fc2aa91f486c3a635cdcc4d
:844623da8740fccf0985b57fb8ec1c1709a1e730a31073afe7688720ef8c20bd
:9cc065b0951d1608a468bbc8485fbfddd31a093faedd823d18b151dbd229eca5
:402243cd2c8bd61a5d727c91e61049c7e7a23e03298ae43cf65c9fc1bb34f947
:d7be758193a1e5018e655c886612fe754af4eb8e112fe9d31f92214776b41fb9
:111e567562c2df5e433257d70de8f9bd5e272e3b8f8dec9637f6b1e90a69a747
:fb066d2463c67ebecdac0674a43709124e7c43cb146ce0df6bc0a3375624af95
:668fc10a4c6833f45c6edb59d2fb5e3c4d46446361c3c7870b7a190cbeb8918a
:daa79591a1714aa6623c1221274a32dd36499aac91656d7262da6abe140a99ec
:e5e6bf900357291dc1b38877020a993bc1c2610551d2920c0d3a60fb17d85d5e
:6f7698487c7d337687b83a51dc0477342bc1d79ef00923a00d24e3b90bf2c6b0
:b75c075e7366e28fa4d8d343f005b892437dabf63b50ccdadea0b2737dacac5c
:c2e0eea5a5f63437c3e983f4c6831224226ba5bad3955423bb106f6a5759239a
:b6edb4dae6e671da32c2fc80433ed135f3377ceb9075b914196ec9481f81142e
:d15d9e841f7ff1652ed465b133ab9e1a7d17e5790e032a402a745d3c353602e3
:1a8df60c700484cc4a40066349087181a57a3d22f573dcb03e2a9da30dae0f0b
:404c71a26381b6850755e3bf7d47210d838e6e1db28344631259137a9f00e6c0
:a968320a0e5dab4463e773c26b4e45edf115bc372b6f5a3b12be25b3bf429620
:303baeefbde0a8f72192c42e8733a3f582fefcb05925f040aedb000fcd1efa47
:7d17580f5157bb95962ff153469a36c37757e6a9911332803fa533f3bab12a96
:89026c779b9e2306aa2658bee21aa45e3db1188521b8693b1ef51721cadae454
:d4a5707d62747edfa04509d0691cb652117e3ff44fe0fbc372ea41b606a847e1
:17f1c6d7412a8de74b29f33bc7c4c8143865ca4a63d7ff073149ebb442615b4a
:392e8ce1bcd68fce5f4624a571f0f9bb6f12afc911eb15b3587c194f116524eb
:fcf0942eca0624737dddd729b304195fe145193ab04e136bda4da7641ac46151
:02c267767b3b55e6182d06a73bccb063be303786d15620b30c020d29cb7ce861
:9649bf196345e3509c65fa5d13f73064524882c9818c43c505222a3f7634c673
:b768188fdcb41adfcafde35225f6dd175f705a0b88fdf69247407a6ee13b715f
:ed75af46adc23d0c699e8f127cbb040d0f555a9bef68baa2fca10609b2a156f6
:1192a9384912b08a84a5e5210bbbd66ad39a8047596c27891c077f65788dafb7
:3a27b3c0fa532c2d8b87e92ab935bb925e9254e85e8d058dd3a545e80106197d
:fe6193a787a101cbf110efee13da3b098d929eee01da7418311a895afd11edbb
:1d248579f887bf8d7d041e58599373f7d573220cd66200d9181597ef8fd662fc
:3a31da7a63dc173da00bb1f3787076378764eefbce6d9ef3fd98880bef7b0e48
:37c6f574392ddae975b11bee3d518c1a0c9e5df08a7d262295bd59703e6b4e77
:567589e533d13a64ab2dbe183aab7bdfe674f63246819037db236adf7ce12344
:cba3ca30726182997b88606c4408557c75c059071ccd9ab009882532e00c1ab9
:b475791f8e787df8cfe1a4a8df0db557cc7f42d8d6c40a24215f1ca4d0a0b780
:9877f7bb39d85debc77c0b1b0ffad0de8fdd23d6422e66c9f5874c758fe3ca34
:cd1af362d9cef0a28936bd80f9d540d2fe847e95715a72cd431bac7ac9d2a9cf
:b1a0ddf0824b2923a9896946dfadfec4ee5be6c6c6601aca61aa07919dc19bbf
:db090acfee3e8f6bb3f9411b9a78b66d2bed30a7f505d502d7918de4127befa8
:f3db3f9163edd1ff2e27a1d742dddb98722e81bd561a5aa72de4763a1473028c
:e2ac67cd5ae8c44b9df35b6187ce6bee6c9eff6f69e6542d9498f5dba7c0705f
:89a71e68e65522ced6ae56954228333be79b5b9d7eb3140b95f959fa30bccc88
:77f24801f423c1891fac654289813ff1c1995763eb261ea57892bbb33bc0d927
:82a588539c09d68ca134d73b28e4d8f29d22e282a392499f3f5fc5dd27580c7f
:74a65ef1d38fa189185b30eaa83f98a3da098edd8a8418d3d46b45ad1bf677d8
:ee5228a545bf7431081afef120ac1863e34e5b5847e84a38b5f9d2e52136757d
:5bd45176bbfd56b9203fb23a27b4c8180a17b23ee403d71af493cac2cde1024c
:07c8ddff8ee30d3fa3f83fdb9822997cb8a8c292de4e9218e4adf1dba7ea7b1d
:a624a9079ff93ac7206b1596fef0fe7cab64f0540a11c6fa728b442df2a3b91d
:b90b6b50278694e5466a6b34e208ba2cc818b92b0268535e2357c65ba8b7bb68
:84a031e57f23ea58f5d18935347d6409270148f17cddd8578a659c2d381ddd29
:bf34ad6554ead57ab743ed2f45725ca8a582ab58989ea6d5109383ebee4578e0
:91dad8a50f03f577208fa588b923c4d0ca8207b069d9d0f94a4af25b735e7bb6
:330b5de30119e4af7148230698ab9adcb32b8c71438d641f6979a7fb71587a6f
:3c3d107c19c9c6bc3c6bfaecdebb85224e5299a5fe3eac3b943562d479eff76a
:98328e603188c3a5f22968fbc63dabf14fc3784f13a20c1ccb947e05a7fb0b01
:a1a5b08c570d758895ea861aa3b4091d94812d1da544f93be0e24f955f690638
:f9046ba9ceb902a70ff320e3002723e3c40a71bfcf8b76b612c847ab24f95e1e
:736d00f48a8d1e91650e305e80f37137ad2ac10a59fd1d950ad75667aee21fd2
:54a3e58edf1d97a283c0b06ef4ea02790195e0e1695115af102a3ec05b0f0137
:0219db616cfb02e33f06c5b1e3b586284ca2f849cdf175a83326e1861f240051
:dda54581b3be7f525c69ed0e511facec81b21cc7d2f15a1a5c0742e8fbf443aa
:8b57144b1a73c6a2bdb9999cdb3acf022d4bcb4d421b248182ee5611fe26018b
:ae9e11b06ad605dd718453283842c5583333107186c3a4e467e2a738c3fe05a7
:745c388655f75ef3765217519f9fe495097346ea008dc0759c2a00086f9c86fd
:c34b1cea496e5ecc43929e305517f8ddaf784b56a8448603dd32f908925ed17e
:2157167dcbf3e255ecd4d804475876239413e7a12cb903c6a6d2398bebb84446
:3c723a7de701b6f2334df94fd65e6276853cb4eae073a35e9c45bd02e4a356f8
:c27dac76c4174750a36a292a46ded5af919e6c01df5f1774469023cf2977c168
:59b642f19cca0448578fbd9ed4b750b6bea0cb1c26e5d07717b59bdb50afb2ce
:3c3f6fb37790d7e278e205aae4c5a5b1b614d98f102272e731ad6cfb2739ec27
:881954b15aa96eabed19f01cf1d5f4c7595437951cfe3763bdc0590f723cff86
:491308faddfd99ebf78490b27d13ae022ae84514678145dafce53d9924a07f2a
:d62b15f1e6b581a64c97c73fc463bd44d1a969d9f5dbc2187789d4e84db32201
:50317e761add16208fb81dfeeb80de6925626939b3bdcad28081cb486997ccf4
:f90171eba81d38fcd457763488572a29ede2e7210c3552f4e929799c756c0362
:68e630738e4c44a9d7d092b9e684a2480e1fd9d0a456d1ee44ce50d3ffd70bfa
:2938b485f1859405c4541cc1853ad5d81611ab70e384aeb10a3aa2105b48988a
:4e24be9908c41120838162f3220b9c8397a4b1ab5dd5b3127ebc0018196dd36c
:dcad56adbff8ce442f2d820dcd2032ccc2d1b1bec40c2d6eb0c9eb8ee377c0d2
:18dba584db13a3d14833df988672da264e2316e85970b99e927f123452fb1216
:c10bcf971224a1d317ffa8bc257cb65b12cca94e6292328366c41f7c30bf14c1
:2d698524fff453539c94e542ca2210c2878820433303b6bea4a1861859264082
:989e1b12bee70ed9faef8ca5e49957fd9311de2076be48c8159ecd137b785956
:c2ea04aa6684badbe0aba6f042c99bbb4c1c9059ddce71130a88f1eaa5a89016
:8612365b05cf7d83d9c9355936f31b814d2fe00926cf554205552dd8a009ad9c
:d3fc8bd29742d1cf220a89ea2bb20023af71f19776975f5c355e974741abc8a2
:96b4f79bb3f6cdcacae2353f439926906cb975f790a07f006faab86ef3c39d57
:e3a5d8c0663fcbea37c75c3c9009d17e774f24a883720b10876ab6088487d7b4
:2c12dce38371f8d7766f6bd6d59dbf0870a3ad3396d12ddd0c7d91431437bbe0
:bf114c4ccc0c72ba5f399714395b0a78351228594003309ab5e91bc6d565c767
:8c03a3818afbe828656e24e80747f616fbf490e46806443423b9c9500e5e1423
:269b5da2c1253f6ca5922bff6736b5356fdbccb514d6ff41c1cb28c51de12724
:96765521556becc0ffa0427e44c05dea0544a03f69534c4f7146d1c1658b4011
:4f5bcdc89c2a9af5d03ca653efbeb0bd76484c58d9b035a4ba6113904384cbc1
:3457bd00cae7496f64be2d38314e0cc9fcd59002ca9b85d3482d0b7d456eac68
:c7545a7b108216f1d65737c2be6dc9b6722c69204a738887a274628f89dd914a
:9504f358951a79d0b68ac95dada7c0466b2d113f05bb62f383bdbd18c316bb8b
:6b6f36767b0f8a679aba299fc0f4f3360c5269a1c88ace479c7ad62af80a3d00
:fa49a7ae50deaff2e58ec86767d48ef5f92b685e4056088f5bf6e110dfc2de81
:4a424f195b76a3c8c831429c9d373a8dd51e0730765fe0f9ec3490a5ad6d524e
:b21c05e63acc367fe3cf3810bf418251cedfaa2516ab3e524616a0e48670b7d5
:e8d4b20401fbb056bd22dc3d68beed658c46f822c961af0b10b39a35ec08781f
:a94e7d9ae353270e5893174f96c1f183f4516575e141e04ba50fb920798d4e64
:2498f6995bddbc0f1b554c3af8b5fcba5559c1e8e683c3d711f983c074c267a1
:9f7d90291b6e722778d214272461f75db0cdc47a0f47b54850d1eb58ee69ab7b
:61d572deba8d793ad5be494222eaa82f50141e8508154c135957b0fa9f1df33f
:77f7a8365ec131f13dba2220267f04a54226f8f56954022842a188e503ed74b0
:211d3f37ee7c658d20b307a1d706a65864ded62e5a06584a6346f5431484fbca
:47c067ccb2cf24fa5764ba304775c3fa53e845f74f97fb4bc007980535ae02ab
:56cba2776aae292e7d9f49dca38b34574f31ea97e9650d6ff0c206b0a4a79eda
:9f2dbff870fc8defc64289928efbb76ba068e2085c8e5ce4abc3d09436ce265d
:d060e3a858822d934877e5bf31aeae347250ebb04778366e5b78ad91995dbdac
:85936384349fd3ae830174d9b29bca6cdf28d911d15bf9a73fd8c218594023c3
:3fbc85f63471d6e1c2aba6c1637cbbec09480d9139414c0ceacc8059cea14ec3
:4f82c2492114d2865c03af5df9c350649831e23bba0fa5fa1347595329385fa2
:ad7728413bec2f646fb6e8c8ca7751d50886e618f44f0b06f8e7f4c30ce79101
:ffff91e0708fc85069d8585dd86c365b247760a153139f38dcb9cdd5a06c601f
:88655dbf657991d5866364de47ffd69db7dc76eff3c0bedea684ff9c7bb48ce4
:0abc0e7125bd0205af16c9b09afae62d234bc1a1ba1b3fddaf8a39ef096653d6
:70eda3cfae35c33ba09797c947d0007db63e7e82b8f472f429cdd5083e758e4c
:0c8707b09396ce5b56a486eb8a177167dd56d221fe77ec30dfacf91341ab5312
:9487ac53e875a23f2b232c989611181d6ff2392adabce05e132d962cfef2de3e
:e3f79d35c8be4dbd448c01b5d18da8dbcd90e8e1be3a4d5f14af928b401f0d7b
:56cf26ed2ec40b178d0c3b6abc23d0a6790b56f2607bd6a0492fce7a5af58ed2
:62ba6d1bd09d8959c20112560001f34ac1060df092f7b044deb6eb0dfc2ef349
:e624619763c21d27dad58047268c0ee59f8e215b55f0d894c52a342cea73ec59
:eb28565d8525c96b6a625077ac3c12ce3914760144134e37f633ffb26073554f
:9a262c017a58be946711913c67ffcae05df4e4e75bb03e37e52717f03cc0dead
:89bc5e713b7c7c109bc87d3ab43f19ea31ccfbad7a1574618f65c0a21ae16b9d
:426db3da4cd56b387946ca642684627e2f78bd30b06f4db202379a8575047949
:58c5f4ee6b2ddde07ddaded00ba62ad2e32c86a18cee5ed571f0840e9d82f01d
:f3136635e0239d736c751d85e3d26de67d8a0ec94e3c1e445aad0317747b0c65
:4bb69bd2cc73debb1a4b350fa6b441e20b7bb39f5bc69cf18187e240b3f6b964
:deaf0aafd57394e81c54192ce50e2e0c57ff32199ad1ef4a454cf15c53efa8a1
:aed58b8496a37510354cf5d3c6c9a468321ceb8afea3fad25592180bd1c1c7e3
:952b57cb7f0da704c78c81840093b71ba3c42eb6502bc40ff7410ed4cfb9ec80
:902a4c1b55da895b72464ad7d829000644dfd6e04614e9d025e534c733401431
:a0a6df60ea2c115b4f26ad4520a25c25f9d618061976c3531e509eff3e74767e
:6598d6a8da72e1d89b142e6d31a6585d71ff5e8060304e49853bb0f096da8c2b
:848f5b907005eb9b12d105104c886cbb0fc4f6067ddd9b4291fd07f7e67001db
:1c39aa52e06d5be24b7d5a42a377ea5f47c7e5bea3e2df183e530a47d31d08aa
:cac5dd7563890913dcba667e97040488e2436cbd1965cf2b7373c10008c02fab
:2471b26abc489ad30b11f4be36f74ad38fdf096c2463937d238a488bddefb8cb
:e9e9603db77173ff3f984317ebcc7f56c8b7cb9e81f6280e3d8a3c23060a01bd
:a882eacdc1124b1ca9c488bdbb2b37dbd0ebedd376b51f366d4d3df43a8ac23a
:01af8429f0feb4f1f1a6baba664a24dcc290c14bcd3f7fda5db48890d2031b38
:dc0229ce1c99b3fbe9e36ec0e2e322101905083f7acdcdd14779575f02afc768
:b0de514d2025ac81d41b0a86cc5d2e3b18bcd562b67bab93d4567fcb5374d81d
:4e46040397016f62188c1a45daa5f8dc457bd917fe0926939eafff4462054c5b
:fad002d4e5a09c32f6d787fd23d5a8dc40ad88ea4362188c7b1c6131304ab16d
:609da1416d25b3b89a48d47cf06dfc341958237b78f40dbba7800cc1d5008ca5
:9f81a5a650db382cf3764fe2e72928116316058a50aa010bfde914626a0a6b32
:7e77536126128e1d26a2a9532e35508ac15e94a495777dc9dd062f7a8e38f765
:e15495cd8b532c35804d3353c7ff03480b7742c435e2d494b37ef4f9083f0b7a
:30435c5c0938f8f192a1330619ca137610d721fe63f247910b99ea93cc2cb373
:9c68cf16fcd625690bd11838b85c2831daa7bc3558ec054278d38122833bbb85
:0c34428fee4a921bba26e9863d106fe764a9201bb1d90c9abf0d6a4e647547b0
:017d235be89e32e72a92d00fe029927dd369a8992ef724de8a6f150aba72a672
:c531420e447ab9fcfb2672186a4f3fba7b3d7c23ba71145e95769d3fe1d0a0a7
:94f179d9aea5e5b24872c841326dcfc0a300810201d7dce026d48a30c0d7ea5e
:2a6ce4b777b45e4880140b4d16a187861798b1bc6db758ca4f7f3c20a1d3b3d9
:1b931deffaf139c9c99a2a654d74e7eaf4fb9646c47a1e1537cf52c50a78e37d
:07f4dc716b911c506c0bd93c5e3322f7bf7e1ac53bb6dd750fbb1b7e750e0bb6
:05a544aaf8a3bd4d47fbfaa25f097a657d705be3c21bfcddd1e8105b9141208d
:f126b8b70e3013a63ad34a10e2ebee19f47c0a235cd067188c807633d9845b3b
:845b93f911f8e3ba243883ac43e9036ec9ed231e52ce47a75e4a9884943a9267
:b03bf44ca602e2eb2b03bc9609b632bab832ec643c97c03d8d88b10ae481b7a9
:222ec184fe51ce177e269e270635c0085b69478b88deb0fc26c9216ea468453c
:61cfd711ffffb0f8cd947028187df01c9b5a3ef0ab52b93f14cd1bfbe0eaf793
:4104c3c2a8823f18a7d7761c5cfd8267c44829f088313a504f023ce7b5b4576a
:232ffb7a8005900246c104cd16f040b9c857fd1e88180c250a26d6f8d33a5deb
:602c5b716f541d861fd0da92c95c4c648499d0a848a2bfb5967bf5e231295277
:ad1cad48c78838be0fba7c78ad44a2fe8a50eb51b3dc6a9242a0e339dc280cd4
:5e4cae5cbf9c5fc830b930b2eb4ce2a62424f2a72ac708151b803ab68680c907
:aa42164b19fbe089e63bb5689bf290d01e051b8a3e8768da13dea74fd6cb49d0
:65803b3d183d2da21362f3073560e9785de65ade2fba47bf863a863897f81a66
:bd42f4e8a1f10cf0ca18f3586631a78320ca4373051b2bdc3afe28ba90d6a8e5
:c1516522c16a23d334f07c18e484ca49668bc100c7af0e7983c643ec1f747855
:12239b66320af8a48437c082e789c9cc44be4036ca65883db903f180a6a33e24
:59f591877dc0543505a4e816ed2055384dfa6403c80683e0e3a3965120001d7c
:2dd398cd8d6d99671f346ca00bbbeca08f883f466def48fa74386371eaaad0e0
:50d7c61d85bcce3ed91bbb6a0abbb98c049f227a62ceb82bff30577e256fb359
:62f7621270e91b7ae4e21a73c01d8a203440e8b7eaf27f4584400ed57284e573
:6442c57d161477cc1109780d7f92bb3c1e6077066e6d836e108df7101e1d1371
:23cced3c1dcf908ae0aa13ba4bbe313de357c2325bdce67325243f3fe489bcbd
:a59af5f412bb0efcf10d49105c84bc7e8bb9c268cee1811712f525a35d5057d8
:3fd164e98f62a76f99c19eb1d781cfb2109ffb1cd20e7bd694e6d2d23a7e0e56
:adb1e35884edf689c738e348262e50cd1e17ad41024394b244780ed24d9f62d4
:1ad7236c58496e1fa0a5e61c7275ee47aaf7d3cdc7e3d2aa346d9ddd338b2cb0
:940f4961dbb2245f4a444323d06e824ba3bf22467135745aac794f3ba919ec29
:11649ee22005294f3b1f674168a68c582172380ab89af5fab1b71ecec6cbaf0c
:52095b93b0679e607a99f4c6b8be38ee657b4fa64820f1095808ed40e939a80b
:1d4a9c9d35e94ecbc1e0d4925f1f3b3fdb09801982718ceb963f11e05aec40b3
:09b6986773e2ebac5f3ac930b696651e58add4ec0ed30c65f57dc2c8ade79086
:d2e309bae7bbd521cf4a972085637c38742531be1a7c8a6197576b1a2e608e11
:56bd6bf5c078ef753935872b17db3b853ab088655197fc2e64f60d9297a50283
:9df0c934f7b1ac9737d131617c8c41a4ad8a582e05491c33507b2ccac41638c9
:56664fc6c99760e57e96a7667ee62f0050a14a6836ec7312afe539e4aa524f5b
:893bb68a9c40ca50cc601a9c09973496f7f1d67118af29f138a627c085bb657b
:45f6b3ce70509ddfa21996b1a67e6c40ff15f30a74a5a4e122288c7cc6d89831
:789422f42512588288e59845ee890f5f8b0172dd2121fde9234d4a6242cbd3d1
:3e86218de369fddbc689c3b802bf4ac95122ba610e1dc67a98087f03af574f88
:8d4a304cae31db4651d358aeca06fe691eb8e21c499895115fa1703254a9e81b
:ddfaac1f64743386748ca848ff9fd6c053830cd5795154176f0ed1e716e2d194
:3fae458db349ef3d6cad6aadef6758e20546d078af161cd1f964823dc1649be9
:aec5b4e85285e2f16b50745c118970df47d7b5eb71a77b6ce53094d6c2365d71
:67600705b6558f00c278cc75470ebfbb9b597282e884042e5807481c295dbd3a
:5db2f3308de2441b9388847f1ca7b4d3b7a74ee6da34b5e2b518d1034eb31247
:2b67d8b57f4db47d0225f28eae58fac2787c56ca1e6cb3e4faa8cc5b20690c29
:4035ba00095d548e2f1340049d7da29e9403546e0ae6dbe1722ab8c3917103a7
:08b0fd59e895f025757664c489614b1af89d60c41b0414f9173922fa91a22e2e
:018e70a6a52ad0ffdcae8cda851768017fa2aa5b9e12ae1074d2507f3cdacdb0
:00b24c8534cdfec068d24bc6a50e283350aba1cb71dceff608df9983ad1774de
:6ee0a125cd2ecbcd6fddb11a01dfb779c18ea8a601e6acb26db17f3176c7a777
:e213045f55af1074c28d5bc7f345a3cda375055c5bdc265b0eb045171a1d80ac
:cb4a89dd7a01391873787f6d9b8c4e988622cedbec0cf54d7f94fe4c9aaf5ca9
:5363033a76deb4e15a1b3e9edc26d0faf4a489f24a5d1d14dcceb2930b44512e
:f5ab9928687f293cd0704b2c7836dcfcbaf4db0c094aca418f97b14341ae4db0
:c56b83a7151d425f72cc8e1ddb15c98046512a59832d02dbecd3eceb1a401f6d
:cca82435ab7d99a6fc7b7f60bef72e857376c9cd180e36497b34657593a0dfda
:6b9c2697cb9f3623f4b72b5f0cee90105da8f6002c267c2b89de689444f9b758
:9b2901f7a94be9af1ee2c9eb4bb8030ef2cf3a9b587aa42d40851c0f819f66df
:b51e6b7b4f77c5b71f6148d42cda0721ddd72c5ecb8a03b8f2711b698c029085
:47bd7f7f4c7a27684a7fcde10588b249b44ae1bdc9b750c9d1a70757912116b2
:73a8038717a607815dd49996876eedfd2f0583f595550565619dab0aaa7bdc03
:dd8189d7d651a5b18b042a4d9c52344faf116ef8d140b8059dfa28086ce1945a
:9b4d82065d5868fda557b63a061c64c8d568e39bd8df4a9e99e2000413b1e309
:43cd1956af5a2608417f64d926d7229098f3ada3b3c605a669f8033a5515b211
:0f8965a53969e1cdde18b7f9570062865747c8b222e5ed968dc0fa121d55b6d2
:4fb2d82d48e4ecce540a6667cea4334f266be5ae9f993e71a4fbd69bf82d9672
:654804a1003298918dd163b5a963e9437e108590db44a056466da899da27f14c
:52c5700780258c4064ed74320dd22621c2bfd70b3fa69ec4f0e716548d435856
:3513bbc8389eeeaaa441d40c69cdbcba1525b6b364fe4b2f98b7cfddd0731b92
:83bbddf9d781819e332976efa19566393b7e5681e7ff8d0992d62043873cc76f
:fab71ef87194dfede0cb857b00ced7dcdce433956b1b5815eee6319c91f48f10
:187cf6f0eb5aadd18575df9d5e4d0d3ab0fecd57fecb1e1307ca26e3495168de
:ad620f49610569583cbd5817b45158401746e9533b9ec18bac077e2ba6d8d451
:da1b29aa3363865662c7a0751286d03ea6d16e5acb64e6ce671efca9555b1344
:5535c7f4fecd3d87683766d8d2832c33fd1778bb36e0bc0252533df2da503b7b
:4f0ec288662ee86be3ae77380d3c65d8158d1016447ad971991d5ebd9160b5db
:4a3a132fe3c3979733a43f66d1c0f5758689af1fc94f9a9f1ea84b5c4fb40198
:0315c37c5b0ae21d2450860fef16787294dd0f3602ddd40505e2e3fe97ef7e9b
:0877e47eecbdb0858e344a0d9d22b04b80f0f7d1512e97109685e953918e15d4
:01abdb7d6593923859af2dc8ded9f6b0bde2ca52de81c59141805fe0d8d06df9
:7b44c4ddee83979c03da3e0661275917c5820959c18b26ac9f858e7714a0d74d
:eec3761edf2a980190ed46618da9dfab7cd8b1ff4e9e00f56c367f91f74e9b39
:09e76ff88ce93cd23a058622f96fd1050917b800a50bf5c2ad2c76de61e37f91
:846bcba7a7bc3c142d6b17be72f1cabd31ef7a137c8f20d49c40e96c65ab3004
:c7d6b9c4c86dcb46cd20872ba4778ed0f0e6b4ad8a3693cf1535ecbce637ed6c
:fac3c5c815994ef666af98bc3021a0178ac4944ad1b2b7741ca7fb218f652b06
:8a21bd747e2df57858eae0188b84c8b82f321ed473bab561ac65877762b1bdf0
:a5e3571caf82a4ae6bb6652fb642d2147d7011640f92afbc4b376f289e226f19
:eafcfcd677abcb6af995f049037e300a7a0f6e024e8a157cab913ea43c3d8dc5
:f9029beb5f7807859868bb7dd3ebb4835b9b0ad90f365569923e0c72d77c974d
:892154f1c5725525900b30b500d196854744e4583aa420be01c6954496f74454
:9f2bd76e06b85c39b886752058ebc8a4c1ae9bcf77c08fdc4639ee1fffd161b6
:8edbb754ebf0d09bd3bf36ad676f044e3adebdc9364b105761e927d0f94245d6
:1d5c6e3514ab8c00c91decd7a979fbd7f9ef08790f5807fa480e3306f56ec603
:28d92dcd3a0064e91210d98f87d7d66a0d06472f57237038ff32bedd93b9dd3b
:d5939148546b0010f92f3802a14c348d60daea7bd351f3755cd4f85b40f2ac67
:deb6cd6d7b1f000410e9a5b34db71b52c57e0838f0c1854aa4927bd8ec98c219
:6208720ca4fb0439cef87989693b065b725871dcc974cb9fac412a9be7b5a8c5
:117482211b420b9702549ba5e96ff9aca570b7171437cfff456bb4fa036fd6d2
:c1a594aeb9ae49c13b8da73b7af7262aaecfd9fae6e2a605ff752e9dc16edac1
:042b0329f37e89fb14cdd459dabf99d38a3be3981810eadd7eba7003a60feaea
:98d79794698d66c04e59dfa6537501cc01881e8a821e6b5c8f5191ed7b0cdc6e
:b756f4141d7556cce1aca6b2cc6ab08bf473c27a15fde5534f4f30191ae53b5d
:7a96a222047a1a9afc6bea89d75c0d40b61a3b4bd0038a59615b2bec4e83b98f
:ae54d4360c794625ba3155d9e820b773ae2e9a7f4d1faa19486b53ec1c9b3f30
:848dfdcea4b3388bbc348ec20f23a3bd9a094a1831fcbc189b56e880782c3d88
:b3eeae4d8f79040d8230c16215eabee646e798dc15e13e608d72ac193335eda3
:9dd6862a16732dc8ff34eb5cdb02bba3a5590f49dcb250ba538b324f79df0c98
:be0296b5889afc7f146290d775d1458ebe8405a9392ac4beaa7054066ee9af83
:69440e746f752b09e520e560749979be03ac99d9c54ec838d5328ff2063ee41e
:2ebc7a6e0d468ad52c4c52cc3dba14c931607b408b788d80cae2d41ab20e6ea1
:db93c1ce0defc2e4fe98d29d2a5d4a7c591e9d56845c83ff78923f783859fc50
:2de2518573048e2561c3236378f9f400aa5cc430b4c77e9d716b9ca1a7c71c4a
:bdd4b472599233eff49623b077112695870821434aa5dad31d5818aa0fb8706c
:a898c09a32c5cecd26034882a6838140fb9bd5bb76c1854e26ecd489be9b7a21
:758b691956affc2349cef5c1633496f6ca0bd2f526dbcb8773c471c6b5ba111e
:1e9199675678e428eb4b130c38c5d90a20b153c4950ba056be22257203e3e3a4
:0f2c8a1c810bd45ab292ab9e8ccb04b6aef58108f5fe3db0c474cc057cb30dfd
:ef920d2b6ffc8f0bf1b9b2c81d4d8e19c356f27fdfe0763b8689a57723d774c6
:0e1b12d14b5aeea57fe7794e74eff640cd2c8e641a4601143b83bbcf3aeb3027
:b746614cc9095c996dfd7ed1cb0bcd064335d2423d260128ae5265dba7bb816c
:c4cc59465c49adefa230f836817f7e2e99f34e090f35e8392adc8b8fe76cb834
:d7a28c667b3cf62ad98030278bad53da624310926cf79a67e545f1138ab28409
:185061ba4576b465ac440d01c93ae885db1dd366c65117ced41d1489a35e6050
:67226ea914b157edaa820ac69cbc88a49a1fa8773ca0c9de1f7af737f831bef4
:0c1ca828fb1d4c4ba01a51bdff8e16425f8e8bfd84349da204f1531bbf17895c
:5e41593bec391d5649ac4204b6f7dff406d5b030e282bff12941a2560e833cc8
:a7ed220282de29537fc31eb53ab90fa04f817981818d956dfb394c01af62bd82
:e53495d943b0c4b03ab3e6ed116b109ef5860cfde1fbd47e2a58e245013911f4
:91012f4b7229bd1e305b21db6ecf209a6533a2f1a2a66cc7139db290f4f9f203
:16c4dbc736448cba6afbef10eac25c05edf821123d51888b41ccf28a1267b4d2
:0c34db75955f3860b45cfb277563685aeae032aff506061804e77fb953213ed9
:db7833195f3fa68ac3fe95f10f5604f7d297db4a5e5adc5afa3aad955effc94b
:d738fd9815d8c773c9bafe42b03a837c4b363775a18b76f247082aa9eb60dce2
:fd0ab6e5a52442b1ec39b1d41ef99af6a86517ba76b2c8849ef1ac3dbd8003e7
:4c87603780bc3052204848e771437cdf49df31d780f881ff17e6a361707792b5
:a106f8402ad87817e2e58a97ea02f5863c4bb559f50ffb79edf00af77cd4e3df
:4ee56e0bcf2482ef6c88e62633adff281dc26fac60f3203243913b8bad526fb8
:8d554d5f1c503264b40c6d46025cd295475cf431f9ee0f88accec30856f5bef8
:833b49d34d343b17d6211fc9a0a4e1465ad5ebcd62ac50758f8017e454ac234e
:216bf011033997eebe7375c4d32665ea9fc148693334cec9255b7f5353862097
:4ad0a6645360877183210860dd1405c1b0c5ac95a9b8d8f53767e54c274e412d
:ae598ed506610db6f608c68d04209af76b5587ee7f46c74de5b417d5720f7e21
:b82999cbd2a9b3eb3aa7bd1d7de4962087ad361ad01e5bda45859875bfc3efea
:126c44c08903309436170d28393b7fb5eebc3aa76d37d9ad8ccde1a202b44456
:8fdffb4c532eb352eca824750c757bdb9cdfb45e653ab8f3e85e74531b0b07b0
:b6db72201c72f580a05a57446c172f2010ec5cb34ececf933c396b878584e261
:ff2a058e4310afb15a86fed9ad432aba138f805c7e69e05113762f3b02df762c
:de94e331ddd70237724fa9a52650b6f360a1c2be8c5e443f3a31e8210bc49d69
:3fa9f1c0b66f72cea493e3fd50ee9433f66be29229e0c2930b9bffa0f4d7af10
:1fbc84828c4bafbfefb4acfc02a023105a7a456a45c29a57b1601ee61250d978
:3aa41614c39e1c8b88ddb346d6e36510a338d370d9be7fb87be1f19b6f81d95d
:0d8206e16af7ec9008212376f8c90328cf91f21280f7aef670e788749efcde2b
:3d4a4c9af579af5f08dca0b31d8ed44e768dd5edcacb05382ac532f05b778f04
:cc3c80fbdc72b8702502d795e4c1907f60964f621203a5f049fd23ba2327597a
:aa0dd00f34c236e2a7e2f6c4fda8e8081e1c84f334339e2ad95c3c5985b11623
:e9f5f2004efab7588dcf379204d62fd70e1b477b2b9b91f766fb356b9a360e8b
:cd8ee0ad8ab0627c1fa5a57d822909bdfda733dc5d80b0b679871777ad2d2c16
:fbc0c261e3ccc3822d37cf5062bfd21ab4bf3e4c19420cc55747de1afcdf86cc
:81da17ac1d805c3645513139bf9c284fbcf8978615a64fd961d778a46061729b
:22287b9b1ea5f08d0d9854777b30235b9da046ca12dbb68fb2dff8f499c3d710
:d02c90e8a1fe30542b3efb1f8da8aa5a39539a62ae8ba09b64a1214242c1d17c
:46de5d90c05bd494dc5a7843dc5646152f6081d4e22542097fb509b81507df91
:c2a5474a822f6c18f8875798c0e88783cbbfc754115950c8bd9baf6971fad57f
:860c768128c6b9ce6e71131773f4472dea043be1da88d61d0b96bc6bb0c90471
:e6020072b83c7a7507add350cb4e8ffd0685339ffae2e38d39710a27a69d90e1
:0605315f190f4e5fb5f13f3574ee18cb20c7df3dfabd9acdb4aa509dba620a5b
:d6e68eaeae07b38a2e76ef75085a31d3f9de166afdb54d09ad7bc6237780fdb0
:4f94134ec0ab93b6329f2a30e6ae10ee6863310b5faaadb25cebade121ea01f9
:8523e0594443bd7b4276a1a76d2c6d687a73fcb5144382b62865a7f04ba8de81
:d5a3881ff7f152c957b7d1321a39a48266a64b63cf44ae2df085047f0c304c00
:985c5ded06c15509c613b529fd59a3907347b52a62b99b32d94693d64d55438f
:b69f3e2c76f3accae40b5a1e9e3505b5d7ed031da8ad754fd2ff058f4c141f09
:1065cc2b4358da14afee58a3feb8b5bae1b0257002f2541f094daf0d922cd597
:1037dfba477a56b80e387f4778fdc00f1840644c5eef1bc7c0e69980ab7f9498
:0fe21e28a142e0435b4649a7963c9a24b92ee2a2cdd2c2f68becb86c378f8cfa
:0b3297c9a2f2c44f74c15f2f3bb70a935bf7b1e1554e49251ec8a83dbcc69d18
:8992cd8000e6edcd775bf5d0c2cd1cbe92c0f368a2951fd5c752365617a0703d
:5176ca6f3be8049c0022781750e02924e5ef7dfc20d5fb48851ce7402d978271
:5351de245d7898d5ca101b820ea709c6c4c85f4de7604ac5e3d36127f2368998
:8f8467f70d2ad512f9bffe3c66e494c739c57810e2a7799df868dfff0723ee3a
:f3367a1ddd8633d74712d38bb9880543ec382e38d0fe7cad890c857395fff71c
:e687f52706060493711264a66742f08f4a3829b3dc96de31429eb83dee2b97d2
:3e37d72127e2d0e8ee8a560c6afa3c8948cb12f52ad7dba13a165b2d6f796f28
:cf152000323048c180b74fe55fb4903aec627bba841177dd42bd463f414d7e06
:b9a46f5ca186f539ebfae0a3363a7112364683bfaedcc5bc519715a6b2f930d9
:ab74ea6132836b3ca5004e21219637c56235bca4dbe5621cac52a2360ec93277
:33d21aec3695346288e87ad9c3ecd855bae49b168b0960ff2c98ec683018fe25
:25e11502b402ea83d4f2ae615e44c05e7387e97cb1c65cd2a5755a43c9b97cd0
:ac453f6a7303cb54340b6ae6c49283e6d2321b28db8797fa396ccacaaddc0b11
:bd361d4af5dd02d41aaa5279ed6e1cd3c0c335adc4a470b51d0df613b8fc4292
:44b42eee7e17a44284983051e313f37aaf23755bc508038151014607865324b5
:a1cb6b1382db0987b7fd75ef772e34205004d0be9bf1ccdf9508f2f58f3ae303
:62cc52420bb67cb7c55db67d796e1aa88563787fd830e523d1d54bacc179daf2
:190268d9165eca78cfa33d8c63eeb34c133cee55faccef0a6fa2de6b00f6c337
:80282bc9734c624bf66744452c7201d4602f6175617f916297b274d64c3efbde
:198f03a7b2cfae10a33d21106c0374ab145ca48eadc17671abb10762b0fbbbf9
:b2604cf2058e8038d3abd5b692c9554a0db85a5538e23964370f03025293e53d
:d68f4fdcac188fee3311eef154acd899a6b98d49d2f807ae54505f0eeb80e13f
:ef620abe46f16cb474904c65e2391070999c2f501f084c9b30273b0048825944
:ba3e0956f8640e2ca8f27adc2689e2dc72fc12f7b2c158d3519157d5968545c2
:3954f78ce26aa6a67856cde25cd7a41220739d3eb6abb38ad04d009677644a17
:7eb3a1fab8591d8821c40a15e341970f12f42757fa0113449c3d37cfe985a8ae
:99b371f407d3a26b3f0518a45d48557d2835fc35ae5bb649be86142976e2f041
:a630133c26aaf00960876b9ac92d37af6f24563a945f7250ecdeabfdba6d3157
:ddc3587f383b51964403f99685f7e84b7a09836189d26490addc0474edb80d04
:dcfedb9c07856f97bb1e7bdc9ea274438be0aa1c7cb78c6092be1fbffcecf25a
:13540311a5067ee8b519d512fbf5131cf1dbb53c9dac7234c2bacdf0282d70d9
:df901b6652923784637892bb039237d1a8377dd3c4eb4b8428bf18f47be42185
:ced9bb56c2f7094e43e2ff005b0961c483bad35c4b78a6e59b70c69d13268adc
:41d1c46dee7d11772d9ac59064c7d36db7b9bb7135a522c2ae776d8a102870bc
:a372a2a3cff92f62522e52e78e6f2216ae85c2e4edc3357707e3a134f0259f52
:ea0a50ee82cb649cf256d17a00cbc097bd70df81fdd679360c57b73ff550854b
:b9c51f8a4985592fbeaf8639f805ee7dd464df496fc9f7655b8036e6d325fa2d
:ff2bc0af5e8ee59494c1f8ab4cff86bf74edf0c4e0f6d1bb456f93ef19ae2346
:5095d91a079de4243502ad3d156aaf6dc3e4fbf3508a6b1045966f4ade2b48d6
:6371cd5fe8547ea5d177f4bb2779716c2c73cf1c7e8b5fc7bab47699371a9aad
:99c3f03fbedeb95ab6e4e779ee1a993a684abc3935573d6bede1954edbf66af8
:758bceb765d70890b4cb02c48547477d82a0aa9fbc7a1be786c94d27608d880a
:577b3aa7a163b062cb1e994c51bad50ff53e371f72b9eb44a9ac904a5e6598a4
:bfd30ef19ab1eb4b339c3c105c6e09c396a5e6b3cbceb6c0292126418aad339d
:574e843f48cc966880f7bb1650a6132430baec73bb15d2fbb63a8d43089559d3
:7802540575b2950bb8734c9aa7544fb82f344727928d4a2a5e9c1cc0dd80d0df
:c887e2bad4d85bb70dc4352822cfe59f85d5c960685e369ef493e7f10a4e1bf9
:e4c408afadb1894493e9e195dd8d00702a69bb701cb1c8464f23b85b82c28959
:4df9fea93af6a1071e6bb367942bc43bc3265e5863752c3836920c8282d1c8fe
:4ed3297608060ddccf8ada2eed3a19cf2f51e236504b5e90cbd62d75db369234
:e9af9549e6f44422a770a1f198b869cc3d1ba442a96630943a7c0fd01e4ec4d9
:41ef4f68edabc2f261fcd942041f10e5c357354d7fe6f67a7de9842be3e5154f
:fbbbc6632d697c34ba681a1b72942e9b65c152bbadb7952ab4eb5108358add73
:e8bafcef155e0ed14f32b1a1128ab5f19be9ef80acb88c2c274c46dacaf26791
:569e830df25d09b2f031f2eaf73fcc5b585bee3147713a4bc6398dfdbf274632
:564b4b4c3457ada1d2adb3d90f6f64fc78cc664dccad77a0248f0ab2630d9cfe
:a8fbef92bfed60f8e722203d2b5769eff13329538b11b5790884d9b6686fd088
:d0527428aefe6ccee7847284af3130923995b0ba8ef958246547fb8bd609279b
:0e638de36cf4203530cb083d245848d2db4b024544699ac7a688c634cf0d3a20
:bd3ef1726bcd5e32d00a99d693defa5ef3eddcf2f5e85f5698eb19dc73bf3a08
:804ccfc679777b0531e097e3cb6b60785525128d09e12b0099efc243d220df31
:07c4e327eb29e3452252aa578c33f8e75ba69cce74890132e93d6f258022cfa6
:bf03b809faa5b07d9adbdd20340989967a77092729aad3205b137a0f00c28d2f
:770b70651113733bbf74fa5ef396349d269763d76ca384c8a8261d629ef5f979
:97573180cb8ae297c77ae32a94571d08ecc5d31f4f51bd9dc2e98698c5bb2196
:753001a1d246da932303cc4b2ac61500a57cdc48d53b67b8a7565be8d93538ef
:fb9ceacfa77e88add072fe201202ba90fa869482d261b7210cf2367f62b384d0
:2efe390f3b40bdf1200e92a2c9e7ddc1ef76176f0c7821332f410d7f0d50dd52
:150d04e949036533a5bb41089089be6ad41d834fd7766202ddb9d5ba716893d5
:7e89a789bf3eee8bf3a75d14d857d2ea9179d3776537223c5206183904cf1812
:8e3bab415aec906d6e6fcb14189c207caae2e4c7584fdeb67caeece1a97e12cb
:e2096bffce33e80851e205f6399676844ed2b683f54d0ec9d7b2dc0e151a5e9d
:9d38925fd7e03d24b45ecb5550bc267c678f322d4b10d152b7839fba5fcf0381
:0af0c93d6a785829227b574d1aa554bb8fbacda02fb913f53a2d1ab4bd5cf4e5
:92383d01348a0495884256689cf7f936f0317ede38cab5d5b06b6c0d9872b098
:65f52c76534cb87f7f789b0f6e1e96df22a97916efb89dfe201ed1cb8de4714d
:f69ec608348cf07834a3487ad05534588841281aa25595ec33493c9a94adf470
:4a63239081584a3e2292b12bf0558eb75c16f4813667c51d4fff4363e408fad2
:1ef473e618a57e0e11490047397e647b50c9784c2d1c9fb15c6bb42a6e28849e
:8c509a02a051f032e90980d522b3a7cbf4f2293f8f7d15ff4faefd64a82e02a7
:903e3df613abaa67988caf80d7343f9f440a315bafb24065aa81f8bcfe85431a
:f7bf2242d5f974fe9c4d9343dfade18a729cac1e1eb2c50a17187b7d925de637
:e86e882c373bae73fc92992d226a32f111e140f8e259e440cac66543a3f859c5
:0f68814af56168b87417a6007573a4eb6a3843b0f45bb32003afe428fc8a7316
:a656c8714d5f7c92d731038571f91662109e0ee313c2a1b439a1e0819b1c9d01
:c5551681165937d29b0f6f7a3ba498b34788b7c2d3eff37ff9e5181b3e864b2a
:42699bb14fb7460b450f4a1c1f0ebf07ccd04ccc5b6cd1d55490fb11301f117d
:3487ae9fb23eb2c1db9b9ecb98062a34ce37da4254628a159f72076efd2b60e1
:85c6b87d4143cb0d66d2b3be8d33461de25e08dbf100f3c2255eb92464289389
:017d79583c00ba1645e2e5cb64249d3275b26feedd920d6b729c9ffbb45ebfc4
:b719eb0dff345991c7bd456500754bb1a9820bae07acb5e63bb484ed349730ef
:800dd37a017e9384436e94a7716f6a2de07c694b3fbf857c19b95198a9cb0d5f
:1b02436e91766dac1c084a1175fa9e55e39cb527d4ea794104d283e5deb253b1
:45cfaa109d8685d78229bae067b23c1e8dcd586321f26f461a24b65ccc9b2585
:05f33c800758962e0c450cbfba3935da93a509a3343a6323a6d90a2bc4400a22
:0752f6996b4e80ac25ed30464604e963dffcdc7d332fbb0bca3919be9c7f83eb
:b21ca6c5f76abae8742eb906afd797d1b7c24f52fb4611e1e0cce054ed648e73
:d9b63be1bd34ca236e5f184820c8982d559f5f7774dcc729b069f9134bc7736b
:b8d295d564fa621ea95ad9d582683e6a5d600c754c93f9e0a594bba2c0952c4a
:b676047752b03e3597c0d410a52034826ef87f2b0dce894cac723832f8728ccf
:a44fdce1e2d3827fe14f0544b03563235e9863642688506208ecbdbda2ff13a1
:c72865355915d8699795985d3cc549090ec03725f609febb2b3403187f19d1db
:2954ec1eccd6349609900f4f8f940f49b58efc60113778c719285a8b21831754
:1f54c05a70059e19260692dba9550edf81295e202dc4fef7758ec88d5f52e4c8
:781341a7ebf5c34716ee802adde7131b7a3069154c24ca97168afd6ca7a06bc9
:314b1dc3dff8473356760117c10cb16d9649b284b8516a198d735bba55ad72ab
:0456919d50c0e1de3e69005947f77c2c2e8961b669f6911020ec5cf3b0084262
:fbdb728ebbcb7346cfa55380d11a176ded483f62be4802c7371382f453a5af86
:972e8d3d7cbc1aae9bf6f4c844360d8d4f1813c0af02514801341aef65b7fb4d
:67ebb5d2c1bf8cfca3fea30b41cbd53dc829ca69ee8d24149e08d3bf1caf46ef
:0ecb24ca14f7d2cd84e3f8b343222b941c71c5f4112e9cf2043ed4444303cfc4
:964b72b711ca7504cc8f7dd49250a20610a37119154497177b0d286470b63efe
:8b9acc28c35b1549b6257163e0edd50af69d6291dd2fc6585710329d5210cd4f
:418d7a4d85fbdcb66a2790e7ed8bebc8a10ef751635d595c91dce3e6c77fc88a
:b8715ce4c2e095001110d41614e2639b1fe215430159a934ce0f7ec4c4e63ccc
:272398cec0db948557cee0ac788723a22f374d2785e0fd09d8afe5142551ee10
:4230e5fc816a0521bf9eeef7608a921b62b9d45b9d692f5c3bbbcaf7dd3dff7f
:0b9d6dd3640c4cff3489ae14f0515f4b86c9a3bb7c6ff60e67dd30853de8982a
:907fa89efc462b9b4a2b2eb230253946509921f080b51816b28e00d62c5f19f9
:8d47621f46692909ee483d2a97cf639243161fcf91301c36dae0cf55ad83a62b
:101085739bfb925825db20bd8153eee8ef3ceff278395c5c6efed6a18689ac5d
:cb0e2eca92b78d903613a0547805241151c967af8e95007b1f5b6a1b3812d46a
:be5b0f8aa05a4ac976cdcbe19c66afe2024dc4f595a9e3a07daf505a48377308
:63035cae443d4429067c72fbbb9de608a4c793b610dc4028436154c74e33c456
:dafafd199b565aafd6e21b7f05a3e57e3bd40abadd36b3549f78e7f3eb694a12
:d068c2d1f92de42b4bb5da9677ed7ba6a5121c0f2aff2485eca159657f2eb451
:127b8b20811f6d72ffc47b14338511a768a9f5855ac29d528bd310da399ea3a5
:d80bd60ad8ad7a1218ba3adba838204e59ac9d18944bb8601cc1c5a2444ab853
:44611a8434e53894f62b9cfe87260a00e98698de6637877683d089a7c5be7d08
:7e1b035d4c7982b8747f012d1770439fe961bf472311af45075666c78a52177c
:f3975d0e3e158190660b89fbd57556a5b6cd4c9c2ca2a407c8de976179fcd508
:ce10c60661052b7376db87f27b05e818e1a34c4fad2bdadb62aa1d4b3bdb1961
:ee49d51290a170d6cf721f2d84c435a754e284c28f7c1d4778dc430f7616a841
:9fc76a26fe63c6fa059e01f208a0aa4f27d1694f9dd0e60964f35adf5c4ce7ef
:2bb873a590f1841e980a44f8841d230fe7affd9c70d933de1b1250ca33774b7d
:be3bf5f383e0586d722e517b0cd45b4e72775fa7b2f27d51309196b6584d22b7
:96008170a8aedb2c10804f5aee89c884de61084b0706d1cc446481661d3194e9
:0bbd9b6d4c17da46ab6b0f77d107ac715e112cd76e466de5cf85aa06bb233ce5
:134ca59f9067dd300cc135eb4daf0c62badea9a319832078856bc9babef8f868
:d098a2e05be57b463fd503aa16acd598f5b66e3034c092fcbd965153eed79e4e
:5346a021337133f820421751f67f21dcf26d0c784482db78406a21702f06b6cc
:df94fa32a21e54bbf2f79a89d53fc73bc6c8b462e195a6fdb0c6c2e1e7cf79cf
:e3b284e8383564d3e9e3fa843b5c14847deb442a952aa85651478f2f2f1d2e49
:2927b8ccd5403b2539e70620a1978d39dd5d3aa98fc6a2230b717e2b6447e7ff
:37796fbc7855d3a2d7f9a329190badb3083151b36584c261ff2fb96c1d6a1fc1
:e7c414c094189d95b9205158ff89af40f1223c320993a57e7b738c06e58b653e
:6b11537faac6973f1d56b3f11b46eb9c022ee311e4b40c071a561a44963fe533
:9b2ed7f05a85e9ed6db7be2f3fdcf348ea58412bad3193a8abf362546e643dc5
:d7b80d97d128f9d0f95ff8f79a1053b7da5bd2840d4cd62a00aa6e5834aa4421
:5d8097027d0b2e80d66349a826b8d6c2a3c42f7decd5c37cc1e06ed326fbe573
:9539cd8ae20d4201fad32af7cf86e32d3f87562d2adc6baab2462c7ee5b9f33d
:4dec38ffe7ff253101f9100aff98175f35199ef6a1bc97cabfaceaa92556325a
:9701ade202e95616cb0350d61978910e5078fcca110a54b6b0f2c070be9036de
:36d06172a485e04f246811a2fae728cdb6c05c172dce22c75f1cb2ab2abbcd1f
:544348adbe20e4c1529901d2675b27a3768d9a57855b2ae926b24cca63a5080e
:cdd96dd266554eb2633663d9c90fd25c025cb193b586ae7a78556c16d85ebac2
:5af5ca2766a9d494d8ccd3d15f517f46eb98da267ca0e21c4ffd03bc785065d2
:4e9a2912817a44cf91a6c970bcf9d0d84d3ecd7ac2b02425d280241f6b71ec61
:797d0fb00705c3ebd61ab65cfcb45adabd521bdb821d6c69852c518999876bb1
:9ff02214bda3043db72618e7297ef56f7f3254150b0ba55fade148b80fa2bdaf
:13b642152919ab5bca59e6362a0973c6fc57c75fee13003a75e04d0976e17c55
:11a4c405b4d18f46351c2196c09948b62d1211a8998eb7b0ff1700b02523b14f
:359662a799011bb758a01ca31df3607b4bb1fa169fcad24c5813282876d94fbd
:2c95b07a126a50f763afacaa5d33a21a3cdb4e0673f72b37b174b755e1bde9ae
:1fd5326e28b4968457909be7a5018117d4c865ecd504bc84f122e00ba2277a27
:ad1f2703e0ef65b4edc42468b2f07b86e8eabe63fcc006753f23141fedf27690
:5e3c0e4c83bbb1a0fecc64954969ebf93656959f2c73bec86568e13c317e8bc0
:0d3d7e60b681429da026f41cf3b2a8c28469822dfb47f4d4a17fef98ae839669
:c11bb9cfb5c8ae8aa397f75e7f302b0c8da9e0c2073f4d55bd845b42c19ef29f
:c3249a9b504ada9ac2f2c137a2bbb238ee047b8d1d344bd78e7e0f2608ba14f0
:2be4c223ad1b1f9683ece39e2c38a737e1c7191eeda4847efd60ae017b5f74bd
:7a7427eb86ab9378388b442c8b33c1567fd8fb8e1d072d96538e77189db52591
:71123199132c4f079a8b9614ac20c0e252f80932ca8617f3a47c832c8a025010
:76e8e2b429cdc4740c9e0b19cac6e2623d892436b2f94aac6507af3d072233e8
:7579eba8564e7d959ee6f7e8bb469f207ed432b563abd1e5f807085794d08ce7
:49596cb881df56450bae2607cc3046bce859908736937816da7d9b921eeaa6ad
:69cd7953ad2283c9c565c3c2435d99e35fa1accd25bbb5d52de2f3735fbb318f
:2edd4bce7242f580401c5ef2ead45d17210ac8ef19be928a8e6776b77394113f
:03db527902062c9b88402914a996a347544b097f0f88169b97b18468093a48fd
:c03ba1291ea9899c4443247837c7f9cfb9eeea4e3f04d930da4560611814d935
:4b316ce7bad0e169652eb0a30fecaa5bb24737b2196d9038dafca24ef368fbbd
:62eee59f0c4e1e94bc8af714e85952d21a5a345461f476dfd78b6b0f9eb6943f
:7b4d8a9dd1d954b694c0b550cb10b271a37cdd86085be4f4ed6f1cca9261bbdb
:0e6c9badab0804c88e62c46d136e705a60a37be9e4b40eb47c85cead15839231
:0983a498366bbea6f866498fd9ea439e6aad7f5aea6e00875a9083edc96baa06
:72daff3ca430cd69d2515395d6b1530245fd359da897d4535ef3aac8ad94f2c6
:0396e71d9d9ac8e5312a5c06e040d01c36c91fe465c5924cf9b43430615451cd
:decfdaa26c7e80a7590edd2317d0a4672ec3b4fb2c25e3f4fa17a436f30a936b
:312a21bafba91cce2273a43b02a33ca66d36fb10e56b164858402b0b3c3031a6
:6e0950652cf7b8fdffd737279db702ba29aad7eb452de3d681dae81d1cc8336c
:9b9c72967f09e3c7112aee913c733f7acdf06b58b4820d6da9ba2077af2f67cb
:0c2077e73c2814657322ab33fbea3a65c03f73b079a7781231dec6d4bb391d6a
:f26142df188c4d5b6527523cec98faf5c7b0971ff7d5cab9cf678a853d08c255
:04e1ec174e9d5b774f385165fb49978c9a42456958b6def60ecc47b1d3bce35e
:097d83de05bb37f6e20c9bfb46a83f3f53a68dd1196ae5b9ccf4549a43c1cb9c
:338a36e22cceb0cb4df72914fa7271903d17c6d3561a8c1e85ccd19536275a3b
:b924e887cea70aa40cdb28cadabbe2ac2ca8cb3a07c87abbaa307bdf823795a2
:6ae3e3f9944e4a810fe10ff93974f1c422551dae78e4fe342df130989a7cc5da
:2134d3f6f9fa7e88a1b5f4701179f191e6439312a2cbb9e687b926243746ad4c
:010d6e038635ba2711a6306f6ea31899dfb7a5d3212007a3396cb1e7da825b09
:38d30cdfffd5508563d7623b07c1422b4e6cc5ad4406bd925c254dc076f62785
:57f60b2a8e0ca908b93dd2217aa294b9067da5ff1f2be7d73f18cc574f67d96c
:c264c4be2b988b13df4d05b41f1caba173f46a5caf173ae04dba7fd400181660
:1de979a3e4d35a5b98704252fefa3e6183e0be81b3228437ba600743fdb44785
:8d3603854cad60acf5c757b071628b77f6e8d0b68489e0218bc6ceb121f7ccf7
:eaf74f31e6d13b35dc307be26e6aaf90b087b94bae3d911cd732c1ed22db37d4
:987b8a877cbdd840aa5f1744d8a140cc6100b6a4e9e7e99ff96b267e1641d962
:496109299e2f44816f016a6a8a528d94a72763c8f0606d459284b092b6317b3b
:5eccd531d757abb90e1e894c7afcc632f1a9886819506148d194b62801cfd0ce
:8ecac6684b5624d5fea292c5f1090123a1f896b4b02804587610689ff71bd1cc
:522765c5e8424b9f230c8a01335a599820dbec3c9f3c4af18ff5e13da2546fd1
:ceff2c36ff04f7c75cc771a47c078c384aafcc65dbc485ab0dd02e6f8e6d2ee6
:b40e1316206199947dbdcbe5761c2adf61f1c7fd171b5958f34d85e0ccd746c8
:8bcb9d482394a50b7fd76f86ac741f21b13b321ddc598baf6788d58fd2149f3f
:7b3d1f498b3edee9b1b30e97c0c4bf9d5d62cf723fb3f5d2e8d682fc40cdddf5
:6ea77a8c301e025faa325a48d8204f85f0203e69bd540918cb787730ce53fe37
:4e0b8b669507e54483b793ce1d0acf71267ea9b5c166b609ea8d188df5930844
:cf2ae9883256e28181c165e6fe38010f1603772357830248afde1dd2d8e154e2
:946c38dc140da288b1cde8ee96b847a8ed926c437f6420dd1c31db61feea7d70
:f786afca46591f26d0e6666b37f9fd33c77399bd31e969d77d724156bfe46299
:c782b8a28e0d69143d57a8f7613be32c66fdbbb7a5315b856d6e405a373ad696
:0be947956ede3886ea380a27bcab3ac67fbe6c17503257b3d8007ab624ce4c51
:1e1ce7842d3a3698190f4a9522d5e219c780e538bfe46a74ce99dcd8eb12cde6
:e94c3f7e71c6a7bdc1a5683860afd46803a9d395f0b3ff57178dc3cc04e414e0
:a19fcb93cebf9556eb7c9e3272fbab8fe13991ec9da9f24487713be71f68406f
:d3c9723e4f08f6719676932b228a102c24f00b0491ea121097e88e1a1542780e
:53701fa008439452f80c32167b051fe57f424cbe958c9569725978e66b93b614
:2494a2f609e33dd9e63457c0454beb105c6f96486ec8248d364f2aa2206a4181
:a09bc4bd04b0d6d216b02a2ee8f8c9345c560b04949b5ddda67cc30ecfde56ba
:f29cbb0bc381295afdf02cbd97b0b8b67361b1cac548deefdb6a7824c0090f81
:141285420ef7456501867ed2e5154d77bb0a6679d834b308a9c68629ec11cfec
:038accfa288ad3c64bbf168f4d64b603103495794fbf6485c1fbc4ed0b27e539
:e6f6d98036dcbc0988728321b44c5f1234f7bed2f001e6a9d317ce68518e748e
:9358a971459b9993f9b64c3784e2243ca074e216ab31208a25709bc29c6cf181
:7d115fa4c42cd03cdf41f53e7d047ab71df497a497fcd52ae892027981d01842
:1bd1164d3795d252c5f25dea710798eb8c643e88b46085f1cd6125bfed362f0e
:a93b118fbf27426f94879e0c7a7462c978d4ec0d5fefed5a7097a9daaafdfd73
:066ea9085b033c81442761f59188be3120a6b14e12fc6b131bc9a5d8ce588c55
:26b28d8e3ed57f5027c2e1ca28ec158a49a3431599fe0f3d1cdfb44d51293af7
:882bc4cea01b2623cafe6f6a0b040cfa1fdeba31b70c0052866b609590c1f220
:5b99c64ae34d1e0d58b845c8548ecd0fe99234b360e22f40664d21394f590168
:b9a0013873f0fed32b612d836f6ad08e12f9d21aef26c062c4f8679048fe8b97
:c41e874a62091832529bc61ab245212ead6f6c908907a5a5113ef097f664261a
:13160c8966430a4eba9975345e5f85277c4c939cbf0871e1abcafd38b8c92ccb
:46f78e83f98d2cee51b7d36d9c2f8309875599e894702751d3693daebd0a78ff
:ab32e6906f0e7c02cfe3ad8beaa8b5d2d7cf7c0003c168c900204f2bf262ac7f
:df6bdf03fd80d047a1b326a595ea2ae9dedb733cf6ac7a45cc02d2e328892ca0
:8ec2ebf8c405f21067f1859c06cc25e97d08fd7704642278781eb79e18863df8
:80679a2c97be85db6b3e9bce8a86bdaad396a8a8ae2b15d6982626eb8f77e126
:af20274ec479c6fd381aab57614ede1f63b8d414166097dd8dce226bb59160f9
:5e4fd20079a993935299a5b14cdee3d9b1d9dcce71191a60520ccbcdb9d3ebdb
:2d81c5494ce0fa06a98b605a5196863a9ab7c6c45759eef658c8da742315864f
:d55141c6b172d2f865537f63b370c413e7929233f35f9d1165aed5652cc9c56f
:56930bd4e4167f9875cc2a17dd4416c63741caf7d2775e8de067bf04007e1845
:ff886a73ec9d5af09b23ab164c1303b6d94117a4adcfa2233a3cfdb9d81826cb
:5db87b77d7654261a8ae3140bff868f01aeec0fd361cdcf080b8b5b842102c7b
:21991d91a065b9b43d2aab483eae845dc7aa390ecbd07c282397a088c493ee5f
:a7eb3f6b0eb55aeb4076b03b1d6555717e7978180ff579fe7f74ad953034076d
:ab4f31041c2bef6aff47f29ed98f50e949c22673b3ff034f5979a1e3280082b3
:7e6c5ce1735cb7e4c4af3b6c58b15b7d5022997c227b347f729212a09d351f83
:7ad605ecac4ac6dca86c20dbc8d00b71640fe8d7d7cd93c580fca0928d060034
:4404f4bdedcb6033973648d1f85d7f9e92dd51577fe6b88c17e18a84a8ee9765
:ff756d75096e6eb8366e208b61a45c7f8c8d9de36a96441abea81b92c3becfe8
:7bcfe594e5eb76b2018f3d8c574aa172b5932b83c30e318adcc0f43b6f1263bc
:187dbd2e6357a19f8e4576a9f24f095eefbfc21ca80b85c30eb712918024b5c0
:55dcf5193e8942c0057d4774c7fb46346fa95d4f886e35c5df1296c3df5476fe
:6aed57518e302ec224414d95988a57819dbd63bbe5d7d9f52030b13220914864
:b8ab30c370629437654a57d53a79d8f32724d43114eae959ef0c4e58882b91df
:3ba6215a1858b52b7f88760cc9702d41c605e7b8b06230a8af566d6a6c7b7c42
:826f04367201c21d3303f442d9d4b24f3e05171826231d8bf467c9c14a445956
:bc3f1cca36c9a87b448fe90598b48d4ae96bdd79a81313163bbf3e48a645b103
:da0c2c4c3813b7feabea089edb90b59403f83b9f44074893f393d2deb04c4fea
:348fa399114c117dcc1fae1aa6693acd25d65e5a8ec12d871fe7b0174ddab84e
:c315e8bf87225ee2a78d7fbee7a92d619b5c09643208e73e6f9fc99b713519f2
:ebecd6b73cb853ece25184bcf0abfc0c753aa364303137051c76da4ba3b4fdce
:511912bf2f30021f267538a71bab3d04d04d7c157f2e9c6e36cbac9de4e402da
:e8fea787baaf32ae17619beb83a23bd6ef58e93a96aa7f71a2a9dc0d93c7153a
:8d9c01d9e949c4c601f3a8637b3a768ac1421f9f2c48ef7bf9e3199997e44fdf
:a018095948c90dde761715eeb4ef077384162ca624f9b474da231eb17f5f6a2c
:ec0fea9ccf23a9fd9902845f7e3e60b09e7df4d270274d0008a2df2bab4924da
:3fccb9ab09a77e58d85840e512d9b999283af3c05510aa6170d560ca038a05fb
:da38146848610041e5f5a983faed49744a3b1df7eb2159b588290a3110ddc7df
:5279e128db7e66c62d555ee17812d10c1b8301da46a816160b74ff7914c1c15e
:016a23b2754ce3c23e4e66521973ef07f07314463760cf9705bc0e83972e7cf8
:8b418bfb2a21cdf524487dee6b097c735faf28281d38dbc4966f48316abef505
:d29bdfa733d794b7cca1d6bb83760c3f7763e61490db9ba415a7e8670f47e9d9
:3bd00d7f4a0b8550ae2084436f73516081ff04eb9d84e622032fb11fcc2ba665
:cbb92b3ec00bfad86e35ceae152270e4e2c627bcec3da81d50c8c2ad35fcc7d5
:b60a813e11691880ef4011539e4e6552fb08e361be5d89eb30d74f44b238cd20
:d21bc3ccf1b2e89a7b419a34bf320257f718394f6b8bed08f4bcedca1e0d05bb
:dae22b567f28a6029e66be53b32795d34e624985663746dcefc54eebdc7d668c
:995c104c70cf5a64e5d9c33577450ed0d1ae6fcf8dc46a461734717a89684559
:92481a6b465f10fe940d4d23a910ea21846a8a41892e09a4d070a33a4170c637
:ba6dae58922b3d50375431d905c45784c1473da238a9e34fe80d9ad6a767c440
:4a7873c3353b497a9fd5f258e49d3ecafed6950035518b8b3cdbcc4f5db54421
:f5d8aa951a80a4cda0c576b76f9d83b73fd473e3c708554c912cee42dcf610ad
:a444b0b2a857126366df182de2340ebfcc5903d33fef48dd7012a3036b9eacfe
:6b7e02a13dff6f18a09a44a5505eefb93501629184dd088c7a3984e72f56bde9
:d4d5492b219238e1f1ca5a4a4ff2d59a51ddbd5f68047ef549bfca7e1bfba9f5
:e2ba16ac028fd117c91571628684cc0da28d8ea018f71736df81ca9062d549e9
:fe7be19d3a901088414d4ef73e29fa9e8f31e68491cbe194c106c7ce2043a89e
:6a2961eb4268b6fb581e7d6b349dee45f3b97b591e358d5406c29a1a0b77311b
:223066b9910018bc3fed94928da75b27c4e87aff1748dc2c7f376cd196785806
:9c90eb1252120b2e8f3310eb078b44533f5d3956df85717b1f3a8d41e844f6d0
:31fd4d6a1f6cb017ecc932d0e91478537cee4cb55fd1dc07138af772b9d90bad
:bf25842c39e71cd5372947fff8181f8010a6db91c86c087262de4f484d06ce5c
:341c268879eb7d197fa4ba940efb4937c028564fac95c5e63699323b2e0548bf
:b6b09497c280a11e024ab0be88b5e9fe782840f1790fa0c94774e09d36f49227
:e1dcb3f8bcfd40ad3d2adce20a8b5f3f8289399ea2e6f7547ead1831ec163f64
:efdfad24e1f52d09898a11500b394fbfb579f7bb2e2ce3385b682da2ee189b3a
:f122d9b3dbbdb2a43f086c4f318fb82485dcdbba8f6b4bc19953dd13fd719963
:8585cebeae4db79a6ee75dadc425958e38ad0f1820937937ac447eb9f35060d7
:232bf19b34db327fd9036b85a27b81dc30356299a933b2b7a73531f14319028d
:85d270f9158ad6ccfddd9b40260a76c304271bf33d071e981886666ef60b79d0
:c7cff70be182c091b741f2e4034b22d9e6298a65eb9b03ec98f721fac6b0ea64
:cdd2ff741be9d5237baa0a3786ded206400acd36559e6806870b4b07a8a86225
:13f21263cd20817b179bea598ad5eeb94e81cdafbc0b6aef5e392612482fe52d
:3e5901a5d4b52de25e61986a454c70359bb17b005f3edeafdfff4eaa3100b5db
:2a8d45d4683a4e9f64728d85fd6e8d01b59d87f497cec9785aca32bf0b54db99
:f8b252936cb4883365f2fe1cf3ed0091852a49a577c5b53cd75d1aa706f16ac1
:8c5186f683cca110d1014d9e58b6c2884257e7cbc000e81960e94d52eca98e00
:8fafb2ddb0b840848f9a410ba24c6388a939cac8567336e17a961fbd5d98681b
:a425f2d871f9cc554dc9f59c049ab8e7855c06179a984a41c9783e4e08665fe3
:205cc46bb5d806520c85e5c31fe51cc479cfdba565ab8d30f6f8caa560c776c0
:829a4d27f3d6788e015acf694c22673c9b0d0c178d946d864edd3d1e9e6ab9a3
:dc6e8fa91857ce65c6a8cb9befcb881bd0f28bb35b348c20c48213927b251769
:874e251d6535501fda96d7dab3b7eda0e1b1262a1b41ac2595290b27f1ce0a04
:470f1c8a5b76ac30ee8037cc3c27d472db0b609357022ce32d4207053655a64d
:dfb04f598f5f04b9bc76e5a0467c7f4e945cc13bcb5db2c60fd13b7bc848746b
:59f1d2c78d7b7e1c74270d887ab65ceab0068cde8867adf8521514b07928f721
:d6bd9ab4d5395c32275114baff9e2cfc90cc7e85f3416db11fcef2ed53cc1336
:b2ecde32eaece0764eb2999fb095c29bc6e4f97eb90265d7a572c9ff674037bb
:51f6fb66c5b24d125a25e80e74d94ed742908ed0b2f1fb438d6cd335a1cc4b6b
:20fc6c2e909eb156a02fc0d40d1282529295b873797be5041c11f9e74dc95e8e
:96cb45fcd7cf16f1c0a783f27468a45a7d78ad7e031d1f0b667971521a0b8a72
:1cc08d198605691a7731aceb6453c94acc67718e1942274c684f4f3465092be9
:1e433d6a1e66ab51b5604c7c49b7e4e207c666f8bd2a521fdf313c655adf0492
:954fbc00800b573ac33aadb5ed3c81e98beeca23959acd6f39d319d36d35a80d
:072da8556ad4055c81b9c31b45038e84109b3dbb65dfc7be482d6076a3b8584f
:0b0126c4cc6c29df833783dc7a4263d2f8c7b2a3195541649a6a5bff4a99d4b0
:28ba2e182d72ee0f0d5beaf8b003822c90039bb44d9ae1bf52e7614593cbb9d4
:009e04ee7e52994f6433c3858510c4d911c487c3cd73e9b65932218fc46e6dcc
:6a87eff3b44ef0f9091c5144191d1889863306d2424fadc0ec1927b97d28d70d
:084accd814e862cdb2edbac27e71167e6941fed1742f31e5c80e55a7342b5914
:65ce77a595bc9a01fe60a1cc1d78835ec872e9517863e57357eecdde050e727b
:60de2e9046660fa6313a5de47ff79bb4a30802e17acff4c7514e112eed640860
:500a91d28b903a776b26c159beac85f9f5559014b726b5784b0bf6826476938a
:fea6d45586af4447a6ec76ddb932f61d6f7ca1e36aaf3f7363010ddd2521c5ed
:9531b53984f47439c72bf9e17692bd653ca61aa13b8946c07902ca6ef90c6e1c
:6e769d53d892973f8840d67cfabdb9801a5ed1076228aa1abe7dbdc8c43268ec
:2c1faef6a136d46f8686dec1862fbb10c0b1e3f815cf56e1fe1275bdd8662d8f
:34c291168625fd751fc76246e407fd7288578be55a6674369b6e64ccbd5fb91d
:4bef5e63e85a9130deb7335b49896a167ff128d7e1bb86ecf3a6e7042f1baefd
:cc01a21ce59ae73c73577b1e17522c6cb25e25ffbc5a00b790db9fdbe12681f6
:4e3f9dc79379201ebf7bf513089c277f0f4dc2027a1e524f5751e65d5be2a870
:699e1ee306104a2d3ae81d1f18b6dfa2b8b20e9d96a77de69d2ee0f761923a36
:a21c9f98326d776acbb380d94c85783e6c382495febdc830d5d26c58fc76a912
:ed705d97af2816b3860bd549b5d936fee903b364bd310c5e4447c3d96d4085ff
:5b4f1fa2b47f11d182eb0b2df10fb9f6f50899699f16133c8ebda3246a1c7fa5
:3121853852d5802f7a708ab3f440d765e9e6c616cb2770c964d2e48f71564a68
:fe308a3b54948b1f2ab1205fb5cfee3aecea552f811684d1ae118e81ca59280c
:05238e664bb861626c472f9dbd7f7a8a062408273ca5d7d1fb29580677c59d63
:b9a145cf62b80d65772279c7ebb7080cf20934048cdb6eb188584677055f8486
:0672e192b948a6bb86514ee0891f51cddc6ae3e8ded767d88649c6a2a7ca594b
:5343056d15c3616ffc92cfcb849ef28971c27d7aa5ee87d1b90f82adfe36e504
:954595897cae8a8f4236409c5cadacc796382dbe86e1db64aa511ff98122da72
:280e2f921086164c3cb36a34e990a624e97d0969fccd2ab5a1c8b443761dcfdf
:78917ddb22a4a65922aca7e84e5b214fea09379ebcce11bdeba1ef9161f2f1bf
:677b2a264f881643bad03ed5a6aa385473aa97ed1bbf16530a500675d900f03f
:09e4fe978a2116c9521180a7abdcee1180649017616558f0eecfcf3994b13eab
:2d1ae6e5b1634438aac5fb11f07ce1f2b9f5eeb31a4da2321f8b54d4df767e20
:c0d882e9d3108b984f79adc4dea37b63293e34fa562e2949f03c748fd7f5b6db
:d8bd0b216544306314d1ed959958327ace3865310d27727cbd3e207d19a3849d
:aeccd3468a0b89dfb5198a23dfd69d1e537856a4eb69870607351fd095bc3bcb
:ff0f86733366692d2a37714b52f2a4ccb48fcac13db0ef2dd5c95706e16bf150
:fc7e5b9f36183c6a61bf319a3cb06521b6ec7984f710c42f85a0a4395c298a23
:90363664068dd9ca8b71abeb792a5ed6eb45ae0714fa9ca422d5727c2083e60a
:bef0529e7f5b9aabd257f73c03bc22555c503a1a3a025c6f9513988e5db01637
:e8ca96d9c2fd469846ff68d64ac3bb5767023d89e71120ef49bf031732999283
:9fa2ce943ca17dc3b9f5037987d9df36be01a961dc93103914da2565b9a26622
:708323c0ef96341e68c6a13539d668f61fd47a7ac3c53c7455aaccf07f1570fd
:9f761fe84a5f0cac91b94ec197bb26fb526004870dab7b3491dc90d87758ed7a
:039410a36f41ac40e046aa46bb7549a5a524e5e83a9a3baf64a720220b1bbad8
:25504ceb0ce66f13ab73e6384c9d1f3ff3cb0df7e1fc072cf8f8492347072ed0
:492f4df6872fb28c356cb15f43571a90ed3d92959d80f6836bc730e77ec3ff21
:7d2d0a0cb4cb3e4dd9453e956bbab299b682de2cf90b67547eee9fc0d2d494e5
:93595a27aca5bd67e68323a29e291b1e42208c637de050424420f538e44b7a12
:6df940bde3970413a721545f5ccf13369ce4c9588fe51da26bc99ba9c5140622
:4c725259cf3c910da71cef9b6f70651f1f8a11290dc8c92b59b424c792325817
:77582051f9225b0b305e33b4c05e07e70338c64f7178d9ea7909ec45c3d31c89
:08f5ab52fc4748898612db2b1f9ec21debcf907b2f38c19f129436a54c5239de
:7655a12f65c5d661a91f42282140caa0425f1d342381712865a02544fa6d5735
:896845f674b3feecbd86d66ee6e50241316b5db6cf03cd1d123a1bee2c755385
:8885aa8734470e6e20a41c861a532a9d58b500fb4596c57c8c9eddbb4069b535
:061f66a6a16bf6ef6958407d37a7c746ce187f8a4cc406774687511e468b42da
:139a670069c0a864dabee24d7c6a4490bf797a376cd8374f38acf2cb0d5780c5
:e34b5607c5f4692ad1d73f9eed1ca736aaa3c11d28b18c709e077a648152d5fb
:4007e903421f71541cc12eef870ab421d3cda9f635b56fbe38118cc5ce407df0
:f0902c1d84cfabcf9932205acc54212b2ff7e14411d955252da7567a780b01fb
:a6ffe90e7026ca1f7f2d3b661711b4d1049f026f4fa90185b73344d676e23daf
:4edceb9f0c72801d1976c57d4a9f64e979585a535a69bf3eec03c6463b3f73db
:bdc880edc541a5b80007b71e1a9a8194d6b566d8ed9c9e8878850270f46876db
:2f944e43ef22a098ef3748f5447e03507fdc406bd0600190d4a78048b375596f
:ca5c5d9e9c790927723d9109a8cfc636c174bdd32a2e141867650ad21c001c1c
:87a0117063fa34c4d78cffddb41e45c717687520e5ec30048dcaf24aa0b2a844
:d830f1015549a9ac68de28cd1367367fee794985afcd2bd17a6d7c1bc660ed4a
:93e052d049421530dbd951869d5dfc358f29372c48f913340ff02910f7902b40
:b98c5e2b9a8f937b800d13a5a712e448275233820c3bc8d1decbb76843fcd629
:6bb409f73992faa54049251037534b46eb4df88bc713c2a5abe900a7b4e0d90e
:9dd3f910a7d661659174606929957bbb7b082591fe9708de6eeb1268df4693d7
:e0fc333049b16ad2da4523ee7bbf41be8f3bc93cf7ac86888811b10e20155843
:357837fccef6d1a24c487e11200e19a27108982c9bc79e054d4faee819178cba
:b7c996c607117333cf3060a191dbd70ac2d1b3f95800fe6e0849926cec0ccc2c
:95f090e54726e12b6aa2242e54e7996ce50394b758ff10aa5ffcdba58e00c60a
:5114feed08b5593da099bcda32017a74ac72dab58c40b04025f1960d2b63e9af
:5fd749bdf477a5235b336d89129cc2a121a69fe30668859649b7a9747e641d00
:b9e987183a48f4a7e61364e76c87d553b938ce229e9020b1153224098afd0027
:e2a8e0794da0dd2a57b5bb89773d2988891e5c07f99f79d304b7f935cc93f745
:45edc3988bfe5ffa1f86fd270b10f33a9e7d52a56f254980dc3188f422fdd8a3
:ee16a61eddebf17c39b4931b447d1e69fff4318cbf92bea62e98a9e9f76d31bb
:81232bda75d0bf6e5e9f68f57b37f58cf10d85df9ba17559ff367e795ac6f047
:008e4809b3ce833b3dadafce02b81c2ab74937ea5074f7590b437e62839a263a
:e5301819c91072a7f829928943bbadf1acdf5413ee7d3362546990abb5e9e03a
:003e3fcdbc0d897958794750b84a52938dcc73529e7b1edd74414b8f107d12c0
:1596bbfbd2b78ce94ce6c2248f54a8aa23dc5930174c3bd37e4f06181b4a08bb
:385e6d718b7b06362fe2fbccf9bc946c3035c02be7647320a8052f309f6bcf49
:51b4cf972453fc95c0c0126d784dfcbdb54403cad44f7e17a60ff1ebc55ac4e4
:01e415d36774b972a7f02aa722ccee8e97f6ea7d8fa31167fef59f8d75927b3e
:9b7ce84457d2da2b2d9b75764273260af9a07e05daf6bdbf66383c92f776bb3b
:e73e499cbae44aaf308a915cec93721dab4f6c3b96264d01c7c15981db613364
:3e4c6f2651fd38a2e6fca9765bddeb1a73807ef2735ad35f1ee0142c53a9b26b
:95e9e2cb229576deabe7d0692a37437a356ddb193981aa0c4e734fdf519924d6
:fab5a836acfa49806ff83267b7be3e2292ce7d856ae3ab95bad63bfb524a20f3
:53b69674890b3eb1cd4a91f436855a1633b2d996919f698d51215f19f2e77279
:47587694dc6b2b88028efa341024ed342d62d25f454aa0ed707d655d19ba7d47
:b3a7751f927c62ce7a8634bdaed8d2d0a83ec5e715d16594e08ab95b0010fdf9
:fdaf6964964ce72a14325da38713a05455649b018380aacdbc7cd82e58b0fb5d
:798f2a1a993159876ddd8848c7c990e5506008aedfb966ecedf0f9d07f3c12f5
:d43decb93e39f119c5ae83b84c9585b1a1f0d0b6501e5b8a3ef82753a35b0e80
:f726de3ceef6ad577101e9532de04cbc6fb014a27d3f9952b5a1369bfa246ea7
:cca8d71697330beb93f9b2483957b17a2c9815f638a30b82a1c36e0adb39a226
:7c01453d34d17fffd0d9bb386410804c77cf800ec2b5bf35d97710f2a0f8fabe
:37732dce42f726b006ec598a2723f91ac96e26b026e9de5d2b70c90dd7f64c9b
:9b63fbf81e6a73821061bb8517dc9189ebd6aa1ca53c486d1592bdf68cd7d187
:a6f0a4b1138a712ed964febf0f1e88a5903928d55cafc6f84c75e190c705c43e
:d440b88daa13c0ff305588b675926133805064294fa8ce7e8a4c87b98e78cd38
:9e9550f50d614b5e838f021868e5add8ea0ce522270c0fef318b49c27e63d25c
:d8a065130797f149a2ed1f1c057462238bf105c475b6f889c7721a8532a722d1
:a13bba9ab8a902ff5008cec4734714153f3a8c857c39f5c9db1051ccbb6912f1
:eec6468a47ba8767600e3643da309fe116282e354c1698ea221c3d1ff309566b
:8d10c4cbae8e54139586150b0042d0330ac7f451c643f0f6138c2868c9f6c996
:610c55642589f0cd97df31533087645971b32258e54ecb7f87e7efbaf77d60ef
:a94b75d99aeb4767f4c4ae353ccfbbf8d01f03fb702c30df3c14329dde8f80f3
:1571c1eb8b6d327b2e7dd33d0704196c618aa9618a5444172b6cce9417293e11
:00a5d31b50b5d090b60151073dc227a54e378f1aa2282bcca72981dd3be27a8e
:5b7b5c979041b2ec9e5068cd107a137fc25d462caf6be66cb75b9e6c7beb22df
:5374244b8ee494f7967c629ebc2660723499ae4c721e91ae88842c349f2c3e10
:097c39605f78c11826996813055af4841ba5b2c690a0bcf9dd06fff484e2ff29
:47f27c81f54fd0309765d2edd13c1a761c0a065e81f535fc60d4432f36e85b33
:6cf25f53a7863f91c0266e5f3d57ad61120b1a328594f3efb0b986b72b031667
:d14b586e2ef1c28c1b5d31a7df0a95fdeb016090b3545337baa96912262cb1a7
:6c424eb6c6ea9c0ee6e29554b28837606b65414a80ed21d87e6e7e1fc551a068
:4a599ec0dc1d49c643dde660530e67111f75c47368d7f392637cba990b04eaf0
:a49ae3228f249d2d2557c4f9ff536bf81c3b2679798c82fe8e0af23ab92d3ef3
:5807151f7cc6079fc6fe5b44e18947e8c98f80d3cfba172db1db992e10acc08c
:fd6cdb1a274215d303911257919e7095bb1800a4f91f32994e7d50291e8e1a59
:8e315505775a27f3c18228f6ddb3f045336dca04aa9ebc8aa2af64e120771dd7
:adb1f5fa2e5f356d392fa048ef902ecef792e5513cad53ae959771560876de3f
:69d38d9d28bb18be59fe0893b44aab4b4e4235df2de52a3bb89384a57d32f5a6
:da83ab6d94983064bb1fb3bfe3ee00954d6abeb244a2a9ed5d03b3ab6d756d62
:9ceed6dc9366f91d0cade63d04e63f42f4ab9443db60c50b67293a6fb8296444
:5bf6bd97146b6e96daa8a168c878b4465488ad3b9def692a32b696b7f5f668f6
:9d1722ec23cb5a301ff24cf06fddb564fde05fa151496486e4fc1bfb85725ec3
:870c52567060f701ca15942921c3705023e79c714be16836aa2d352d29aa01fd
:6b281933c40794bda5afa0bf91840cebe20c1ec7f3142eaefc2da27423e28c58
:3717fdb6ebc70914c7e1d32dd1ba0eeba2f386a548d083fb51baa0ea3ff47c1e
:05bcc2a3801f1bfa71e5b26b1da52e005ac365848e4b2dde3f63071508e0292b
:78f8a15298538b8354e1c78a157455f25e438472f0ad07bed90e1febf348e6d3
:671e322259f5f29151e8adcbb922a99fa89a7b962187b0205b10857eaef607cc
:3efe1a7d054bc149ec938667dc8c436da65d35b0e7c8266cb1d78a69937ad186
:a2b04516b9d7460271e7fc7d77e6a886057b1a14e78461f6fe2da63812a57f83
:083fe9f23d3c566329b34a6b56700c33dc8bded4145c5ec5a6703de92d453721
:1b5ecc1c713da4916c90b53169d2fc827f5c39375488afde67c68cf74801ce17
:e89f90054a6d8108c363abeeb17e7d5fde655c427bfb5cb73004b5761ee92310
:0dc4d4dacd7cd101b9879d58cf85bcbc9952b5a4e89ed01b9ba2a03f869d7b41
:9e8cbb0c81c4645efa6f569fb110231b45b013baae325f8eb6c57e443ace19a9
:e4142eaa1d5335ee8baf21d8304f38a2bb5d1cc84cf6a98e5548160f422a3dba
:37f5aee89933e72fa52a4cea905d5ad3e093be175e9d2c78731480ab58a1c6eb
:2d3bb50efdadd27829c2eb23f2fd9edfce5b218f3447a6f1769850e515327725
:cf4dc4341bb88b897e7a27fa1cf7b400eb70d124f4842bfe41fac50d0910b157
:64044d7f2b9c3e5cf3a1e7d1e6a329d36e466473b03c898b70ef15bc5a25c450
:4f80138df3fdf5d036913d083bdd5f03b68457bbf1af222b7395900ecd265ab0
:6d0402c850d65fa75e6665e0e4054e03afb0be8935936f761d5ecce2aa9d4fec
:ac2ce93fe8176c78194442e5a474c49cd4c35b2dae5abfbc08e8239df315defc
:3184c1b0b0b90d915f22f9ebcf81bfe89b1d5ba4cf95079891b9023f927db21f
:9166ce08f9107e55dc26ab90e736dbf1ee956fe5cc9fac4daf8a0ea19e534a56
:8be4d7f26af5b05c4cb18bd94d22c12450080413c92d1f7267dbcbbaf7a83890
:a8ed98acd46af10b0823a5d9dac0dddd3fe1f1dc4930381e5b5a3db36acec55a
:8a059030935c7c13c58111a616e3c5d945a4464ef514e4e0b1f624bb51733f73
:fd6f40ea70381901c6c7d979741e4ff5c55747d980ce8199ae18948249bd4331
:153741351ec1ef69401b2623f9b8618fda18b854b1cc6f4fe6d6fd9061c4d4ad
:0e961e179a3e6fa75a5f2b2a09d859d84d31b19b3ad6b530308f8fe5ff242aed
:1f50864f99860fc69b1d279c680509f16e47f0990cd9b4cb5809cc301c085107
:0d3fea6b618095686aaea26d04eb4cd69a1110e53f8e5b964ed6353debc670df
:10c39c5fc081fe6adce07c8ac2eb1ec62e53acd1c26bfea19e2330559797d5aa
:83ed7dabd7e8d3cda0abbd2e497a0d3666ecccfececf4a92b43931d48ace8cc2
:5254f412623a416f79d838c472c5d3b614f5fa9b1393e61409a364e44223050d
:d2760acfc9e85ada1839020d3cf4232ae2ce8aa039739d177818019603f996f3
:1b239d1c6c234fe55a940d52d7ef209d9433d4b7981bcfae24a5825aa41b9021
:73a5217fcbd6ede612c85d28ed90373d20ad15d19b82ed111f2ae42b6c326a15
:d17d85aba08860ff620b861e312c75c47db42a992364c3f97f3c25cc7c319b6a
:e6576d14a623041bf3a29016400185c710fa554372eeddf07742c4d6487ab8ea
:a695afc3f77d4a2a057a9739f3afcf035f6e302854cd86d3f9b55c1699590b0e
:7fdcbe8075ea33d7674735b33281dd8aed15bea8eb6f4efde8a8f39165d7f156
:7edf02b3a9078d4f5637f8824111a3b5f6bb7a6b68e11b7732c77503b0039706
:37dacb22c15c328b6a0fe5c166116ee87a8d334c038cd4854212b609c3c68fe9
:e28bb8c9a966cc396947ed3606e7b856cbbaaf0cc1674a9f02f08f1da4d2360d
:145b994b31bd81b33852e05b9e607d699ab691a6edc99a49e815a8f53904457e
:84422eda4a3615e4cd60b85f30a6fb70949479ace0f2209407b709e60f4dc227
:70e1bd49e1e077af743254767e28cc923523213028e57efc583922668ce2113f
:cdaa57102db04aa55aed1fbd668f63afd73d0e77f4d95056a6631aaf3ae22990
:06ecb4156a21350ba04644afa4a395474d37b95a55ddb9897fe12756ef7c8b56
:fc38a679ae7b33fb185995e5f32d0ec0af408a72fbe99e8d09a44929fba6ad5b
:9b5efebb9af53293cf55592bf2e98bd3179ca462712f4c34986312196a900f1c
:ed411b3ff240e41b1adc01aae4a64ec7b4d46747048101c33fca43ba372cab38
:a794e72c67baa09e2b1290d81fe222d487786aafa4a7bb3dd76ac75e5a9a12b3
:249519efeb28ecbf4be87d21c6d70ee91c8781ac4808ad9bec4ba03ff8c7c316
:cbb7fab6eb4e8d3ea6e86e60d905e1d5ed75de347fe7b808ce35e9d7318b5739
:e47adfa7ec6c615eae3bd165304766cc51f930d996e8bd2ddab7309a362eb0cd
:99f1a6d3eb4a419b44006742f51a7b2d40cd2d1b528c5571c6655df7f5a63c52
:b61e9496a4910dbe3ce7f55bd9a8e0f2a35b24988cdbabded90d90214eaa2ac1
:ec0806642fcdc121f600a8feb8e603f3de9efb4cea85de81f41b6e99f536943e
:93c043f8a041031cd6a36c687690ebbc0287b0968885d7660bad11f000cea503
:cea5ea0ad385b037b9401a6b4b5c5f1e02f679a7b022ea9d4922052968f328bd
:60e2897913495b295c68346619105b002cdbdd8b14ee2f31f87e9b522080040c
:5549eb38b97d564217c80982e1c93600261e6861d33d4d6da570b1ca1292bdeb
:67cf68e1522ee01e658e03d5430381d44192af5e6319bc6f59f846563a982a0a
:c8c0c30652c52353595a0b521d0964d58c8fbd19233cf2c20e20b8f6831d6dd3
:37e895dfa2c92e040f7cd5643b2f7e84b6fcbfc8ffdef0fe4da93e4a6b9fba07
:d4586f4353655badac882ecb7170efbb0659aaf882c20e297ba528e4e7a69104
:e11e44d9bcd13fc168d923c40d6bd5fdd1d17d40882be875c4cf36e922c14fd1
:4d0a17d5e46cc6fec955c5a0e3efedab6a520ad1e7bbc7296a8a95015ed5f610
:e0c0e41117087abc1fe1be78be38e87ffda77a7225babe2392f148e6b1e6b8ef
:26f692a0a1fd6e39232abae6de0def766dea05f9c38084a0082b3f8261651056
:4369ca480b77926f26d16803292a463b2fc1131ce64baf51dbb12816bfeaa171
:37074a0f0d34e81722c4125286086da1f76e0585df4bf3e6027a855914f75459
:402ccdaeb3505ba9f5ae163bee75bafb4bbed378f77d9f5f266812b3756b0e01
:e892f9e8b842e1557fa4224cad8ca53cd00bdde03603d2b313111ae8d39d2f85
:834becb7e941a130fdb5a7f71c48b006f3dbb0109f8df6c4e41d0874ea18d3f5
:07ecc885fe5281f3ef708ca29b0cd53393713f0c4c770bd130b52b40feb00573
:6dc7ad88ef9b9aecb883e5aa6bdd2f21106b175624d4e16222fa4248aa8048b9
:5a084c65c59483c1a3a15bcbda31a45246ea4c1e7666f7139d57a83c550eec4b
:bdead671408d8522eca0837124bfd0cdf4483f86683e67013c10ced357116eed
:fd90d859eb64f3de7e2254213bd4869886cf30f564051ad388c583b74e55ba98
:13770f6c32af19bf08d441b01caf737327054e8a232143f5500a3a3b76bfc2de
:537635dcaa00a43671a484ce0f65b8705c16b9c8cf4d392e3acba8e6eb25844e
:e0f5a5e466400f6fb29ecd0582a7dfd8669ebcb31bc887dc73fd258370484b44
:74f53359c27bc5ff432d1005b95a96c5c019e79000bf09709159a259bbb55616
:195eba3e8f0096bd40807b816cf5951d81740ad44e079b15f05c790225017d82
:ba61984af3bf1f88c67bc29966b66ff18ab631af8566db86dbfbefc04718d9cf
:ae69dcbf72c6aaa4e8f50401330638d209964617955dc0172543f6229f2d9b84
:edfdf5a42e4f53f4a40312d1db303692a67058b63d405d0ee3753deed5ddc4ce
:f4bf6967c475bbe6cf9e96b8b4cfc4452a6dfdb2642421c6d8f6a89e024e803a
:80899833dc28143d11db9ea0e6bf0faf5a73aa7e2cd70f35df90eb5838f758d7
:eba6ee1edc538da6baab381826dcae5fe510fa4cf867fda32ecd2fd6d780faf6
:e5d01be4a3b6be4eae90525be555f0a4b72f2fd30e217ffaf600e28875f87072
:2cba097fa023300f550d56875a7987c87d52580b52c11e786e00d41e1b4ad29b
:19b19534cd335586e4d53e8ad54930eda0ee0891686c5bb6e9d82fe5cc41b741
:7ffed2f1908b1e1faf88439d22a8531318216871b2186cbd93885df3573c5d3d
:2bc96469545ad14e222e703e30e63356d154225c9b584b98f605c09b0d4b3627
:e90280793cb322bac973af3bb1c4d09efdf8fa77742063fbd0b1c855d05c10ab
:892269202754d11966dfbc29b84f1a883b06585d529ef7caaca428862c5cd304
:bbdefe8413286085d6b39c34eb4254878562790de4443f258f691a390db5494b
:7ed5ba9d33a317344d228e155aa20a9b7cf66891dd20a32fd3669e56ec938e57
:1ca91c95357afe029d22111f25411c9913ad95ea52c325d840dc4c26e42dd8d8
:fbe809e2bc91ffe6797268470b7334d38b8610b9317621a0c4ca86581b5a49ae
:17f7c3aab3a1638418c681e0f9731dc5d9ed7784948da13e4b9dc2c61167cc3a
:78998955a6addd7ab99cb701da49b792c1c74c90b400a380def9c13b1e81b6a8
:cf4909314fb34ca437686722766e69c73a9c0c10f87c90c150671c9454c4eb72
:a148f5e588f20c85794798d0dd8f82996d908b4ea7feb54a4f5725a39789d2ea
:9ce79ee779c7ceefb138e1819b3efdc534370f716fc422a1261186be26fd0808
:19e6d7be6bc8167eeecf4c6bcb1b41402dde20cca6d5f5629058e5c3bf898883
:27c6862b17c6a566a5a875b414607d21c00c1d675023593c6d27c4cc7ecd9f10
:522a2b9480ee65f18322717dce7ed7ab42d28575963577133ab7a6edf851d502
:4d194ea729db512e2ac16c12efe373372092b89a6b7e97679c58073c82e53bd6
:907db58c41c96bbac5b2b7b9d2f53f180b32b3039c9f4df5b584d1c2a86e6dc5
:d0a181940a50f2f78fd039918efdb691074587e8a6d279e3ee344d156286e290
:f2e566b69d7f5373e942d9ae6ff654110573c9de8c74e79034de958a180330dd
:9b1a75923e25aa537edfc5d856c58fdd9e1dd1f54a691483191720cb6cd258ef
:5f8a2cfed7834750ad0c6eb63e231658a8584325c87de7e35ec4825fd9973428
:9c75e7d26e7e69727c264c1185be87403e2d2e6ff0ab3e5bf439785216ab09e3
:f8fe313c9ddc605e51a32a7de69e25907ac420b098081c599317f41b48a9f488
:43465fc6a65d1d59435c32c2320284eda01f7da04739e5d5bed42b725642f476
:5cc18bf5252236d158c118d02517fe2bd39d14321094435d61c4b6e29cda9524
:535e8674a4f6343abdd025bfc400656724184821e60b984bec1371176c0ced7b
:1ff3cb7cdd9a6e267ec5a9e6bf3bea986222ac51e5685179ed18541a87235fbb
:dcf6726ade89fa7e4f180f4c7de62e98a05e6c566e411ac08d8860be032032d4
:3df5e5183952e459f758418b93d2fb55ff67429e02972394025ede5b162e3b37
:a0fc5cbb6ca89fccc57fa66b3706edcedcd2422606ac902cffbfe50a1602ebaf
:68d222a5f67187f53fd0df3601650d257585973e58674be94d4cd7c3d0f06f20
:ec22ba967172432f952a0a07cf8508b865dbe9310b3959965d0378ae577a75ae
:5d6700d2b6481aed3f322e15747242e8392534d695c9a7fe4727ed3b94d5f15b
:10256a326672a8d973916d62e38414774b68d4669f9508e1e78360420743beb9
:a3def795247b9d391fe6ed1a179156e16d3b7e87f3a6374dde7bc378449d8d98
:e579f7936c5f0b2e4cb6b6fb1e8fc975cb0ba03febe49ad3e016c0b03bfcbb74
:1bce8e685abef3cbd54f7846d20eebaa2d503466be22460afdf3ef41c28c2f40
:5fd43e8ac8613a1be2fd9a089d6548b8a04d5b1bfc5cca8a71ca5d4067e89cdd
:4fe7ee7f2b0ad71af22fedf29e9d5d65d9de1295c923a49cf1dbce81297c8302
:c47a2205386cb6c611079a75aedbb4186fdde06745715766db26290435381377
:47eda44d7535e6afe834472875bf1273f2cbad29a91d2299913fdffab4c04e72
:8ae109f767bd7be4e28905d7bd2d60a1e14d110e25cf853d618f3d291fe82721
:c2228fab505c2784e12c049fd98d13f8cb3e15942b312383ed0bb1ae1a47be11
:c9e035a3c7aa6eee1ea6d99e937a7ed36e332e247a279a74047c0d0251270503
:8ec9d029313325b71b1d8cfb04c33ec10a6d62c5968fb205faaf2feb7f4972fa
:6fe45cb4680ffdbce254e6600522bf5715710fc18f05458647b50d79f5c45082
:30117cd6d3ea86e866491c824e876be9a88098d37edfc6641a005166ed7f1145
:f4d8125e4a4e32d9fc74e5d6c5fe79c8285b0fb71b951ec84e22b119732b91df
:6d33ae1157e5f1f351d404491a306b54bf4e929c81285f95b6269532e1bbed12
:475f78f839dac917c1e4a739b13f030f9b9aadace0e29aac403a945f6fa683d9
:f7597e3224b3fcfeb13a5c26a514baa25992b133ea82cfd9f5f69729e20bae07
:277a4aa87de5767a664b4904548f06e2b20084574e374574285744b6da41c8f6
:e3172c8f197f61349f947b004e1d29b303df06c54eb5ec81757cd904514bba47
:5ac97bb74cc942278ee9ea6ed4edb3ee48b137cdcd884dcef59406cedcf22b33
:43bf2c24f63b6da50490224c4bb4cf5c01742f2a44e4ffab96b855497ffd5865
:3315e291e315788ce02afa28fa6d872727d5a0bf366805bd9324c927fd382347
:256f61396f7a4ab8b64c4ba481fd02eca935af7fb7870dcfa004f55b13257b67
:86ae5cbada1b12334bdf41ab9f8adc9ae4ade84c013ad89e79d1d17d9b26d143
:c1b6adc5b665670bb6935ce9caacb45fa544fab55c85b82479b261e1b9dcb21a
:8e59d7732eba695972283dab288103e85a147ba2cc2d5f36d5c9cd6840654ab4
:4663a173380631334245f8f2c57f784cb1caa22dae97747be76cfeebfc4a00c2
:a2b06185fcd8ddf0a325377e83d3d6e12085721b6eb2902610b60edabdac4b7c
:e0b17190ce08565c56fff84edbacf447623d7356eed6644b444fc5fde0196d93
:1a82844593af627fc49bd19ca0ea4a577b2515bd41e581c6dbfa13b4067849df
:200e81b7f0b46009d0f696d0e457c8110c206a941e5df6965232e2c8c307d7e7
:ff7d0cc6c241d70a12d71dce15d21fb09b23de227a0f481b837ce95f18315c85
:f16cd0809fb64be4bd7efb48c9386ab2f4752ba17653a8e694cc1096891b8382
:a6f38a9edc896103187c3aed730dd10fea62c4c5663e1d51b85d89543e45c49f
:fbb9f5e3bbbbf8d7bfd3c18fc9882b31fd46383644078865f94d0afb5a740e53
:b0aa8a82e5da8bfae5abb2151fd846831c8466eb04f467eece6ce1d74a1e2d2b
:a7e06e7020a7fd53397d847a164c7bdcec97642a77d9e34d0880b491d95fac69
:4aacfe8c9281eb87ac95f6b201cfb7d9bb58ce7d4e89b79e3d6291987846df3c
:c39ed5dca674c7aae08bd541575465e790cb408e8e42c3fe363647a6b423fc35
:6e4c3633b3086b8147182afd97d087acc9fa46f86fd17e3229e0fb48e80a4c58
:c8ef8a1c5485ee0381abf9874bdcb5519ec68ab1a8c4604ec5c72bf2310f15e5
:da27a013af3e16d3e2a34e003d0bf57dbb7caa10eb2cbe94abb6e43ec9e380e3
:10bfbffc729347ec181487fa5f0ba2733c6f4031140213adf49fc7b01d35433d
:6f2eb03957ea5dbc15b419d385cc626dbfbde5164f412f6efa2f5b67617e7e3b
:00bd477094e0640021dd0791a901a6fdae2a7f3e05a57c56ba5329707729f0cb
:348303869c0cbe89b42a5062a6aede241ba74958c91523b420fc420090cd290f
:174b251a4619dc9e440bc5643ed05ade276b1b7a4c882eef1cf064cceaaced2d
:f66e2e0915316b28654905217732ccdc22723f2952fc6a15de27e431fdf31f6b
:36518fc26b30a64bfc51b84d44537eb19c184bef6bd5e36e8d58f07858dea0cc
:584cb3cdda9b7f9d6605421e9be88e4f81bb17fbc8f75af057e7975830c9e976
:641b88f794102c1c2deff7f812c2b3a5371cd25ae106c25e8007a3e407d5334c
:ab0fc57a17cdde8b9af651238c6419cf86ebc76e6f3427b5d794c8c34bf4b2ac
:444d62211280efa1bceb8ebd1c72b907791e1b5226d16335a4c7b3658b37898f
:a12996894eb26ccde4d6ed2b759146585a6b89b6746ffcad5217352c2ded4423
:613fb22d1b0ce70e2aefffc3832d25745a91b5aa51deaaf07d43351310f12c8a
:8c052fa61d10b7f158cbc221a839cbe252232fc618af8f8c9d48024b3d3951bc
:67efb456f224a0676f04c53328dfad4b340b294d9c9512d86ada128be6089963
:780ad9e797b27527586d2faa7efc7af1391a71a4fc3f70c06c3a8cebb138c95f
:ca58cd82d185b56f6c65fd6b480e69cb8148b2a354f21e0fdbc4045a2c560a8d
:126194676ad91cae1c2a84467485e110e404429c9519d48efaebe13c294077a1
:aa5a1522305b027ec6ca2d7ff95ef385d7b9f115fede4532bfa50c50a23ce266
:1ee3d5975f6a030b88d21cfff9fa62c147f372e376b9a9024a3186625da98457
:453e894ce781afe7b65a6cce38abfc0bcd40390b1ab512837b563a7244016879
:3c0e2a2739900492491c347e432a5a822e334f2d8e6664612739f18be2b8a42c
:c98f9708aa7b27001e1bfff306eb5bf000bd7dd7a9944ca9060add41c0bd77c1
:7b21edf3499de717b33a2c0c8c0fbeb3ed3681e7eb3bb9aaed1395154480730e
:28d4de2361885c9ecf236fc59c00d1dda84feb795485291708d1eec469992508
:fa1645f3a96d48f56b8acf9924d1a2d69fba8ba77054b36844d25f5234b9fa79
:294f0b88635a581ff7af38c3827171efa6195858372e874ec473619bd37feb3c
:fad3b0f99d69a1325b52ac03f0e2bdce5a54da5092eb740a7b334e08b49ac3e1
:6a15452f938b77f52362df0819323a002813a49b0d90e9ee7bf86a6ba125bdae
:cdd6bc12379e59a6f19c10c4064d121b6afd7df40d48f8c46a49d3a6be5e218b
:a3157e4ff9814fd6fac21fecc1f8a3bc787956e7d735c0b56bb61089a949f35d
:23956aebaca12f1b69c86ef67858079cf9f008838ee9e4d9dabc6ebb0f497525
:5af721a26ef38db354534e91b17eeb3e5d88af42d2741ac43393616c635c40e7
:04b5583d96c15220a519bc1a105de7b68f1d3a653e48e79a9f8aff02773417de
:d320fb4c2098a1b086655ab5532658ca9d621481da5f5313c5ba993995a0479b
:26eb684199783d73ba300d93bf59f98a7a0682a4405837371eaa0d115c7147dd
:f3e3084daf1b8405b88ab70c8f639a9b1464dde54cd33234371930c85def0ac9
:7fda2f7680d54de1120393b2aafb2dce2e91e0eca8a6f98a0d9967ef25dc5ca6
:43479d225baf82a5dd562006b7594b35c36e4559849013d226bb51b65412cf22
:48aaa26157eaa718b42a9821eaa368b341afe734e9df2373a37cb2d649eed25f
:8ac28e3e93b81487a3082b888b25fba747c36d7ad7898c3168c330d21b46a8f6
:332fdf4156990f83efb674ed8aad575d3530d9c86ee57366b196ac5ae6cab6e9
:551688086ecbe4b8bf0dd355bf314bd670deee01ec035c9a5624d061b043ce0b
:5b783ca0112adf67ddbd0b3a17ecaacd1c5089f85e7ff30b0ecc4d641ab5b79e
:155a1568d7a57a10dd152179e886e584b88848ca60a24b208f788fc0c338a319
:6f382136cdb6046158f06dc8c80c1756ae9b14247211ebc335ef1a98bf1ea030
:c57a6a9431eea013b8adda7de5e8772cd82246a1901802b3101c1d05bf86a173
:69a63c643f6463ce7242f138dbf4c2e87eb3b70fa355451987c7c2156cb7d7e1
:69d1017b22418f3dca25ea1e0cf66593a74850498a0beb21bef26eded1492709
:ea37837a65ffcc173f7a67512744342b05f0ac9b5cdca83f5e364dc2a4d6346e
:9834da93aa067517d7c6d94f2ea2d3c28662bafb602031b8457932e6e1f68bac
:9db18c7eef9001edc74a81cab66bbc4d36fd739882519314fc91c7f6883bc49f
:d04d73773ad793526c9e6c97fd690af84dc3a35eae1503db49a59c9e0733cf2c
:b9d1e67e0c73442af9433b016fd7677a44e8a1f8a86295ff7e7d7a12f773cab0
:fa346da173e8e63343ae66e36352f4e16814a7a9fb724d1e99e541b4830bcdb4
:ed170998a239d61937bcd4b70ce73ccea00db1d974222c0f6997efd62dfa0816
:e4459da07bd9edd4bb17cd576398ccc68bd1cdde0f501ec8dad5d3c8d624b23b
:f0867dea6aef540da220550d7e4bb1c499d8f68d46d1e126bfc841d3b8e5554b
:4f09243ba29258819640eee6acdcae27e436778daa13901570a6ead4df17b4b5
:737df6ed4c8b4b7e057e3faec5987ee86ba5e00a359c23da375138be709d1f13
:cab854ea637f62bd945a0261f1ae7e159ee64474e6c825426cd5be033595c59f
:095efcce3399ccfa8feca83f65d0427e446e1713b5dd73f5f1993ec187a3d16f
:06180bc0f0c8d9b7c6b5ab79dd31183fba4fa1941157bcd0e98bf18a9208f40e
:d21d546f1505798a0b6d20b814962a80100e3393fc46b03ebe1d6292c46953ec
:27de9f2195afb5deb51cac110031d0297f645a06f837522598b439ee65efe77e
:5e9c6edf836feb6f76e760bc51fd5bc4a4b43235c4420c168b95e7ce1b6d1534
:0a0c75a6cad0e9d6cca71075a8ef18ce97d45ea9fb6f17b5cd9e6897d1b34c0a
:c9086a6387aff67b2ad6ac76619b067a87b56d0ddfccc915c4e4924171884b1d
:d7c6cd6cb76c2cf2e11071fe95f4f14e71084953dc5ada255a3492b5d116fc32
:0142af11c42279f77fd06d8d86916a4ea78e7f1f804b89bdcbfce531eeb71870
:2fe2d6b20915d2f7b650313d07c936a4d66903760270528e908698a7de300d56
:7af0122652a0abe24014dc15af32c3e8a3cc2f9ada1d71ad131f85417ac4d01f
:23601a02359a8e61d6b080de0d010573caf7dd7836308b059ee33d12b3bdffa7
:58bd3b47fe0c0bab780e8f85ea8b4849283f38693b75367ffe05653b08ba6760
:c31ee0c4e7929ccfe0c90ec60b04120214b530f9310f0a9fcb05f2f96fce1bf5
:97a522706c27be42a0a376de066670a64f75c1dcbedf1e46e1d7827975e3a1c5
:3c1d22ede024e021ab828366174b1139a5d99f392255d868e6a7c2193dbeacf5
:829e300f281ae416e1196792dc5b0d039020fc8a4a18def770f45c555a5efaea
:a91fdf5e0db6a87aa2bdcac95f4250661358bb410ad8baa0728bbbc5972ccd01
:aa1a32832cffd0cd5473c499749bd0ab9b1481531d16c62432b03438451b785e
:de6ccedd88c57c83ca8c213bae694cc1612aaea77484d489914577f71db1b24f
:2dabeee9398e145787f4dc28eff72a12d6e621054d4f4f4d17b349e1ff36c481
:3af67fbaaa99a8104f8f014a11406935135168196e1147484d0d3572c6be974e
:1d20eb9da2f9270dcf22fd681565bb251de6048a16ede43822c1a3cbfe691080
:aba0e9314b7e366cd365d884435766f293d43354de50d2040d5b9eac9605b18f
:f6a71784971cbfe5707e85e24f5509aa8ca555d5852988a65b1d16add6d17fa9
:9fbda66bb443e53ead5f4b829dea9592fdc5e97f6912785b1ba214b1bc9f6c8e
:10ea602233e0401afdd864a69eedc47e489a2781c1875b1bba08c4af9963e8ba
:1d56c2f7b85baba2f132d98d85b799fba9a15a258bb075c7fb745167a21f9e00
:c36baa79aa8ca7fc5e6747aebefe6c3e8974925175dec6592d9b897871d870b2
:f76a37240d96bdb752917d7afb36287f142e1072e8a4d9801570895360a87078
:2136b176afb1608b60e44786deda6c011912f0e149bbb0893a322edeb429a0cc
:b9f0aecb5aedae077db98cb317ec0b7241d435ba5551717101a708b8504afb34
:fd5c6c58cb8f443d17be661e1a374b1df08fab3267877febc168fe8f45447eba
:6f19ca388f1422d9df0a218a7139c7f814db83572253313ced43a77b59e48e74
:c933e7276b535a89c62409bf4040d68fba170c0c34da98ac74b2382905daf1c7
:69ddd2495b778e4deccd3a4d92152ed78b83f1746040f7211a7872ea1ddacf15
:e165b731b40aec255c17b001c11daa4d7f7da0ad1f44958ebdad3288eafe678c
:ceeb0df4ff69c43a00795b2f2e489d6b01eb3cb85c2a40cb853a45e49e0a6820
:9819640d31cd2fd03b1896a6fb57fac82942adaa5547472904511a6df7ab4a95
:ed5fcd87fd9164021334d5d6d630226110f48e21b546520f619cd8cc5e392e92
:0810a9bda16e66653338f37969da9d584c676ccd0212028cf5ff2defa6ec30f9
:75600221934995df2c1f7b71de261fca7a0dd8988b8c6ebd0a7bd5c916cd812d
:d238e77969b655f500168e91ce263fdada5e4d977c86f4d46107002d795276d0
:fb660b734c4eff8114fc549c3addacc2449e7540cbddaecd248539680e39006f
:238c25ff09633890347cdaa1d4c1d8ff86fe6683ef739453297e1a6d63e559ce
:f5dddea00e76f02ea9f8cee90ae01d930a1170d1a150cecfdba0d3ff61792a23
:c0218d2649d9e0adc8d924591ee6d67366888e317282fd895358397a682a9cd5
:abde3624cbaa93c8db89f4ebd960c0ce7754434b029261a2d90204ab86996cc9
:be520032f7a2084bb82c8b233e9ba58445c561b9303b899bbaf7174e4dacfa47
:202d86d2219b70a99e3bec87a8365ddc42f5da46c75675a6007dbfe12e254536
:70b8b03768f3cfbb33dc4ee42b97266978ac3ad553e8a78adb6bb895f72fc01d
:cc853e7436fa3dbef7f2556ed93fd583401a5be046569df13c1988f2f74e2e61
:060071c90dc480501db0dfa377499e30b2b457983f2d7220662e9cba96eef1d2
:8c5a4b3f4fbac2c5792a1ef465e373fe05df197d345ae94e7ae586323772a683
:42880afdf589e137507573de5ddf07fd59d0047aa6ef291626d0f7dff144e7a4
:6fc95eedc8e93c70c3ce9c6d87d9253c4f7e5b08cac75706fcdb0a670f207cf8
:b287eb6da7e212db6e3728ef3d114e5be8ad40b7914873ccf4be9e190df62508
:78fb0a42dc1a363cc6d2337918b69ca52b85f4f83d721d0877f4e2ffac2acb59
:56f68ad67270aabe711ccc560b5e917b89f3f2ff6e407d7e53e2f1c191fa73d7
:01794e711deb6c2059a424d25cbd0362d1bbc63de3ebcbe41d6397f40f907b1a
:e0c86cf506b02defbc413bcebd856c3277d3e1c735a8819c3a72af345e9df9e7
:ef09a0bba8f23abcc7c13b07b4d0962a5c330904941cdec1b10c595d5303f3f1
:ec13b5623c634c64c7588c97bf5cc1e574c14396b92724168a3820cb2e4bf6cf
:7609e877fcc8878746eed475a8dfa992db5f6a9d5e8b937ca3a8c95dbba98688
:635d50bfc4f4423f79cd11b13b45c00b51138e675a4ae405f53b488c23f5516a
:9ece4e1b12eee2e004f5b85bf781dc87ff8c57da2f89ec94759d50e34198b6c7
:491ca10a5b46c936b4c1921044b5c213d9063e34219ca78ae3c40ff2e5ead1d8
:f8debc9e09db08df55e42dd4723c0bea6ccdc3028bc075fa4848a35e29ff54a2
:4e55995c23425ff2e02b9c7b2d631bb6251e7abef57c2a5144d2d59fde4350a1
:8fed8a5eba40ebdf96713f817060a396f869c1b8ee49de5558a09a3826d288c5
:0b2c4b8d32cdb1b71b160739ba3a4be62bc5573be4b2455c55e49d004280f86f
:6127fd68b57ef841f3ec8f68d781a3d3802e6713305a507b8eba7186191cee5f
:03762b23a0ca94df8c28f5340d5dd19cc1d8874a2cb5202ea037be707da675d3
:dd1d7624db2a8da166c1fd34ff91339144054323a8f05c9615451c9fcd547d86
:d1527eab2c0b4144fff3012e45759576d4b3da4ff4c5229cfe723088b7d7c49f
:e4e0b4e92867355ee6be1668066c161e73480b7d0cd4ca0461f0d5c97b5acf01
:bc052b4fadbb4ada7818cfdeb59d9d8051cf7dbda575ee5d746d87187a3f68de
:64a6f233450957da1607c316159aa0fe0cb1a8ddb37c568da2d19e9cbcfac7f1
:a654bb523700d00ef9f294fb9d2df70b5f6ac2a8998a5be3ea369746844203b2
:6424f1572e982a0090d632869b08fb6ff38277cb8dd12da055f0345cef637382
:bdc648091899b5d2834992c6f6dac434430a461e0a162ca3e62e8deb822cff6f
:9fe8fb6c94f4009f9f8a88343bad330069150a8b6c82a052628a9fdb0a159cd4
:cb3816ecf4f7d4746a487326df8f5d04e5e0eabb847a28efc26f79e0cef2eed0
:8c1c6367e1289d78387478d4ea475a24952c3fb0e333afb8384926c0192a0d0b
:115612772d7493ff06538afeb16404cf823052d284d37a1e1041955ba7b84556
:783986bfbac068338ee34d3087eb89207b29ce399646eef57658ea4e726504f2
:78f2a15b91fde25e96f1fd300bab360ad86f3f6d560ef758e3fac3baaa9e1cc7
:b3ee6ebd4266404ff338175aa32b935be7fabe447281277afa4a2295779037ea
:78cb0df6213c3a1ab2604929b2dabb210b134c5689004bab3d5c5ffb51351f0e
:9f2dc6d398da1e28a3835b501f51a744e28b0ee3f609713c0c6de3e7eb4cbddc
:7ab70e41d498d399de760dc2994318161f767c9225c7f14008d489288dc90281
:047c701f3a85a2cf83faf58a47bb2a4295e48e830f51c678a50764037756e104
:98f877b388e643fb50f2d29b9d48d6251f39d37fbf20a352110ac11a742c6c18
:a8ab93b0e8a5a985946cfd5335be0968b088cc973e966ff88bcd485c29fece9c
:0565e1b910906abb3e181b03db492e9b15f166a844517f04cfd006ec9052e8fd
:d707f81d8102a59b7e884346b6dbb284d191715297de6aee253ce2dc5d01e77a
:25aaeebbbe99719d888f95f2d592b6c6458b262328d9182efe24128eaa18a86d
:5f99ec9bf77777df52eaa842a2fd806e05448e17e698e4cbeeffb3524ab4ce5d
:22d40816677363cf7267ecf0c2a4fc0de7daeb40bc4ec28ce157f67e06bc9a61
:c553e8704b479c98fb1ee33a7591fefc189f0b160fc7044b16aec0be806d1eff
:4e68d8421cdbd3b2b5834f4d82bb624ae6e38248751682227a1cd241aa41b7bf
:74ab4fcc404a4dead108de9913abb56650074dbcea3c677869ddeedc2ffac6e9
:81379df77cea47920f6bb88db79ade1599b902e2869bb49cf4a97c0eae8b7206
:a1830bd6994552299009c9ba19c94236905d0ca9459c7671d29d990278fa5293
:f461a16ee5eee0d1c7bb8208cde5dd1a9f164cb60e4086a86c4043bc4d5fbfbf
:ca00c6fc0725d55aa82b27af9088c12fdbb21fabb1893865ff1ecf4c6e1e3684
:8ed49307028df9a047749127d36d971c3660fe8b9c0a2a3efc4c9c69438749f6
:f2fc20083393389e07e4378ed3cf6914fa426a94c330ed0122650a8351618ce6
:f3b4456cb35f7c0bf07cb5331eb7d591b4a2f56e734b9483d168697154716756
:676f62563c75f7c334ebe909a9f0ec3de5c1380ed262339ef90c6b700217c651
:49b3499d11d2910a536fe837092682f00bb59528c8d7f5f381243f4afaeaf3de
:77e51213492d95986adefc50f822be77899ac094a79f75d055e38eae24c82a84
:728b22e569c695ef9e51657160e3d546c9ba09bd42c9d7ff588dc6435762b7a2
:7f60c9b70f8e651c92a9690ed0068bc5ca12379bb58461adee6f3ce2b783c53e
:6eb24d728682e5255618cdaba2fcdc929c34b8075094fabed450f6e257126aac
:25f07d38ead4d0b3853c2825db31ee34da70a794b09c91e7617f0e17a54a8b13
:1a6413a2f8a5d510ebc2bfd9386ace33b49e1fcb3b171033b4eba1486b865ce7
:0a26a4b0a94b981009b502443f3aa008e61335517c2735d69229db7901e0eed2
:03fc35a54ddeae7d74488f407950457c6393170c7b870a71b98c2d5f54dfcb62
:fca495b1e744c88f7988319016ed97e0f2e102ad0d829dd62526f89e4ab20153
:b380dbdf851fb25a756daae2a638ef9826877ad7889c2b49bbe4de66f64abd36
:73ff2d63cd590ee8b8326154e3d3b8697093c3baa48851a3b78353bdf4508897
:b7dfc765781b5e1ad4466fd40d2b8aafaa103fe4449319b4355697dac69d03f4
:da93cd56fef25c6d10340d351d4b9c22a7e2af0afdce023e6ca8dca288b2d4a9
:73329dfb8d896afbb71a1d0a1775abe5d077dffad54a89f68a1bc334238aab6b
:3018ebdd9b66ff7ee6f5a3b4cae881707242d92ea2fe7dd45294a734c514dc79
:e4abee5e69169419a4f61c7431597cc7d1a45aca06585b03b2350024c4530ce5
:7e01944d5ded906686fd423cfbc724439b7baa74fae31e7539d21d69cf0e1643
:24ff2f00b02bdf56e37da07077d305913d84725e57742cfd88b040279c646d42
:a45ac0d8edde7c344926203eae905cf7e50f83b0652f54f754a71fb4827db34c
:b29b7e4c8b7ef59a9a0903c97b0eef5b1ae7317c7790ef37addcd6ab269b09c4
:e35eb80668cba60a1415469d7a8b4054938fb9e33f743419431edca8929e55c8
:5ecf0e339f66f59c505106c8a5e72655678a0a837f78635484e6501674e2a3a1
:28cfd8af7651075d2a22ab8059a85ff2246fd7a96a8d753f39f857ab027eeaba
:393450318465cb73794840117147afb2785bda18223ff69665d789828edf2b00
:87ca0595f4e478800d0dd730f24951960da57e6e85535a467abf620d5db61800
:bd83f2140dd3c94c3183d2564f0fb16bf68352a82088cd487842874f16a1f5e3
:8623f2365b62b0a1ea0276f5f6e1013489b43e8e89c6451d7ca5ae11156f5d01
:93fb4f123b9d044621e3e29f324170a5ce0763ad15b7e501dbc0a35e4fbe535d
:49eb33c8bedd7f919a3e1b0698c04d24bf15e10b333f895bc9fa0083b5b73ed2
:9a601c0a77287ae8971a3af0c891c8b3cd93cb6d3fc3767adcfa1a6e141af445
:3a1d83883c6f7b286698d983aeea01026bb18f25d21be84eb3dfb15109e84d3c
:f589b13307cd1a2fafc2bfc1344c813fff917b7bb1bb02f0993c923ae7c5c2e8
:e8b636e60751bdef9615b6f40a6c989b140fdb68d49571ea75837d2fba3bcaff
:1b9e8d4c0bb1710fca871eb5267a057edf15c9bb33dfdca1ef23f34b2f7c7ec2
:3349f606ac307bca8048b393978e80fb0c2238330a4170351a57d553a4dfff94
:d6095570d277ad68981c3e1cfe6571d1caf8186554b4d107452aaa513833746c
:ccc32fc2ebaa5ced17734259aaa4ed1c043daa06352b6562cf125b15feca1381
:9bc86406eb019e593b0598aaeb10f86def79547988e661f2200d32c222fb2f55
:ef1a36920a886f16c5190d0813c65bb1a043ee1b27126ec24b224bf7abd225ec
:247fe21212a1faec7b139b286416e2a92f03758d87d403e33b9f12a9066ba449
:10ebe87fe2115174ae31de1305d989f32b416e9cef6f9a1c93f9317edaa6461a
:82e1ce92fb887e15874dcb506339a32d43802d1188e53c15914e0af8a0a85bb2
:b717577e875549bed7122bf3a9baaf842c2413267ee09a70172e086b24bfbeac
:f5c240d4101b29ef3c4576958d0e41fa21521557b44f7a9ba2214aedee80554a
:577a58eeb239c6f915f92dca89a4a45447a95a36f71131bbd3765ebabf416a30
:ebada04bac85b62b07d4eefa8ce1626b31afbf567ca095c15dfab88cb6e98465
:955e12d0c439f9e3df66f2b4b5f18016da66fb456605fb35ae04fc99c36a482b
:b7c508e3dc7f1a65ffc5ff5d10fbd55add1e70048dabf6bfad7819d919552067
:ecbdc16296394d539db255c4d0cbccf9c7d432a576313def7ab4e5c4db42fc01
:d76344752f887a85fd1d48dd8008ff551d756b0c393ccd5a24d1c12d36ffe118
:e6910ffdc2cd08f91d66c4da3bb78332242d6e6139b25b370604bef9f4cdaa6f
:5558e5f4b8f201dd570c5d3080da6fe694671895f00ac3d755736db762ea84ff
:d9eb252755bd5872e7d5fff3ae3c0844634717cee27c038e16ff07c9f960a6ac
:40d18652f84ff2c9b88e8131e3ccc0779e365c557ad23e635be5e6bc6f9164f6
:6972476e6a143847d341fb27ee80216bedab3948eb2ba36aabd060acf88d89be
:e3d3b2f4e9385f44d401ebe8cf4027aa8b8f53f13187ac9eb8f753d5526569c1
:18ac7501863c0d1c2949acd509d886efa256fe4d3f92d070a9e5b26614a61231
:66e7fe25e838775f66290918652ad865c90a2776145cb48ca2b79b6595e2d51c
:53ef4ea6a31d0014a91dc2294d148a1246d2705ac63c24722c0d270aa136f4c4
:6f09efa3db0b1f648dd28c7ec2fa10c994bb5965c91c6b7a39d41db749f22141
:4704a940bcb96c807b66d2c1ccb13084d0b6a6d49dc8c5baeaccb7b73b76a0f8
:125ca0c6d4b12cec39debf57376501b60c1537e408b9cce9bd0277291911ab8a
:0327767c88db7cf3158b4312b128d318bc2cb1abc4895a1ad0abc76243d915a4
:70e970b510a1c2f0d9b0562af31b2390af0e134edf3f6393fdb962a6e2881206
:4603885ce3438abb2dca01fe5570e335aedf7f6762ac8ba589564b6c1c591be1
:8de1e473102dde24c882eeab7c029633cf0be2d6126dfb672fe9c4b45c4ac65b
:f25d08c19374c2a70a085a22f8d50ac2a1a982f6325ea3764188407b8d9c875d
:3b0e3b4324e9d39109424ddf5c68caf0a1f4298991dcdd26858c16533a6d76a4
:59ea41ced48d107f45d5bdf6e28b9170a3e48b303bc3345ba113d7b797aa56b5
:c22b623ee89f7134b58f0717372594063803984311ae22aa59a81c0beef0c5fe
:bae094055c08df13542b83cba4aafd2f7a1c60ba05c26e79ae976386f7d9a038
:e6eae942a774ce753c6d9d119b37d922954a38eb68b589c9a0fd383dea61b704
:8713097cc8148ce0b3a8897abb10f3fd7134651ded2bee554c860df8fcdc2232
:d79811235ce90bab6e6eda80b881cf5844bca30818258336e5df66e4437473a9
:6f11b5f7c1d5a9b821f6b7636bbabaa27801ceaf98f89df376ad03d2a65dcc84
:017f290be88922afe6fb9ecac94ca00b1e29b880569c56d11447bd63ef03fd18
:833f1d1f43ada35cba705b4b9dca068ff4358b48cbb5da6235c59473d9dda053
:ff92f8005a7b53954962e6794c05b370d4ad703f40495ac721dd85ddd2356d1a
:7b180153df9319fe031ed07d461fc8680edabff1948180663f27cfeb5ff7ef93
:633dcb6645502ed2f2422edf2077793401283306329e178efa07984d5974f534
:d44a2172708891246a18706da5c9144c60211e879616622de48f14b33fe2e54c
:b6eafc9ffafc9761a88ce6aac700c327831b081f2a6ead14b4791d0b07fb8189
:142b9726abc21dd9bdaeedf4ed7f6c8d566fb70e640bdcc3ce909f50b75e45fe
:cc36e26571c4912decb22ec88236dec48c2286d3e07454526de479ce43fa3bce
:66f4804bb51b2d12c15c5c53dc0c7c4134eba9e4cb87f07eeed317875c694b28
:baa4b4cae03cf58b4386ecdd2dd77d0513a7cefb3da0c8f3f22e3d9a6e425f2f
:5d2135fc1ad63a4fc277a007c8e1483bfaf471341721fb99b3bfafbd6b812175
:ae36925c4feb1dd3750ceb031fabcd15f0af89f604d6dc54db78c3fa525fee1c
:cf016792898ef70302d382aff9891307a11a09b307d863052807ea8ea6cdef34
:a214779fafee44afc1bd02c7f4bb6165487d3c9cf92b89aeabce8cadeab5c583
:76c38db88d87df35333cddfe60de797c20bd960652a887c5e89550e5861204af
:8b6f9b4286dd8ffb2203f199b8a50cee43bce0de47bfc30f62492e606c611e53
:6b9b81c748a7393d726ec19b262b244e37ddb02f22e499fb27f7eff3ae4bc45c
:c03b1b867eb51981d4b70a49ca92795cfab3bbd235f2d82ce01742c479e5824d
:3840cd8b6ff96a428c9a5270d99c177ffac0ea89f4c9e8d070317aa710120052
:f6325b4760deecbe59c3abac94a721e18ec0a7f4435113fca9bf1788eefce3a6
:9c380b576a894d0ac5399f6204cbcb6e688df8fd2aab33302cf295f120d49e0d
:ba752a6dd8ae824cc7d2f1cf4e24be5e4044364c253d35920e05fe5dda435a6a
:8a464929b94e028b0d06f160820aaab683fb0de1909f70854a475b3eb2b75d71
:85095e8468b03251975605ecc282ee40e7aee9ed5080f6dec061f01bb11b3aec
:ad4aa77c9f3187b72cad9cdb7fcd7198cf1f85da6825cf70205cab61a731ef75
:4139b22101cbed9e3acda1206bc9e21caf51b16c7ee64a7d44dd2152082ffbce
:a9b4b248027d1093dd0c3187e634dac8ebf31151597048918638c60cdcaef64d
:f2fb677bb5bea77f605e24ab835e638c718851da18f269b7cf03c12c9931b2c2
:5416b9979fce14efd646235480738c99d1408f9182afe9f0a2db8c01b1eb99ae
:382c3c56b9756395777da1dd41041c0b440fe81840bc88ca289b401ddb1d72dc
:ed5a471de1feaed1c09ca087377a2e4e8095ded7df77ab3e4770b303342fa2d6
:f59e1cb275d0cdb855c56f46714255c5abfeab52bd8a1112c915ddc952bf6064
:56c019c2c186749254eb5f34e8733dbfceab87d10d48ddb747d88796c7986c08
:6d0784c5865879d5e1d9cf59bb55203f0f9382b2aa126df19140b34834efd934
:62aae50742c405200b20db49608564705fadedd259e0ff8cc37bd83e3b6f7f9d
:b48582a6d8921fb5a04d8210b6ac023e0429d94884539ac43556f05312994711
:27510dd165bfc31afa2b7d710e6ec3e6a6e9b78d1f83b0e54f360c3019b7003a
:3c250971144f868c1c5783bb0576e3c4a81363e1792f6172d572ddf531c740a2
:67c6b66512138e8b06fb7d7459285301af035932d99b2340756113cfcd3bfef3
:7f2b6cae220e5da685dfaa785c3a6cd3e1fce6f8dcccd9b93633a8b2865a6904
:7c1475f47cc9b9bc42c6c1336697f6199aafd278a6817268b0c38743b8633cff
:332b62876efd45a58cefc3e3ada6c730b193d329a19cc5d48c5ae7738f88d371
:a02d7bd5fd0621983ef83768d04df69c50954321b419684612f6a59a00feaf38
:4921121b188160d5015b8d04d90617102a266060d4cfde6cb34a0535c2a005d7
:3a23399be7b7d69441010cde7d7a136f5f94a8df0ad073dd49a5a99a79063d61
:0ee2f0dfb34974fa3d09853504c0c8eb23b99787140adb92a4bf2dd2165afdd7
:49bc4867f5835a6b88590c433962fb8d38075766176d57bf24958f3d42a82a14
:9a848dc48f70d97dd83cbed433a19114b0465e651843bd3d4f2076648e7c5bc5
:93d84d3a71fedc9ec165464604a26fc42138d66326be80bca1402854e3cf37e6
:4d0189de51549161cbb42c680ab7870c09a6a8f84d1d7f73cfc99c98dc99014e
:e6262dc6746a6ab4337cc992942377d10295d7f3bcee1f281632a176e2344885
:3bd0ef4a8dccb63fa70aa5946c0e70df9053a8664f858ac99b619dc1ee64f23d
:747a34c5ebe621030e016e9f799439aa619268fe3d6c459b5c75246c4620817a
:a3920d4d40fc6e8340af0b2ade79e7382614fd6ca43181bcaa931f58695c6cd7
:39991fc1a759c0c1e59b672685c74f226fc4866eb15db2ca5490b69f0d6c6f4f
:4a753a4f5d6330a37a443382f4b583539e9ea07de1a45f59f6335b94d957ef39
:2615da73efc456c7a600986adfc24129981ee92ee346e4ef611088fb8a54caaf
:1e15b9c9302b9ac8192b4ba8ca13acd87cd040c2b747e512b10e88b9e561a21d
:5798bab259339874fa617f145ba8d262c9a76f98a1365b08d7e80f1ea5ebd467
:5c9f34faf7cc197c96618509f48f8159548d7a53e925cb9c249b04b61a3b38dd
:cba04ac292dc667fd5ed885fc93036df7d64c86e10d65345a316ca4cafc930fa
:114dbb625b6d6e2637b3b5fa28a7b0c7649d92fa3a709ca287b80dd3515bc5c4
:ae15005122b9d0774c6a268091097e184157bbbba4b92aa57733d9ae55fc850e
:d180f37db488647c0c12c570bc44e2f8a2f5f52a0231b7453e253dacf88f60f5
:083bd5eca3f9ac6f560aaf4f00da9553a6922029d8101472fa975b13b23c1c67
:e70348a0f23ce286ddb4270e815fc63b89dc1d82097f1f0a6cff857d62a07062
:98902a301c40603c1f908b06342db0a5141e43480ee86227ec6693715928e544
:079b05453cd2df5c03d9ab9d63e34a223a30e969318bb21158c9f49b1323a51e
:07752df1cda04eefbb48f6f7d6ecffc974060acf1ecf1a5bb2f557c512b303c5
:9298b1f6363c4d17cd98468d9e8a5a16544866c57a80b7daf6982a9470010fca
:9599e53479b1720d24f33ff8e0cd65ab054009304a60ea935823e17d7b7be6c5
:8e292b2aa76edb37852a9dd305d35e40cf467759e100bdf70709bb514808f4a7
:accc315de8ac07c19775502c9482167dfae3a49dc1f6551290184af00ffabb66
:97e4585fc8c711bf9195b9e2330a3885827e50cdbd6a347ce2591c284f5d5687
:773030b063323eb853d99197af5d13afe302ae38ee08f9e4eb75e34da19c2990
:eefcf11d10b8679355f93370f3adefb7b0d468860513174556fcf809089c843d
:a092e6af547a882ddd3c6fc012cf541d07e64738a74c728e6583425dab599dcf
:8d46e9896e27e6ed9691cdc6acf61efae7a6b98e5c5b5f0b1a0683d5e9a967aa
:5d1b36ddcca2b539eb82ae11ef23f6316473d719fa94a4ed141f329d7bdd863a
:a63fca6db9bd68b051d0e23524d719d8dfe014ca9e9896ba5d2416dbbeab09f2
:9ed15c21fbca1db06f44452ecddc4f3098e9e4a37831a4fde215d22c8a70bb5e
:860a3f4b7314395d52ce9b55d392a205c76da9729e26707062cb3cf29a49ca08
:b47652a301653de874b7e69d9afa7340dffbec27e1b0ee6b4c80f187a684e446
:3b70739257128c3f120104c1c02653f9ee1625692bbd6c77d12f2ba49e6a9c85
:5e4cfbbd91e75171783a90f851f0cde654c02c7d428af91e380bc6b06e62fbae
:6dfe3dd15433f25c5199b11b150a233f0c54aabc79ba1ad1593fd85713fcc201
:98a315d7c92666b6a19433350855694e1af0bf10ff62548fa2c25feca5e2effb
:6657bd241005d496b46818ce09f7daa34971c146a3ead8687e34d3e0d58f85a6
:009db5ef06b72aeaff76033f197df3e9e19c92883d8a3fe8f0eff5ae17eaab1c
:8f35f80e5585354a3e78c7b1db30a2fd5128d52b86eb0548e9ffc7f07c77e599
:33ef0c1c2bd8131ca14da4721a7c51bb2af603087ae2748275feb736cfa49ca9
:a0fb7cb04fc757a8a87f805931b94787debe3c03d35b8ab3ec6a24b4d609fd8e
:22ba2b32874c98b05c888e70daf18b2e3a96696141fb6f6a6c2ba7f2c4395464
:c93465d030729accca383583cb9146d6c7d41eeb13e09d2f59c9edcf8030d9cb
:a7b9711de314ec481d796b67bbe8f4fec9dbaa5297f8339447f6c5b7502a313a
:abf529b1eff9b988c7213fcc1dfe80b18277301d315737c1b09b1de0848f9df8
:b6337f472ed5785352a3eb126ca21889d1b3a30ad9699e9580b8d1a99930c4f9
:ed5bc442db5f8332976951b624819e5ed5aad91d54596e218eaefa2a3868d765
:3b1430fd1e40477d276e184a351d35e7ccec6c177cad9ebbc433e2fe72b1c368
:ecc041e72657dbcb7f37b817eacdfa5cd64cf6bdc53e8d0a5c5283c5e1f2abb4
:62b31d8f7aa246c9d15667d5a8cabb01f2b82a25e5cba6bedce0ceeb2c039818
:b1fe0951352dd9d440833390d18622ec6e122d13240074662f7ecf8d6d77d9aa
:e4a33ce20980dae1790f382cc661bbc0c689e22517899854a39e728d47c8ea8f
:9f80b2d30c33bf25ae667f803f01a5ff007bab595832b91ac6779a95a5beaa94
:e9bc012e2c1f971e3179c09fcc3f30f17baa548c6a0f0515afa1eb7506c2346d
:159daf78080cc7a67de5a8e034a218388eb84db6eacda71f130fd25136d3810a
:d812ed11376b536540f397da88db4410bc90b77712653be37e23a48b18edc151
:009149e7955ce7f5d4704f3aa723c4a809167cc245f0aa7d60be49de735d8130
:1d89c8de137e02dd47076395f8f7f51b2694c6acfe70d573b03ca091990ed3b2
:66f7aa17dd0a85e51d2525801f8a90132cf3dbf3064d125e058ecf2569cb8d1e
:d39d49bb46ebc7ea37e8d13b40b506fba0ab25cfa41cfc69ec55a163aa028837
:6de8653261e218d7d9e9af052a472b6c2f47f5f90ea05708147f42e796e351f0
:406827996926b4e1a0e3b929e9959151f11e18f21bcb830ab74cabf661bb74ab
:794bd81405750bc74c9e6a49be7d1b76681e856aefdfdf472778cbac53e1aa97
:0352826eb4d74445fcfdc0a99893663dab4e5adb4bbde385ef8e70546902e2b6
:ed3557356350f8d13dacb21b5a5d224bedd3ea6c0a3c9476ac10367e10844b73
:67ce646ca3a93218e3d34c88f29c74100a85bff2adb12b4bb4c9b762c8f36403
:1ca7ce8d0049af44a8e32ba51a84e4bc892a120758910afe184b21fbad405041
:3ff46ef32df0df3cf261d8534672cc2a2a1f61d0479620d7d9e9b83c6b60d858
:00e2990b5c8fc0982ac699d38642c882213c4e455d19b373de3b30480c24a9ec
:a0469774936fcb71a0328cb37d624a3fb0787d3a163a5ddd30d6385f2c9e9881
:1b3c2cd3d36fb6639e2e98c62844cd528de55f1b9c2c6cf1c1af61183ff2c275
:bac66b65f5f5cea0cd7e908f3f48b7d9831059447f996649825eb917364e5f7f
:7afb988437739f934ca17151cb91a19ff8b0ab3cae5349916107bd0a87367af0
:0cbb36676bb76da4f60790e4ad227e0a5326e699e07952078e646b38654f8026
:a6ba6cbfe7ac5fc1e7bfd33e838ea22d2eec59fa2b2f10ea15ce2a1a77a34712
:3b133e9effbd9fd67237f1b07d9d508e47cee78c0c412fc970ac03d17f0ccf00
:84599fae72e9ccb5f8d0f0236aa4bee27793ba9e8310ce225758b86cd05fe5cd
:5d247b4b15932ff6db6e52d252233eb53f7fc8fbc4720c3b0701510bdb250c1f
:ff95060571fec7ec3862a5fd21e9fadaa2ae3c1769d347484717d2809c499e29
:87b0db7b69415b1109b4dfe138f39af4a7c4053f53a27192362d3bad1064bea1
:f1f3f6bae4f84e24a3eb4dae3378ef939e97a6c6cc00ef70742c294ce186fbf5
:f6adc7226299b6dd02994ff1350b642380d1cc2115d58514c626c0951bb4b0d6
:c118bda94470c662725098656006d879ef8fe2eaafbd818ba51e8afdec1b662f
:110ad6a23f3d20967e02a1a3cbf484682033b92d994a5022ba3771a5ada3634c
:569d1f3fde336874bfece1e0188f5dc34e90a58654987c8b84457c68fba00d89
:53f0da98aafe922a00a0d642149b224b756a6105a3d3eb32822facd84a90f5c3
:b8a73dc58e1431775049343390b62c9c4509a8a8dbd875e5b2636f7414a46532
:ccabe634f6944b9efb0f9193d707db16faccb008df75d8369b304a1aab37ebf2
:9200dbbf77dfcdc5f2f601067eadf7df0f4ba4fdb53e1b01110047edd4c97b01
:80107ae7ec160fbeb1b3b46de913a6cfed3f61e16fdf333833be4fc6bd5b7c8e
:1c8d322109e74337b83c402444da5ebd40dc6e32b009847a5d022ec882390090
:22d96609d282b9af906da6f1b82118f2ba51c6afad7639fb2d5f7755153bb4e4
:b22a2c6ef2150deb539ed9051e67dbffa98ccfeb990d7ffad893f618625a6d70
:e1da1e41ad4518c86c120a9f50af3ec9708709c3c208dc4b431b2afef0e4999c
:ac604dd926f519b7468a2f4d07ab90bef74a6a9c4b11b9f76dd5ea87af7f943b
:b52a313ef54d2f18cda16798df80beab9ea161b69f4f88ac6b32743684e8cbc3
:86900d244ab591edc8362532d6fad4ad979298d29048e835868dc9e9c2d5b870
:0c43fa9c5ed3ede9068adc74c3209cf2bbe7270fc7caa12f2186165242012a86
:78f5b6be9f020f4317146849631e6b9beaa1491d33308ed7b251351958c3d9ff
:8072c52985c36c27d0d7896e49237305842e350dc54a70fb4a662f0b7efdfc4a
:1ad772265723e8aa2194c3a2335d5eaf48217528415f165af0936c63705d10a0
:c521a21de9b1f0038a9c945f5c812ea9ddc968cd89dca4b10789d40f0e74ae9c
:750dc95fe711c2df500e12d6f1566174d26498b43a7643097f65bf07e8e66025
:afb91d4b8b12ac6a35836caf90e83cc9256b2441e695b6e59a5dee7f2ca6122c
:29e4ab3915c761c13694e285809c97b84a48317437228d1d566b5943c28c426d
:e4bd7e5277ef7bbe5a568f5762c5c57c5ab53a81474fd6b5578cae666b49beaf
:afde81e9f123ce1e1ec589da41e54aa038c9eaf873ea8e8e5cd677a711c170e9
:55a049a679cd149734e1c074831f85037a68346cadb2e7dd301ab53ef48be845
:64f75776c0c47ce062828ffd708ae422f4a5434daec3ee3457af69cb91a7fedc
:7bb8b8a2ca4bd289c9d1d0a44ce60b20be3f668d6a6120b92dee608f2db9d145
:eccca5e5e8c112f6d67901e956dcfe09b70eac12a30123a1d29d19563d9918eb
:81bfd5d7406ab2ded0ce0301d48324b22b3c8380be5ebb9aa4fce6b7248eab98
:39a3b3852a16ad2bad70e56987c143fa9b998f69405b608ee410cc2f1af9659a
:af3606c694e7904ec7a6f51a4b50cc2950f10f68e33b78883632492167327d1d
:ad519582127f5d7a07cb8ea5b05004ff98430f784020b953930048eacb77c8ff
:c9d906a2af772b2b7b38c19cc2a2dbee4c47ca36cd629f1267e44fdf74efdd95
:db4c612ad1332691d7a896147a763f151296f4f13f3cc29ed8fa725ae282ed4c
:7614ba8ebe7e0c38feb81bd90591b8adf1586836a4a8fb9be9767b164d921d0d
:2f1f3c3ca4ff79dea44006e8772abf884cd233e7523c5930945e5ea0254b70b8
:780c0495814184b7f7c25b99cf39e7f3ad52f7f34583415466ebe10c5ebeeb4a
:e4d8d8776943884f0b98415dd334b0865b25ce78c7077c4668f71a9dd10203ef
:8b488c2ba2cf99e8f934866272c511ca375c75750861c9ad4f177217258a99b4
:8cff431134a241c4170c32a897e08f0c5df800000225a1b1ed0147e775dab195
:bdfd4871e2dc24b9ec3005ceec2aba63cbad309e81364b2802c241ac4e8de5e7
:73549c993bab41b5786ea1a353d7cdeb09ae600a766b794832b2ee616798aba0
:228d00441c25126df4f96b31057e625ccf23c6f3a00cf9ad316ecdbe4b58ed90
:6355a06b45f3d492e261f8a70c1081be9db3c5b239d1d96c87209d0ec6cde1d6
:397d7952711894c528dad82dcd033bf6fd92676796af8b6ecb779630ab6693a9
:26324676d38fe813aa5e192b777181fcef276234b357e41e0562a9e3ccf8c850
:21df5f819fbebe5c34c0af5405b0967ba0babde79f76cda55e562e9d43eda29e
:8aacb30ef02a304375259e1f8f79a7339019e8e5286af0736d375d95c0da512b
:6e094aef902d3fd20d047c747bd6ff68e553c0da14107f9d234a30aed5bc684c
:5ce4a8019ea72628343db4edba13d6169c5639b79a26f262d7404cfa4aa37aff
:3f85abc36a0a6b8e63e7e42c6e8c734b3589bb71a5e386b58f39d73b638f9c6e
:5270a16a0d782e389d3832298743a1e72ffdf5d2a55943a64f60f97c8741958d
:2fb6c6f6dbcf11812ef8fd4e1bc6ab93bec4aaba866b76103420f65e5a263a72
:e8819916f317dc03e0d489d1e3667ce3af435d2bef54f8bde6fa320336009b7c
:cae88f3758d64018397ad9a9bf5c4d2baf78c8660fc12638ac4e321e22f0f59a
:416fca58d943e53f5738fb4c46f89729654e649e74fb2e8eae3aa8040f044b20
:279e50a893a98fe9800a666721676ed8662b86cb27016a9cd70c97a6e12f8bf2
:45e7725c13ee4026fddcd142c1582e995959e1d645231ba8bcf1d374b1a9481c
:06fb2c098e67bd7e517275c39440a91f4f817adddec9252b03a9b6bfbd0c0384
:ac36b88c2a3c76b8630c7afdfd333d41287ab5324d4795ef94a89cee3dfa657e
:fa9ceaf40ff2b1d9980bcb9ad2c3bf6548e616a5687f53756b03b794e5bd5e4e
:57f88930128c3d7fe418cbe31250d6fad7877beb6a7faa127e1dc962e010fe63
:8b038f2c04caac32315f3db2565c37ace4263ae4ea3451fe7ba6089081caae19
:afc362cd90e8a707d8fbb10f51591b3b0a4f3d6c3cf711d6d1d2458f26dc7cc9
:fbfcafb4c9dacbd76dc9924896a646bd35fac2655a0404c53032e9aee5f07345
:1c90d014a64ef84a8ad3eac5f2306a15c5c64b20ed17bb7056ef6f504fee510c
:49540804d76d57a10f28c718276b3af27ec547684655b1e1bab343f7290f414d
:f961af31de5d67df4588f24f8c0e53f7eea294a62f4a47991c235107b3a66db0
:0be3e33d9ad4c97ff2c46c7741bb5d37562a6c6c148a2a885afa20646f7fccf4
:601bac44741142c95f892a54d1e975838258d7e60ba7930293e079134ef59f22
:91ed6bc89ff0d3a03b709301e0387cc228906d1452e3e59b59d4103d589f1764
:abd0cab10dce23c3c5d9669731ba122c97194b643daeb0bdf3afc37a18515067
:6279e58789616e1d5a661cf3eed9a3582f2e70fe88468b6e73392d57fdcba3d4
:7d6ee5eb0efc8b039ed0c97877378301a4c364d5cd2ebcf7349484655fa5febd
:4b7112f93dc7ce94f8a9b72cc447f59951995a7f97f6c359dc9c4fb5b60280cb
:79026e4eaccfdcc3b9617b85c5e3fc289735994408a37239e4d565de10f82853
:2fa6d9bcec73bfbcf75a6dd52de7b2f85a8d17610c5cfd09672859a52d72e2c1
:d013cdedf88f200c0d14dbd3d6c060297e75fa99e021169e2f8b2c4ab072937a
:57e095a676eeee0223f009ed86099662dda75e124fdd4536d3dfa21f99e22889
:35859a72d13d05d7314b4d3ca50d1e8502b658fe89fade16c3075f09a3526250
:8548a08ad11004629463d9900be06f07c7ed159c34f3a77cd4618fda22f2540a
:ffc4ff82ab7ac069011f997d3e7d81fb89f0ee38c8e74a37c4b6e47b94d42e6b
:a745a96ee0cba6287d0fb2f2b1a97d69e48b8eb9dc87b3e87a0064323443cb63
:9ceb08e1d9a7bbab37177d1f436cb6a61264142bacb5da9add54ce587f60ca12
:2e0b331d0206e4c86c80a4c2d27dc20b610150b2f8442889b1f4f9cb489ddf6e
:1438b989c15601f4e390bdb4cf6cc8a9d6f76e036ca2bab63def3eb0bc6b3ba5
:c013c253e5eab2d537ca9eef85a24c6709dc0d3f9a041757b2193a827e985299
:4051432be5eb7dfcfd5b625bd126b29264ab2ec5a90b5a84f223a30153938c77
:65c9ff6e9406c414a170c9251349289b50883bdd5e38733156ddce9b1c961c31
:037a725b35f6dd32b09429c4374b34f7b6acb215fe5ad9db4bed5c685ec97b47
:ceea673573d777bc30d7ae64eb2a9bfd47af8af67b9f2a2225c02b85b79e7b99
:a3be1ac0902e5412e06aab765115907a222240505a3c3f55dff08d7b6065d298
:acc4ae3fabc310472dc98797006e9c499e9ead8c5e9455a23bcfce13b96ae4f6
:62d3730c9e7e84194acda60f2240909476cc88f39b8c463b12c4687f5e5e60f1
:9e1ac034f9bb9bffb5180ac3edf3df6fc92716639ec3ce07ed22b2e41170cef0
:1c0de29f1cdb68dd8f6e4e050c18bf13b756c44807061c88aa3bea8f7ff9b56a
:19d0158e6f957ee862c8e7f01acdf799a6e2b4622deafa075db1b0b1577a4f01
:a97539432e519d84f55a1ebb6b68b16abe166325d7a385b5e1b7c444d4d6f937
:1e22af2dfafc1aad73dde9517e489febfcc81b3d4d3c044070fe0da7583ee535
:3a6554520c0b7c479810b755297a3bf745e5664e5bc42a4107ba00d8ed2fbee3
:2e4635fe79b6d015aacc9fdbde5004d405f37cf4a2c3ab016ae7e0af5e9480c3
:1ba42bd5952e889d35c5e4702edbe26b0fd50e9c6647ebb55252f6d82fc4ccc5
:6f1d940df9784c5b43f80d16b76c646608dee67ab88043af180aac3fe0f29fb2
:4121203c19bd16180f791d0ef9f8304287f0c52d3407bd3e22c2dc2fd8f102bc
:9845229fabdba7dc9b944b321ebd280e4fe3bb9a4e1ad6fd85d6d0a8aca9d222
:5d399c12176ee41434cec2d240a8434ce21e95d53905a94bfc5a4ebb32bad5bd
:e20b885420d2332730ea4c825e1f467df2182c7416c87b80c09dc740d328127e
:123896905f7192426290f476440a731e46b84d8533142e04fb772626ab9c1840
:28658938921a61720e55c28806d2ae0cbfbfde0ad41f97947748022f87f364a2
:58e9b2b1c079d2a19a4088c83d5699dba648fa41d392c50e5e62042e45d585f7
:3fdd1fee7aad79f7a8a5ed0308ac597295c729d53625b331311d16579d5daa1a
:eca1b7c3c9846aa6cc35adb645b891f4a57b0812e947c59c73dd307528a989f9
:a0b54d5486c95a98dde3750cb1af26f4661cda24fd219b5a675822b5b29f1490
:1d3af917d6d4e8de74837589c734a999d682fbe29c2567027c572dd00bd41215
:e7adc8f81b7709a61899944e727a3ecc4998c7a9866cf94981e2bec90d7c4be1
:63871eba0ecbfeb76208f658e3ff3c7cb0ddae71f3adf30619b9e4ff9472408d
:9bcfcab94fef3b26ad3b3257012b92833e74c91af4105770234eaf2423f07d3d
:1d5c00832dba9a96b6188438fc22fc15af8637be5e3deaa35e0c7f202f4cc830
:38e0bc0a3b5fecf3bbf806ca8d4aab9b14a77dcbbcbc9a9bca3c464a6f33e73f
:d0e285f193cec80ac15395d57339b5548fb55e946951a39fdeb3b67b0291cb1f
:b96045020c986abcec0350511f3f8da89e0b5d952dd3e053fdded4ddc8083656
:3d55b743e4fc926fb4a1e9baead2df1b89cf4f0f55f81e2251487fc74c0c4715
:0f5c167af1b76a218b509d65e0987980e26e1552326bec70896c58bcb3807fc0
:10a35b7a08b30ede91d296b57512b5855a4fdb00177b03a2351650c25421cd78
:4343605ba62cff850115aa22c4e13332e7f36e2f975f6525e445f143fcf13ffc
:7b24436aaadce038b44b69592d5892c51854877c1cbd7df44886431d5a32425a
:0ca88a7e43df58791a3594054244617b67a75823c8dc393521043879f2bd6ac8
:420423661b6465f0e77dcb76dbe04a5b37bc2b54b46c78b7a2e80b78f82c9220
:ff02f046cd9da7cd9c94dd1038f7b5e2e7477df5c9130105a39949e739e9625c
:5f488c09e96d9f13deb1dca4237088406fe95258472246f1b5b1bb3303e28cdc
:fe4786c64a6d7790901132427c22190f009943928fcf55679e021acfe37f0d8b
:30b72915ffd34888a86cf24de263f7fd0463720d7c88eacbce2abf0a55e60d6f
:58bdc2bbe507cd875dac8f192f5ee19165c8cb82fffee460c4c62289902823c6
:5735753722637487295da3eb89c2c96d418db21e362a49072b786605e107aac2
:4c031d8dc63e1db90a2b5b8c9cb62deeb0e1cc22229e8b45954dcb5af375af8e
:dbd7442d6bfae4c9fd87711c7df10d60a5e0afb749478160b622d2b47d65b77d
:0e87ddcb4a953adc9c63379d1e6461fac30affb988ef497b92a3ae52e89d08e8
:fe30dafda75f85dce226ab51778da158980631505b59e4ce66861a6b0594f91b
:a11f133fc1fe45cf4d5f07a11b3d849a1fbc292b6deade749ba9241b00f1f13a
:7bb0754a01db8577ce5b7b11cadbf0f1a4443003ebf29d8f3f2da7e45e5ce563
:e28f326a3659c1e100acf6a7c4b1c203ca2e82fbe0019b189890eb14e9891eec
:0c366926b51f641f41404b863fdbc1e92e2ea13e6a96d16b471d998715f0fb97
:bbcddc3286903e1129cb74ead30cf914c2db41ef4a7265575b52bb139821832f
:9a34a9a8a175878c988b8884c0deb016d96084ba9b8b2b8abf9ebc4f7d7f02f3
:c362adfb4478bc1362ed578badfdcbd564b41ee26eada1858cdb2f6b55cf1c24
:557d99b862afb69d133f5084cdada58e5e4290b78c040151d13c884da9eac2c1
:fbc50d63e3978a26de08dee3908e10d926106c09f6d859980c3b36163ace7a2f
:e43bcfeda3a776573845b531068c5df1b9d5999668945d958f5e6fad21da83d5
:ea5615554b36d4064df7d8b1598fcd0b530a4d6b07f494deb36a47be0a363020
:7a3e3cff31b72a0db884a595d5f36e3fb660fa9b452e0a7046ce3c34de329e4b
:a54ad9fc636a487520d042daf6c5c353c9cfdb664143def6d05b960fe89d50b7
:76032600121abc26c2f31df0a108a96e2ffc913df261ebff3ab1649671f58909
:fc97fc47968bd2dc50f6f5043fc956d8502c5570fb69b41a1db8021fdf847f19
:d48acb61caea5f3033b6a4b16b28907520bc2e2c137892cb6ef92ba30c39c8f8
:dbd4379694100cc18404ff383fe576fbdbc5939cebfa41ce29593952f66c0846
:7c8a5df75f777a70879730969b0de07babd459948b443ef927be5882f0aeb37a
:e16505fac7d42cca4c455e87a0cb830a17fa5e551ceb3bdedc01f8f695f9dba0
:edf7afb3c079aa72a167f4cc16ec42e5baab90a8601afb1757ef15bc344bb1a5
:992f116845cd14012a3d4b097c12505628c8701e942459f6e2064cb425b92c5b
:b45ebe22f294a487ef3925d6f94cbed583bfe2706c0c0bb2db0f6ea1267301de
:3afd6245fb687ec87147104e9d1eef419d7ced23779b49c7ff781c4c248a4d53
:e28f5434acd6cff544e33e9aa00193f3db36b73b348f5f314ea04dcd19141b0a
:fc9a3e24c0a0608fe7db9fa847e784f4d30c13719efba979af48c757de48d2de
:c1add09e4038a1e86af166f7c90cc631a5f60f0f544b06a99485e90384251f30
:3d821545fa2884471edc6326b52b68974adc7edc5bdc6e53d73911750f34e6a9
:14baced2ac6d3cff9da32ef69a484dff387e46c3bd8cb1b453549fa7b18b4ca2
:4f960f56c9609e739edc034d519e6dd1850cddf69da4fe7575cbb4c260a86035
:200e19eae71aa440c19fb9a6091183aa270d7198f48fd10b8f0eac58fce932f6
:abcc188f6613d568658c90d802e40b4d3c5c9e51588049110631a4fe7195848d
:4127972d98d587f92b9b107f885dc74b0673a01225faa2f313cd65a73811d58f
:4f04ce452ab26d2a13b4d3a27b74a85d7796d2e0aee22a19e740034764482ac8
:94e27d6bdc4fad9eef5261d1c9b9892092dca67c758bd7cc628af54969b4f82d
:77a0a4e8a619300136cc7bfadbf29893d59214b150a0a251ccadc7f10f58b605
:bac11136671da903ef39d18f3e3126191dab713522127aa57fa05b5b98a037a9
:c8e9d3bc83718a105693c78638ee3e3d5b72f141d47b5128afc172470b43bfa6
:b127c687e24f74c23f859d3d00cf3235dc674d168bf913ed81567d15a3b7304f
:8db696e91afa8a50737ed213f03b701ff00af6711919a21d1540546650c3057c
:6d736e1550811d157d87cb456401e4b0f04d3c3d7fc85dc7eea2badca50ed8b6
:1288beb323dc8bbb4d0e8efd3cf6cf43dc463872380e2cc6a8098d002c71df6b
:8f95e0c7a6c69ac12806c02647aa4ee2dd896ee5a34a0e0d20856371f78ff4da
:eb63801cade71f3469c10cb3757c9a8d5c2ef89db8d52370c50a3081d975205f
:7dd6962ec6b042fa1217d0f52f8a039f188887efb8bc381a36deb6168dca2add
:ee2e2b5e68f92b35cac529ff61a1c0da6aa6e58514ea98915a70b41443d4c1db
:dde5ed27f8ab5bd52e196a354cf692dc09b16866f45efe762bae5fa696e1c89c
:27895e72fd711427e969a1f7de66af4385de28ec0e48acd07891920a3ecb3793
:1d72a7cdab3f202e1597597e4b2e7c5879f64261805833c58b3ada26327b3556
:a4f7b0430bda144b762cc816359d1a1231724328b7bb80ffda6b654dc21c37b1
:2424ffc54fcc82d64165c5a45ccc55bf6a02ef306a7ffbb8d003a2c409ed5278
:12222b4e70ac840543f411ab4a25e0afc46688bd3aa7406fc02897fd09b13054
:72b4bdc747bd1dc162d6d06c82d54b9d252b50f8bd8a69b4b29a92cb97fc3e54
:7d3038bcf8537929252c5213a3211daa376cb696d0d11876fb0c4b55c209212d
:27be3356b3e7bfe9ff1be9bcd4e43cf6e082feef2c5a374056ed5475d28cc7a7
:bc5e6a451f3104314e69534c21e278e2946c6c07012c803477c7313c79b7cc56
:dc33e747814336d6fd8c7a2d693dad3ba2bb49c5930aeaf6f2531f0a447fcdd4
:bed5cb7643dd15c49d470c525f94d908384fc1f5f0283acb679f05fc6a73de52
:79e48c54122d0782fecc5863012edf1f0ecb2fe3f51658f74616e64948baa4b7
:8f42ab94157f3755be8786dc20bb1dc05872c9ddb94e22f8c0587081db26f81b
:35b311db999a862351e6c28fef483501d1bb6f18da7e9c16538ee67d28dd9443
:7805cd5d08c3abfa55b5085a71d6411c85d991ae2ed313e9ab729f30135685c7
:d0ebc54928dc86866f57041c352f3a51e9510a1da0e29312a64e1e60111b20be
:5ae64b3766956b6ee5b6f2bcee9dc0b6921823ee03d4d29c348d8d8d9a2445da
:75184f14b1093d9140a6d08839c3114dcd4e98d72f885d1995ea6c60b9f3f70f
:3ae2b80f257503bf295d883568547264e07586acf41f551d077a02a57265131c
:5c6ef3f8b96589abb1a3d3e5ff017267c4015aa7c6a322fc58cabb9a0122ce4f
:2afda4a552cff0070b83ee54b51c8bd4ac8e336079cec4d60d14dbc473df3fb0
:1b5447a9a96329842f511ba94599d08c4822deea1d06cbbb41313f129a2d352f
:2a43139c1315b12f3e10265cb6e2cabd4179097c5af1c06309c0d6355c8b17c6
:fd7b97e27cd7e8be41b1c3587d1e5351c52cfcc6334d422ba79c551636217b1e
:ed7543888cac9899c45e8f514d59e555961d24bddd6355e710467f7baab57350
:631bb5b513002910c511bb7a0aa31ea72139aa29daccce751efb9e85bca9a30a
:f99092a69bf2fb21ed702ccc0b6ce7897103b2b23da6541daab0a8a72c314042
:c4b371b699ff2b7e9df4bd9dcd4b840804b96050a4cf4c9453fdd0a1c0cdc844
:4e1fb0bb16454f9004c26ab054a651ff268c6f3f18f1d15f620f3185abfb9c19
:022f080d8d010269a89d354477cca269b2fa6f343114d630c140ab61fd30de42
:ac22716f2182d7055af91084b0e8665ed1932cd0ff4c256526380d2253f0bcbe
:b025c6ba36fdaccd5a505a5678c2f275ba307d05b87a082723e7e79ef9c96c58
:e4efdb549cfc0c4b69b9f49d888f9a356657628ca0979ea22f9d18166d2e5735
:fac19d6c0d4a4daf146f66001332d26bc1a2aa89d667398854c6b4d09818519d
:c1fa7138e05ca981435598e33ed9f2da60e4b2557112aa1fa72e7ee762c3818c
:be369730c9002abab527f7132cf69f52e83042488122d57af70a60b13cf5266b
:b736d837661a4792f4dde8ebff02392a974043a2cb24b19950f951bad63ce253
:dc2310637c49261f06f69a9dfbff449a9fdfb1f27c964670182b27215d363d3d
:90ede0ff91e084d2919452c7480fd29de672dd57e92255300798d3109b2a231b
:e002b39b7c6c307006c2639a23d78dd22e80b98235cbc418d6dd823260f8d642
:c4b06ad6e0349f7c9fc380d6ac399f2e379b462b2498f7a3c7f057e70868ab7a
:766d1cd3662844ab897c7180c2c61813f12313febcf0b05104ee47806f0a7ed3
:e099d7f695cc6514919e7b5d18cca28d30c03e0cdda914fa0b1899cd81121420
:b0c9eb00da00877581beb4fcead1ee4636857821a64f74225b953a1f768067c2
:4fb972ff55f4e7fe1c4f35033f80b69bb8a4a0510608204efebb39a8ccfa81e7
:3a329b8bd7b3047a5d3498c03923fec91290cb0043ccfa77bf1088fc9f69a0f6
:b5d476cc98510dfe2b85a63ca09c5d3c86d79b1a5f46d76d0d900cd1175b5102
:bcd5db2231d29aa826de735ae14fe12ed2fccd8f42cba7da9cc6731935e1c56c
:dd938a8cc8607ec733e561c8e757481561f689623f3d768c935dfd9176e6bc01
:ed44d44cc77baa42966d28dee6ac09a1a9e896eb83e8e92956f8616dbf23146f
:98677d8216168cdfc8f64df41ae001d9dc342db5e3c2b635f29fb61f673ab410
:cb1c30db3d237f5e5b74d19da7348fbbed33f250648e4521812decea0115472e
:53e54a3961806f58dc11853f0f82ffade6a1b9a104abcd58c8e024c50cf59d6e
:50b0798cab026f61011909bfe7031376587f0bf70914420ba9f12ec7c26482e1
:6d88e849948ae59e829be090a21a41e1156893e37d73656e32269e07d2a1d184
:5726413d024d458ba53037c629db68502435e51295ba827c01e69d493f0a6adf
:a9f584aefff253d77bc88c4a3fbd5d083442af4c057fce2490879ca8ca3642fe
:3fe6231e168633078196d72218af52c44d40dad6acf79b534a3bf00fc5074c5a
:b58ad1c559293ac8994a730d335be590750940b924453ab64058320a7797dc90
:06d095de4ec3738e4a0842c52621d108a74312eecfe9a36b1074f53efbc27bef
:ea4fd4d473efa1936dfaf378b78824d605f4f062c2bed1ce6e27cf357130671a
:1353a360d66b38b08636417366fceac41baa58192613a95f20d7764d9a4556a5
:b7a692a14edef64939ed344bf6a2740d195a2035be4633fbe8a4c7ca0a25a7f3
:0809400f47d5f6d786142390d4c632c1642abca9d20696a4c2deef1901b7e33b
:1c9053f22faffdeda54c1105f48ec7c3c5a9d22801572164926ad78135a29e3f
:1162889e1e9d0ebece7a429a68e0b78bfe473d2c73ee5c6ac21fcc6a3ad08fee
:4ca4fba77c3654ab5b66b68f5074fdf0aa7f6ab7a1d7eab835022d61575560f7
:995cad36ac7301fe74959a40e5908307b4efa39069eae969d0ca802daaeed0b3
:245dd1a14c9a19df91ecb298118969c3b0c2b9d6a3debf6dea4eede4eb4e4117
:13fbe3caa51b53d5067b33cdfbfb7bf4a5645508c81cc19ab0ccbd88cd9ae215
:c623db90ee15a90213f719758389d62849c829583790d87df40628d77a534bf2
:02bde80ce38d4906b00b71b18ce48a1ac23bdb604e344b80e02ea9791a67223e
:7f0fa938dfef327040725ebc16cf0218f6766d1fb33a39c59776cd2f4e4dd876
:4f82c432c8afc499cb5ed9406fabafffa1f871680f66127421be7fc9fd2ea892
:65a7149df36049fb7aac52b66f9ec7f96834706c25a7903137a72dd503346a4b
:122a466597f7a92479f5e03875758c18cab10fdfdba9ac8eb426c7a2372af414
:ace2651f7b71e21d36c104d022563f48ce5659938c5149c8caf580d1416bc8fc
:af97a6787b8b9b3b48ec8f040b3bb19cc135403d0ba06af5645be2f06d41463b
:d09f708a6340939c263019d507742aca732e7906a93421c88a82e136abd80837
:6b13030b4374b7f7f9f4ccecdea23a240f71438c1d26e958dbf037ec322019bc
:a26cec382445edbdc5d15ac8de866cc390a3ba86f5b679be64f7054b6437b20b
:925109f4cf6469a43aac284e7b742b0ad283201e189d0ba4adca4c88644271c1
:4177b0c6a2cb2fcccbbe1ca86f9036fb50d6d4dc68f30741b59a495fc12184ab
:70a55c7762c7e32b01f2654885672a63df619513465d087ed00dcd8f0c225555
:dae44477204d9a80acd06ebea81818b51b5f503d9a3b3887a1671e030e551839
:953453d49667c6f4c894ea20720d930c0784c06644641f0e6c236d6cd73357b8
:012e424100bd3197c75b72457161eb4e9fc1b2b12901ee7f823d7132593bd2c8
:041cb776651fef06e635f8568af3154c31429a0ccdc77baa8d63bd0d8ef7b235
:7016224df3362f8061999b43e02eb0b43ba4b3ad04c4ef87a2d547ac7d863422
:e009b724798d4536749a930b7bf81003671e080298098eb87fcba1162e30f56b
:66027df19047c16e24ba543435a16f678a9d6ae910c56c0547a5ddc34342be66
:56d54984f8181162860627b990ae6aaae28d2d9c2a317c8f9d75cb7dad91921d
:a39fa40608e76b6efaef96fa0f624f12307c036e286f5fb04a529cd00028b33e
:b835fbf749ce0ce80faead3fec23f2ff696ea3206081449610502df2f034e8b3
:44613618c5d1e30d7882e35dad45b8572741e8523ca0bfb54361295fa2ea3894
:0d9f69b01ab93a4e067cb872ac3d24a2700464ac393ef4e3e0edf0d4af15da6c
:0d59c82d57781b32f15366ff4e82b27e65343b6ea1a9fcd285d696f8571b1e6d
:df142a9bad9670aea5037cba2c63dde23203bbcb82b8dea725373bc96bad038f
:82c59786098d627eb16058d195e1d8cab035ee5abea0454161cad9f2646fc9d4
:114d3335be172cd36f1f79f9dcc958eb63e1eece3afb6a5852ea5f7c923fba88
:91af15789732296474a9a5f40c2e666994f48429c71f041e7e65ebffb9c9e1d8
:43a18c85bfb6161943b533d57dd855f0e925fcfadb7b4391dd4ec8e0231c248c
:438533f331bc0b8a50ed7097f602974726ed0d8c135d3cc4d743cf2064aafa96
:b5dc03fa28a1ce7839332c8ce6fa37986882c601e40f5c54a815ef405e106725
:658de71e4bdd2d5c5226f7cb958c32f4029d4b177b01799468fae053a5a7db1a
:dcb97481129bb6b3c1ce6dbe734be9fb9984f109bec8cb1e4093d4991f6a7a81
:1dfc5bea160c0854d978e87e19c8784137618db3046b5a8aba1cfa7d7fdc7353
:afae9125ae2d8b6367185d71d45a1688d4efc4eeb7eacde4cdadb2ee7019a50d
:6cd742717d24146d2f2066dad277f11b38c9db83fcc6e4e3e493fb10e8beec16
:ed2604f58bac5a6e4e8a7dfc27fa9265456a9f08fc3bdd18e4bed4403a93b310
:4f53474e1b8625dcf067168f664657ce46da7334dcc2d44b4eaf42bcd9e27dfa
:2953c407d07a3a232431b18a73452b642a7618ebc52dc61bcf8429d0154153f2
:c8079af28894d4acbdb1da9c4512398635149f367efbdc9ca1d045ebd2262b24
:af62cb66c537791dbe45fd37ff798c6665c587be36f2638c5fb178fd6ad12820
:365e57f740a68a5f447b9bef3ce46e09fdafb424b4cc7fbde9f51ff92fb8f5cc
:0c4165ea4d572e41af6cb01a4688be32ac2103a16024d760a347e94a60376fb1
:a71077f69073d9d1788354c009cd256fb911a1b49f9f6c834cc5bba173f837fb
:9711d0f4bc44e96d0dfcbba00c4779af8ca5f4369bd37547d84fc123e280a58f
:fe28616f29d1fc61884b91bcfa74aac6a55442509cc346605d9c2a729313ce80
:dc98104991bf89a3e2b5fd8f9468b27f06d1d722ee8c5ed543d908d33519e0c4
:e70dd06d72f4736e1fcaa2872797db4f14311f054968c0f5f91a50313523c6dc
:459e2a441c4cf317bedc16f107b7ba1b09f6489c4aaf422ee10ba24088c94475
:9d3ea72b4b1c66bc29549f60ff864ff6f4b52178195c1c6d5dfb64a9f25401ae
:73ea7f8797c7f905ca6d99a47749edb5da02fe9a5120f65b2859a32a65ddb4c1
:c8f6422c3e4f545190d5b9ba6bc843817dc6797b2461860792583b5c6306e711
:67e8ed566cee558533928bb81523a117ebbeb987faae40dc5822593f93ea7fe3
:869cafc8cdcf94dedabb45e230b5614fe0addf4d441db8f1d945737d4fc31209
:b89036c669d250def96c6cf85248809b908bfa8a132716eac5147ec5db53a15b
:79b2bc02bc51fedddfeca921c7e4e064cb6956b1f625cea6560510e5ad91d908
:53d4446ce5278c831fd20fb1c89f19ef508f37fd364a0cfc8a665b793f1dfa86
:57927c828e91038bdad44ab3c8102582ca6915783b3d19aaaa2bfa65aafaaf4f
:37a417bfd26d729f271eb11e6ae5434b576635961afbd883ad1d8a0cae85e2c4
:588cfc1c0074131be7d8a03fc95de1ab214b68531ec2697ad1e405d3706ead0a
:328c4dd6a9f53a1d015b2d221452696559c2cfe65c45dc7a149df05f8b054a72
:fa772445cad295f3d28cd59e05791319c7d59d882f8bf959e44f5edc76d51e2f
:4fd2005a93525d6bd75a5e1e44026e7119c803755ef5eb96834036e887dfa59c
:4752aefd25f38382718c1c7e1fa9dc659df61c938c868346dbcc5492f8ad9782
:cbf97fc7fb2fabac0f313263f801d40359d6fd1afa3beeeda2c85103bd066fae
:32801e1ce6798a64dd859e5c0206f7b3b5a0aede4fa5729fc9f4bf650a47534f
:8193eb3bb841b41fa1aa38d80dbdfbf55adba967c429b8ec8ccc31191b3fe3af
:39ada3733fa510ceeb9a05e2e57a74c7eeb4ca363b8e7dbb002564897224ea5e
:3249d73e68dadceb253f8894a069965cd5c0f967e3946a00f551f56d7c8195de
:85c1591b046a37f7531fdbfadb3712f5ed60f18425f4f441dc2185cf3a2f4221
:1723eb866bbf1449fff77045d5dce7cf851e28ac232750be5d668c95d1763d2b
:caa2c21233ab5f34b33273bd11ae122d7bed70c9e31f4d9a866cab36a754bc2a
:d9d0ad299b6fab2f206771cfc4d5f655442f70e2bd600a9b122440ff69818f1a
:88f32acb018da8f25513ef19afecd9c80c10973adbc4663f11a1c3c0c35f45e5
:dbab262e88865b674e61e2022f864da81dd2e3905102e92ddb0da4b494fcf14d
:86238696d0c9b4ac8f721f0c47a783ca8c1e6252845169f6a8167bf4cf6a209e
:0b0123ad4afa4f7e487095069db11f27e66d35016765ad6b4ceb389b4b2329e5
:43ab0cb4193b6c6653597404a04571bb8ff81bc65489cac5417341d0586e7f5a
:0f039279f19c8417f6ba3408c847e5f5ac236ca5cf0e593298dacc1546e4e055
:db507710c799fe95b80580dab47b2ed6d899413360ba57b49d6345bb71dc8000
:c291355e19f9d7f8ef525d6055b766ddede04ad9ef2c62f75d29b526963a1934
:93ed01592023c0026c1668b26d6e6de7cb8bbfdbbf86c1ed3964a0a02e857b42
:63a99103b2755efc6a24a7c886913e97dc24c236a193552ef78cd8f3d998aa9e
:0dd28fc14c8297681b9657a8fbde5637977e8fb0c2dc7bdd45437efa64758a1a
:405e3c0a4257b28fbcd221c0d6123b1e51e10b84e720923df14c6b4fea7cb370
:d40feb143e64fda36dc5beef25b5d97961478704d9be86d18e0fcda2d4ceb31f
:58f5e319db0c429c8b266ed9720f93e764c517c84d3cee30bc7a8239e9525821
:d8df773852126bd16512345f44404c6376bca6d30345dc138f7c5ae99d62ee05
:a0b82e2151898320d2edf1effd1099889c112b65932e50bc11a2887502de086b
:bc335753438bc0749b499a5c6739b91ef676cf12e4df0034585cfa9c0bfdb462
:b658c4eea325b7bf8bd55afa676e02b1596952bf94106a06ce4c18591fbdf04e
:2fa8f54d5882453e0346cac78cdcb05781aa204a0bc5015d194ee48f2fcd7909
:4d372fe053e4746e8d4516283f65aff35fb98bedad8ca5c26c23fc26a3eec35b
:8303741aacee3543490aae41ec080a504c3cdfdda69e148a6a1d5a567d61b7d8
:38b38bee36915165472e4edadfb24f2db2e0957bb2421bd539ceb82ac7d96aa1
:e93de51e34c18c6650b4247b6a5c273939f4018b4a85c144c5caa2fbe19c1406
:72173cfb088de944ad0109369c291f23aaa5132e04e8ba4bc4bc594abc5b2bcc
:3465dde5c6b375ac08e54d41e393ec5ce8bc7c0250adfd876fd77e86b29e2618
:b567cf4315bbb23180e60fbda45cc10403bbd2f8f8127c6a28a7df3273cc7a73
:4baa0749ef024293d064db06e41df590cff7812ccf06a3f74746c65839e768ee
:e04e1ebf7ef7773324c74b4932dbb44aad7c8dc41c759c17da805f414212bf3e
:bedde08255822498ae5818044772e87d654cadee75c1141373d9f6f9a5526884
:dfb289a750dfa3a95da90dd59ef1bdf660eff65802c1519dcb9b6f1eef2acb13
:4ab430719ca6f0230b1418a53e58eda6f88e4ef038a312b19f9ac12a89f181a7
:5c7f19afdf7880e352f386e277a8dab1a67fed50560d1f4c8ba73cb0f0aca9c0
:d9cc496554b991944dd62163d6640eedae571a2f75a1b112604ad76478618b77
:33cf8443c696aa58b7af8005126212fa225723536436c0d2caa6d9803e51cefc
:3f0844d75f08a7145602c9f5b7203265be62f88f166f40b6bbf7320243738945
:a4487bf281643131bd06a9643d61aa2fa2e2df8bb38089199b5537bdcf95fc20
:2d8228d466b336cb38a50184861790b3189d98f6411a473b97bdb9d38692b4e1
:3693e3794c576a3477b66d926bc4d3ad09a4a1af336d47a89c20c3b0db6ec411
:3becf71fbe6ecd7c87e0f1577a0c87d6deab7a539e557da7f2dd840474364e4b
:4e2be4cb77eaea0162d4cd6671d6fb222f1812d3e4ab3d3b95a7a01b8e5e51ae
:725d1016dc23be63527bfe4135287d136d2826ff2f4115478450af3d8d46f916
:af9a7db639c64d718d0d79b13a090da82ebf7de76c622ea601d394b0a0e44d86
:f751d673cc481f624e4e4888f92dd61ca9865ef9ce23c34516fbc0a82d2a2b4a
:a0c75526589a4855f1126472e1e55d98cdfbbf44c23b26f0816423949cd03834
:57c6492f3fbbd5f98d33cb0c3d2ee055efa74913d30f3742009292a5358ef49f
:df955fae9f246a097f8fdc88ab9cc8e40ab6c59bae61b1968b5de1de46d13ced
:3971a0f9f5838edafd779dd8a4ebaf4fb9428656ca56e3a4a9a3c97b4b77daa6
:71cecc8f936bfdb3a6296a00772eb3d85ade53dd3b9e2c489d88b1a0fbe77293
:0f4092011c2f5a0b50c0b974d6d168f7e54ab0a3cad70e5cff04c9d3b7e6d26a
:221f5d24a02cd2f946602524d4d2d0459e65fe56d83f26878f4ac1244b844309
:6d2b28e4df52c9d7dadf7e8b50a0050b17cb76f596fab3af26dca2388fc21950
:3d0a88c9be4ec590254d7b7c5760ab0f0d3493d07e4a02c502809ddb446df474
:91c0685ed2a41b0fc328e9d0c4e74ff939c4a7c61e9c3e6e1096120991671c4c
:ddb508f0c95ae1f07f943e848409249b9db0d5bfefd99bd6fb11594194113c9c
:21b329f5eb92c039da08ebc2071fd8201a797037bbe687d23ae64a9761e49724
:e584e6cc783661a1501da00eb5ff5a09c003cfec6eb9103f9b75bedd038b4588
:c8fb30cc81865233955da76db0c2808d508a1386c0e0a3611f386a46ba7926b3
:ca92d50d16dd2bcd7ebebf839daf0c4a2a0cf47a3d5c3bd157e594879670faa1
:76d10fdf47157becec86cf929e9b5a61d0364555fc2f23b789b8a3e5b1ca5bd9
:ff788defe2e297ecee28e0c804015e7c178340f9b03822874f49f13ffeac829c
:34ef61de61999b6e7c7fce2685465ee0b30e808bcba7b87996a4bcf5c8614f68
:314293647e0b87bb07156fab4766ca12f65eff494cfa730d8a9b265051ab72dc
:80322ecde6b78c9330e607561e26bd7aaf4298660eff014baa043e2f7d65f419
:8049a7f21db583732093d9386dafebe0fd171b74954e4a7ec6ed64a37db9f251
:f9f05f4b4614d3261f0c4748f8efcf02e817bca2702ee686064dd77431c72f86
:3f2d6bf89640bed48f67742536fc4d0bfef958c9680473b186560515faae9df7
:9aeaf6fae2c6906bbaba2031a32bddd31b60f117e88c082d8e77c1e4ac0ae815
:2977ca22b7a596b669254a5d8b16aa4446fb238a2c375a8380aa67dce89f201f
:47cbcf712157cecea578f56ffde3623f4f448e46a2c79d36fea1a634e0d92b6a
:219b88fa65a0d55daf9ff49fee5408dd42247822691ae7569c15a15e6bf8e823
:c432026667b2fd9d38569e355f78487ec35b9dfd03824efc3c4e0eb0cec2d0ae
:d93c0c840895513927f62a7c5097c12075fa1a30bd47d289f6e4038bd6f5a03f
:0cdbe456843197a9bbd40dadb887b0ddbe4cdeeff0c1c58ed83482a7cf0bf364
:bfcae4925e5737fa04a14433fae143ef41c41e73ae07e7c2f6b497cc3c52ef79
:be7a578b4802f462456a2f3115c406ff62a9b47978a5a91c2803acb31a94761c
:a332294afc6910ad1e391fec8a6fde146af7cd043f11e3115d9e8749b2f16e7a
:98ba1fe18d59d434c0ff8d6c5e3956422bfb3a27faedc01620348a19f771e74f
:722c55ba52982511fe04806d2a1293fcee2885f11ba75399a576753423071ebc
:a6d183e694bef94491402019ec978b39699e57a78a07affd9c05846ae0a42f37
:05d82ccf930fa4214588febed987df97b571e3fa52d70910a9e3f88790a22ac1
:0233042a06cc2a25e450b710f301d2ebc8c6cd65734bd196a8946661dc13fc96
:e062b5ee8d72f978b44225c72ea0b1b08e50d4d3c7c1816cb03507142a82cb69
:be61e9d64f1221134b4b79fa1b71c2ccfff1d8b47d6d0dd0f9e81a0a63aadff9
:4e98f19cd61c2d1f68275fd440b1dfdb1844a2271724d92ec4e20b37d1e696de
:22df0bc9bb9372d2a611c703c639673a2cf2f2d1f05a13a2a980da9cc1aded38
:ec11272b79c96aa3f9321a350b0efcfb1193384b0d85110de41787de8511443b
:759c23bcad853c9af2ab79377a7ae2743abe9f1d10f4f0e9e15cb4aff5955c54
:3f8704075316cb70b9c5996ee13b9935130d22aaca50ede06fd6925411f743f9
:92a4fba6853cd85d13843c5bc2a2b7e5a93d329eac98ee1511a8a452420645a3
:3b92bdd2d363b1d005ef9a1726b9b704659f40d1792dc2c013fbe0fb52ad6ec8
:239dec341ce223f6af748b22e76718e40557bb86185788308a99eea6ec122551
:6f07bddb64731970ea98599dcf113ade19aeb2df5a8611604306f68b130089b9
:3ba6d718d9d505d38fb6d1fb652a203ff741a4f2fe7b4b45b9351db405584088
:2676140b7527e97c9e01323307e119abe0503db6322fb1017be837b40a56a006
:6f682d81eb4d08950b2c7f9c45f662ed35b83187ea362a23d262d2ed602d7eb6
:53a93771e8b1ebe2b212a6c9d2dbbb8c587c31a5f4a9ff70e0c5b59bbf64797a
:a06fa5616b5d880fab78a227cf2447620270725827c0446db3a2570b5ee41d8b
:0e271269300198844dd7a2d5d4c56236be6dd24716076501a05efa52b52015c9
:49b7cfb24b2c69010c13b2899c04ad7002c10216cf8ba76850f4e2d475deb318
:e30c08a260b8a4dd075aed4f3a7b215fb2f71a68c13838ac84fe0de01d357ef7
:4355000075e1037715175cbdbbec69f2e4700a971c890324592dd4fee03bc34a
:1a79c01aa4444710ce6569f59830dd7da3bf5dc42b1b3f14ed8a85a027b99aae
:c9995e4f14d8c38e4931ca89555bc75756b883e8b7f195a29335e428dce8e43c
:7cda0e9acef89cea62d7315d0d49a9e2c26628eff99c4cacc9f126fe05f595d0
:f6ea67d7f49144ab1daab6ed187d56a886f71063fe2192b61da6c0e62890254e
:e21f9d73fe5ffc5551746579f42e2a319ada3114bafeab4f3f7d4fa6197a7f2f
:d9c096da6945c91eefb69fa9c185ab81435efddaf9050d5fba8cf1c0576745af
:4b81d43ffc307ceb5a5c05d950f397ff98dc24fdec31afbe47d87acc02e2848d
:899d1ce80bd9e8ae34e5e2dc97b715ae405eaa5a5d5ece8672b65972e76ceb33
:17754667566c945d41df31515095f294e28f5e6fee3cf8572f7a06993f60491a
:fd10030828a349d59ed65f54759cdad538d92e0905018b4129b388a1b0ba5b53
:e446eb031f53fa0604923e4cd3599228e7d489f012a11ce6df4a36e51acf443b
:cedef6168a40ac630b4a52991c57b3d61ec6f3b78636302d5f454617f6f91552
:d0844f4c2d57b0a9270dad1594ac883b3a2bb11d16c03df8a244ef992e1979a0
:f5c390ac1ea81fbcfc4f403e8ed7c24890ee637bf98aa0da8b27079cce7ceeef
:95687227ab23cf62a41b74432d2671eaa5b338dc9924a06cdda4529b89bf698d
:a691aafa4a0671d45432c8911beacde6be1ed64b9186b5ac8b4701615417f953
:be3d80573d1e2ae0efd245241543eda2790816e8a5d75778fb6d6ace5cbde247
:e88fcb2bbf114484157a6da6f98182a573b1a90ee09bc58409c0076d64df5c08
:7469a690e047c0e66b99187b8f401cb8172c11c6696983338639b1a85d1b20d9
:ed5754870da826e420aabbd454493a0fb389c31b6c1909ebdd42739a98e524c1
:7fce9bd5fc2f6b61ef43f39be1356a2a59f8f17966dafca457c3637814c2836b
:3919aabe5dc47bb330c97ee78ab59b1f54187f841407554cbf14086196935688
:3b4392eda1f28b9bdba8769b72d95e5f9bd374afd7690275dd15f7a8ea4070da
:521ebaaa427ccec63ab7210adec315280391f26b10436b1a4cc7418a9f19a558
:64071ea6bff6295354a6f24e03b5027374150d50b11f91467545c30c40784819
:4fbbcd909ffc86b112000714960be7d00280f607833b1158a8882ec3141fbf56
:8ff036394c8da71eb68ac373b23e620f62db4917c5b3fbdb41d0db86e0e9b79e
:533582d575cd767f78833331a3c73ba80250656eacbe28c6956b909b6ad5d252
:dcaff00ad49cfffd0e71f3407b16e838508357820cff3165f135984788c99743
:3d2e35ffe7724e55379aa99dec1af13eb113079c4cae195fecb543d58179e44e
:dd92561947d5c9f6299c043239fb7a15ca64db0eb6dc3fbb6b655c60b740e25b
:6b65e3817d25f7e04a828afe5aa16c9e896570d8ab80e5c800fcc2c7502614f6
:d77457c58019e857c64c08cc11f68b860705572c02274718b67869db11f39a88
:dd1df01dbd61c2cd05b8d761e5f6897270ad0dacdca0faa76506f3df9ef0b4d2
:cfb913b93517a4838bc95dacf199b722be9c3cf4f1d240e5be2a11f67d9b25a1
:7690c8954b4ce385633cb63fa558713fb1920cf93cbda6c3060b482b8d6562b6
:c89c528b734c70ff23743e3e721c3c6d18d960d9b6cc064b0103748fcc2b5a9c
:cf9b96a9760ddfbc5ad3baf1f8cacdacea8580f5c79134dc940a55e03a09dc44
:444084d3b1b59b9bec484cc5070bd30b4195e5b36544270ce26b463c33deea49
:bcec4283e54f47a2b21c2e95fe0f960972dfd027112f694b066afcd558552eca
:c372bd0edd6997ac4d0e1b090e21608f599b2067666f6ad8fc8235c2ee09e21f
:ac41fa64a91b8cd923c9ec9e70bdf920043ff7476cd23e8458f33ecb5a93416c
:7831bfdd02590aa41b41ef8a20d0ee82b16c5b3c60607d889dfa973fef92adbe
:704a734e4f5eb2da57e7e8da7fba96ea77f414d625df8ca9dbc2042a45ad4f56
:587b05d481d0d4752fc82c23fe1721c06339c145367b0cc4cb63c9420a90cd05
:38ce91ed589d61ea26613df7ff8985813e02cf8f5b34507b025e3566d525604a
:930ff9ae0cc925051199e98fbcab90e695163b76ae9e2192b9f3d9de63934e4e
:c67599e4b37d4a08e83691101641963492d7247aa2dfbeee7fba053e50d314a4
:b248d45bf1e29628cf3c4d98880cc8016989b13e8320c0f81f350154766e175d
:c08f4a7767f785f5abcd815636b60fb3a8e53abb13f75d8d773cd13d5ec04235
:ec4224dc79a95fc12c9ced784764d8b7a130402e267aa15aa92f9cb3533969a6
:8dd0cbe9396323acf994e975937994b93565bf682bcca9f6f7afb86f6d139ffb
:45e5f60241837d43c8ae39ce0b6868d80504040c5fd6a8ac7e8c7a55b1ea2f8f
:38610ecde9715b4c4f9ac28ede9862125d4696daec51b3f5b10bc5cda8866e09
:c9525ae1500dbbf0013a4062c8db423464a1a328fcf6efa355fec11c643a7097
:53683b9cb9cf4dbf42e55f5152ccbac9eb91a73432dffbbaa193eb27cb2fa104
:3e1e3bbbad09779c08e3ea3f7801cf1d50c6df99814f25b7c0b95e4283e06dfb
:ca5acc3565aa1e840ed7c3a8efe003bd489348c89267082bf6c5d510cd26c5dd
:21f00e243c686980622bdb3c05cfe9b6646f0a155b481b96a70e86129d1b8bf7
:878e51f49e13ccc00f545b4a3155ca10470858a714f9cf581ce60d494526a55c
:14b299b82079239ba217a89cd1098ae3855b30ffc609794b79e4cab86b83a79a
:174d804417e8a32dee9a06fe949d7b7a18486414cc3c37fb9195f79b8051c62c
:164db549a822d9fe03f53dd3a128c69362eaa6e14c3f1ca21490d79480bfb867
:0b4d49a92497ac228859609f0dfb453cd8265f80c0ba301420865ddb0de7d306
:59892fd7a2889def65645da9041301b28d828437c5d6b6e592d8cae4783a6c2c
:c88e68a8018d5ee5ab24b9d3b633266fad2927ec70ec2d53ba9828615c5e0df9
:f220627317ef335984002a8f76043c9483598a4ebda80f41d72dee428764b6be
:c1aa7fa56681e3bd0f37541ea9ffbc05ac2b6bef6841b98259bc7c2ae30d3988
:12b69e5b3c239c1eb54016745999f97c88b225b6a0684f6815c92ba45b99169c
:7115861c9515271aa76cba181f1a6a383161fcb26613b7a0339638dc87ae6852
:7bf7dc0ded9c7b286c36910af1f48b8bdbf69a376a6714d052efffaa2ae6ae16
:e5eabdd36be68312cbb25ea87a02cf38e26f06c3a219df27559588cd18f5bc83
:3f780ea50f61506ddd0588d35fe5caa6f932619729e69da47f45e15406283178
:0e9095d0a68e19c92bef46d907d40607cf6a6748f3fa32f72c646fa0e2d5bcf0
:3b15f02dad6fdc4f25a5edee02c47b55bebebb45a555ebe86d9614b27e7a6432
:655b5fdac70dd6169c88bb58570eb9944ee77a7f25daa75d590c810f16937052
:2c5c7fb3fdcc2dc3c8c76fbdc48bb45081b74cd08583a9089c82320400d11fa6
:84e55f1927a790a805fae6e0df44a2399892786bc0ed4c5bda3fa277f44c48e1
:cc129018e7711e63d546b2b17be4a3742f899b90934dc3139d4be9d8f1b62084
:af115335b74155877ff38aa7348ff9f2018c1cff2ba4ad52e3eab091e414803a
:281833dbf82d697be6edacd8eaea7575867b5c70c541f09375b81b72cd9e6a51
:f50aaad4ad75adb6048199a8e922c52e2ceb7f7f6877f8341db1b7dbf1a821a7
:dae59d260e7f0d836798a484fcb14f685690ed37a7f5b4b1f73fb7f720fc3c0e
:8dc808445190c9ce44d739ae135932e6a2f388808535700c47aba9ea5591f962
:bd224183ffb8917cf72a339a8251be03c88b067555703309aed00482d1ae7f6f
:cba074025ab4847d539c54e3a2b5c969713daeff2f46487d19663b4394975b4a
:fb11ebad918af732fd44d86204a01b9909e462de79b2cbe4465a4c3e26749d1f
:51b89dbccc055db32ca5af7793ee46c0599fbd80b949a3667a348c7978418b4f
:6b19d866c5d63902b4bd2a98b3ac1da13e9d635a1f348bd4eccf9d09e8356e96
:0a4b1faa0226b5bec5c3c11fb09bd6fb6363505621c6fec7465240af2433d6da
:dcccb1a5a5a5376a8d99c47789a817d57ec612e5db9b86752636c8ed46574bd6
:60ad99048c6a14935c32f6ab15f648b58644c001edf46410b06a7ad09e86938d
:da49c9be71794ba29d3bb87bafd016c4277d8fa729e91668246fe08fb1ff99c5
:abab9840ca3de2079440e3c16a63f4c45a4015b3a72300485d30426504953906
:d57c62cdced8f9a70b525e9618e73911445122542b67021c991bec751d70311b
:b3ba64a55e9aa7091b1fa41212081d52ec01d5496cec303c11f1a9857fc0d757
:f0bbfe105e1d30eb376c5999b06978df114355c3f9c2cca01a3ed84e7828bec5
:455cfcbe5da878b70c20fd0736386b062fb1946d0f4d55e5734d7b7380d227e2
:d09588b678e03b3145f15b7f6c0afad74f073305f4d3a77fe181d88a8f3595fd
:90f6cc5c0c02ea0d39241c8aad07c85607ec538b503d360fe7694c0d8b57bb85
:93e19a6d4c2c735fe09439e3a81d67bfdc561452edb0e06ab6525a47d686e015
:2f19fbf3f1eb9c72f383a6080583a2066cc537b2d286a107109f721a83b4fe0b
:69734c0f7fa32b365d346e749878475e0ecd44f164e7605f2cefc1c26c5d448b
:95b638868615132f730dcdaf7acba96b40a7a3aee259986237eca6030c6d9da1
:9c16b6987bc4499990a26bda295ff1c0d5d13dbc83726b2ab5fc398c9b9524af
:65e1af8cfeb9bc4892298653366cb5ca242265bfc20e310c74ffb14faf1a54c0
:9b7bf3f700669375da068a5f8baf1b2efabee5e42a0d672eab1c7a059ebaea1c
:0caac01ab2511a32d3489917cd26ffbb8ff7c86d69ec8fd81dc07667baa86e0e
:24abdd017edd4f759181317da5f749aff2313dc50bacb295177d6decfb68dc2d
:5a72b18c236861853a6f2d07521ed774ba53642788a72e9462ef05bdf3083532
:b5f8b33bebf872d85b84e7d85fb193a10cd5319ab621691c35d4f1ac15cfe32c
:5c09865dcc0560f6be8a3611f16c93b8cc03924501f67a8abe5705a20e4deb20
:cdb79c73d18849853186eb4784a77543867251e92232fb7844836392d068ef21
:197426d19fadff96cf6352fb478ddda6de85f21b33319fe903a5c8446a18cd6e
:1c8590e0e6a2c716408d27ed2859f75aaae89c44f981ca53b866af4d0c45cf5f
:3f3aed19f179db4aa9663db6d44e7547327ab73bcd58e609f43dcacc793c5759
:a78685f4f0c3d40ebd654c105c87c7b2d4915dedeae3bbf807a0ebf8ecef1267
:0717baad964a94bdc8f40b00b7de61646e5af202026ecf866997542000d4d981
:808dd463055eaf67a5f50ae6b97997e84555f0bb434e5b1ccde7858ba84b2a27
:987e64a5b2cde562175cb919b540f553c64af92d52d86a1a7cc3b2068023c3f6
:4dd75ef2d8c81c67ad06ce2237088460c9fb2ea8d7b994f957891151e04c3e2d
:8448e4472155d8fb65239e2cb7975a1f33c43da5877321606214479bd84a7413
:7c52bde73066f88af7620ceee1765eac73a2afd18b54ead5cbda2c910525fb6a
:8e08da26e3961d990287529663659adc3e0038b133f6a8af6ec64974774e8546
:e6797ca7bad7e6a38b21074cf0e77abf2a12d6bd9c49cf348673cc8f14b8853b
:9424e39216542b00b06888a3c59633564434c03fcfcf9a2be338c59eb2b31501
:970b9e1d375573275ad202a82c40ec964b663d6a10c8f7d3aefa7ff241e39657
:df3ef0a90a51f8492c070105da016fc0e412395efe12e2c9521d6450d4b17104
:b91af082c86b8bdbf1a671f3d9a15c1e35c1fd1a9e289c958c79776b4873e431
:926f1d7f3d0a0773d0261559a672ba70bd513944157a3b5fb266f7e006b31616
:9c54d6ab5e00d51fe24f2afda9ae7b36449008bfea8f2438f75b136917d8884d
:7203959ec08cf11f9c6a42b38e8b64fce5a41750d7cd5680c8fff659d9180199
:078ce0a7649f329b444bf43423a2f858169e8a762f752b86a930299874641300
:66a6911a41f57596e42cbec5addae1932677bbe1afc422f8cc942a91d830558a
:b7a7f83d12116305300ba7bb876e32000f66d64405fa1d593061c5da99721188
:db861b1dd4abe0ab0e209c90516e4797248c400f88f33c55ee11ee03388a48d9
:db9b88564677ca40d0bb69de0279cdd3d516a7376289f0a3c0732b88ac07d199
:b110167c8226d158621870355a93b8a86408ab0fbd0f0f414ba9a26207a7b84b
:c022f1c4a89e8c4dd5f8b1bbc88d7b00268d56c377e16f4c3309897482a0d2e3
:30a2319bbf6338743467fe1553e4cf258322c4016d2359871332859792b759d9
:a80d3b40ed09bfca46cfa845a700a7e64c07c7d71c6975d4d7c1cb0d61aabda5
:68ef1515cfc328bc5e2ee1cea6f0c360a0d8077203367042b611f9746c8d3be8
:3bf097a3b32a30192a13db6de79a2d10eaca0989865354d6f7e0a178a6d4f69f
:2234f02e13cd59f8ee32acfa63bdc31ef550fc4777c2e00b2e0c991672aa4b41
:c00fbe82ac441f5dd6da968d70f7e093cbf37b94dbc19fcad3fbab24593c7f14
:f40a6be5ef8a9d97f76da810760013d95ca2d757298e69dff999d56f7a2d02ec
:6fccb1822340680bc51ac93d54aa81a09605da4fff30d7480c8dd9421723e9a5
:84ea7624c183aeb354b1f1432c79e5b407a97b7c78703745b9ba5abd08035824
:9960bd58e30421e5ad94aa58bd47322230b0e2c89985d36bf6c3a6e0b41c7a5e
:b1c6a15776c906077fc94276d7460f3804cb866d068c221d1cdf060038c4dbf8
:724ea1e766d8c222028a9b54376038d4d538af47204bc33e3173503301f549cd
:714151061cca402cd22d21a37913b9f6cd8f5fd82afb8157a48784a732201c8d
:cdc0a031cf5b3fc5d6aca20ad8a184450afa7f87394527bbc02e314462bf11e2
:1de9320387034e3736ca59e31d7da084b1ef0b5b841c183ffbb7dc99cfa25226
:8a96c744069c2095da95942cd09e2da91edb2664a5c7b7b9b78a3b71b2661e91
:511d42cdd9ffb3bdcd614303462b81a82fb4c1f429ce188558ffe5fe6dd5a267
:a1c1dc2fe302d4cab6dbbebfb8ce331a3e42fadd74cd0bc18a95cf2104d0340b
:c2fffdc529601c045173ecb5aac87a033c5d3314a954db4f443b4c7e6f7ea8af
:d949d8967ada36f22cfbf405a548d423ca9cfa19237aa3d27f2b47f807d807e1
:bb60f695a3afb22986902c22526c3c222c16688651c31ab8677b778d372957d4
:21dc10a70348227d9157b436c0d7078e5697b754c7dbb5bc66300e504df22cb3
:b0843fc1c1305ae0e62b370422874473ab224d368c40cadf05081c7b6bb6708b
:576e6d80cae40b13d6b303818ee26d4321d8e363982866b4674d5101ee9b2654
:ed2129f1b05680c81b0a8c2ccb254cb30f4ae6e4f9e6f9098eeeb682ca9cbebd
:d34521681436e22652b9a0fe1843caadf31dd9e551868f72b4dcab0a0c87502a
:bc53a7081ea68c14f5357b241ffd738f2a83b1e64eaf7708e7522fa3f66692f7
:4a06d57aaebf7ae0e2919bc4bd9d04106090c094c59ed04f05fca39d1c6c9e86
:c6592f54184c1f88c596dd2e41350e77a982456556ba5ac918c80d57aaf750d6
:9c7aace52a46e13f99cacfcef2dbb1a4a80ff3b4b5d3cf56b23a9a2a36c27273
:8f2a3404642e78915c188cfddf2e896f838ae8e9dda2132331c884080154494d
:cfd616fbbd8b822250dfdf165e4bc1e542241cff27c18bfae5d841ee1447b399
:e1d9337b325f22dac4d4b74120c0dba7b0c1961894ad4998faec80395b8f73f5
:299a8f2887cd0d3c0f9fca709166b06460fdafe4f589441503ba061de41aa2f0
:8a3e6b68ccbc69bf2f5819aafbaa64c9d89777ca733ef00d5b5a09c4418fc0a1
:8af835a1914a18f659d3808bf383bf748193994478cd0fd9cc1e55fb2f4af3f0
:045f3335609a9e283038084d24c441a736dff77ed621ff3affd78e02f2d88f36
:7854a693aa11d1db3f72bb81875c6455dd1b81831d98c4307327247c00445d00
:c7413d65dc94e14009952abf08a62c4f2bc6312dfd6f1de77509d4ff4b76f303
:6d2d832fdcb1a935b131069245b8041320d842f6a195479dde5607b00667b0cf
:c4818d115c36c51f741807665ac63597f7a7509c16af1711e89009390746897a
:cf53ade6917ae82f0e56555ce4f20b4fb79c0ce307158c43a5f800a2211b833a
:ba5d7c4edd15cefb786843a5f249791fbbc5d84cd1320ffa6cce1e975d15a434
:557d3b5182344778e3fc1009cba0df20cee11098ef4a5dcaa15ac073e0dbd33c
:50905a0d34be9a13fa1b9730022dfa5030fc2a006abb3ff533a4102b56271dbf
:860ac3e514f0da249f128c8d96929efa209d5e9cba5e9608572881b3c8f6be96
:b7180d6499dc89f2709829ba54e0170ff633a413b4bfaaddbfab02a5d3d7553c
:8f74cb7f75326dcf2444859c02cbd626f80e5f8b8b9cb7a844fe8e3a9349ff3d
:8c972f40568ca5c92996b2c9cac72004f71055c1164f76c1f821f5211cbf6381
:d8571d3143925bf63383eb5a760cc8380d124d073731f509e0c664ffe32be28f
:9a149898293cd38ba7e027b137f8e516320819a896970163175713b6f661d1bc
:9ea5e683d0d13f32c3f1c25d51aaf3ce8d7823af22d34f6b3a83d7de7f60709b
:07257fe322391b76ed401f62925d664f0a724369a46d8f2c21d920fb4decbc0b
:c3d0460d53b9eea574da8b51fe9819cef00105666f1045f9f1a47d5b7994e142
:00a1f8a345883a169b6566a11bb7831275790ad8deb9efe094d0d64b04386690
:2800e370bc9d68c0c6b2b54bc204cc04ce613cf6af078d0a487412269fd09ee3
:9157772a20c4308e49550608f3d8890d5868c45a436798f8dd85ef8df5417d29
:7d1d127c3f4e9f5c79da6d88efedee50a4875d9ce6e9d1690521b30f7a0088ec
:724e58980b523d6ffb3bc08356297eab736a68fbe6434aad788c977231b9dca1
:29d94a14dee370e565b772a0d23babe24040e7c4750674cf7b76bec675f475ff
:024dc94b333ef155399e0577f7d352329da78a557557ca5aab8ae3ee87386fd9
:4c77bf5fdecb17f4d8c9fe87e70b216c311b90e880b10a9b8ecd94f6f47a7ada
:d464396cb6263e08e0e5571529b781d6f6c2ef5c8db3c9fc4bdb68b2ce1294ff
:7f7abf5e9e462f5e08e7ec60a185c0309865aadac4fc6a1f39478dfcd0aefd63
:99da4b9a772828f487995d699451455394e4475acf94d128a819682513ef0363
:127be604ef3a733ad6ea56d896f5b4b9e4d4a6efe4417383253e3dc24f2f8d3a
:1a6860c039612362bc5e51be159795bba400e5297fba4f6639d9a560884dcc4c
:2eea8f9670d03940f9a9a72d6834c5969c499dc1097af304d69022a90de7461e
:b0d28adfebddf39f07eae818a459ce271f335d73da0f2cd99041d8992324efd6
:3818ca074982bd83cd994e672b183958e691b3583eec47eb556e86d348b1fa32
:7d1f9d0ccfdbae88e8c12b5b51714ee6deb05fa9ba121a741d2b86ff93057aff
:5f4e17c313aeccc1f94a91f2c5566c0002025613c54a0f06b49d496c2f0117c7
:a71de3639655979ffa1ab86a605c4412610bc57404933e95d4d9e10bb2d96a69
:30029c65ed36e712e36299f721c926d1f2318bec3f2b6edcdf517566843b5d97
:ebfd281e1ae02f33633f17325b3579b1194ac5df613a2074ccfa9edee49b8707
:07a8b34c893d259a9715b2b291bc775cbd8f93ce474b5e68f07bdb0a94bc6b1b
:fc4c2730bab12b703580d34cbdb5834ca5d0e5418f6c36e3aa835294f0e3478e
:6b68d0fb71f67d805e1178ed7c8cef89f796d0ee92ed3da2f0036128203a5bd2
:c11bbc9bda5ff9dc37c7313ddf4f3f8047a17ff160fa2c87086e87c9a48e8bea
:d4d54a36acd1bf19416a745dd757f1e39f30908493c02933c17555974e4168f2
:670a12027165eb37b8eff3024b06744bccc017ff6ea0caea725fb52a11a4304a
:9814296d56b58b79e38346179c091a6199e6e1a21e564c3f367a5d1fd3fa12fd
:8408703acdb306f6397b6f77e8ed9c180bf096018bc6c294dcbc251b9e9a3d40
:33d618ef4bf39a9a56d3a48ffb8609cdb08e04d3fb320892db82c584adfb5c1e
:08480dc032038269f2f44a710e61d7aa9cf2c311c7dc80be372d346aa588fd62
:d98e6b947409ab7363c63faa869537d366e5cfd1446bddbe2f2a4e64b07d52e0
:0780c0f0d3e45625d5514cd8fb6f62b099797de36ec1730152e1b6e208c1b733
:118141464fb26a0104dcfa757bd75626455c389c9f99ac35a4e122a463759b09
:151288364526867f806de20daecabc52737fdc10a5ef6cc3b47d762708d6db0a
:e9a6ee9b0cbda30ce3cc1873ee55eb530e90943e324decf0ca4e3697cd4ce129
:79d6f20c2a5f66c6accaf64d0fa67a066dee18071a1b92a4c7e662f46e230575
:ea08bb68cea97aa6ea99f60e327d10fc6cc9bb7afb7abcb8b55f461327963598
:30eca5829a8f57a96707bc422e31c0eb348e6040e8b59d4dea996016b2434090
:e63f5c28ad5cb06f2ad370bb1b2422c119e78c7973bd8a06290e14b92f5a27a6
:32d5047ce7c21ef84fc17d3c757f8e6b203a4dc328784a17fa29f72e18578d35
:a4b35e7c0170553cd3dbc634aca6b30272062bd2644ee43b5b1f9939ba2b5055
:0205e10ca676db0c92ec5c30ef005f1fc7b8f2d863bf6f6f7810a47ab0dec757
:12b2ac7e4ac1661262207c8f410c9e948fcedcb277551e907392e78262080853
:cd91ff3fa098af8e69d155e7d12887e437089a1ecbd6182c04b8615861c4ad96
:78fd893889252ff87f8f871e489e7fa9488c6a5d6fd55c54064852ff7ae2faf4
:14d62ee2bac8c852061b0f56dfafef6345b24c6f6ac7be64ca944112a85713ee
:c3cc270ab0b52a0ca98cd653254a45acfe49c0998b72ed5cf564d47e4cc9cc03
:fc7bfc50ef68ac95667451a726488380fa8a79d5c6d24828771477cc33f61912
:e7454eaa9cd1c3757b13c148dd182dd3690a6e3912f40249806967c43cb10c35
:a7154944b763b676cc937740ed060e1499abeb90aaa6b986082aa989c35aeebe
:a6c08dd4f22a9682199f561587249a66c556656164b07ab062f8bb3dac3c9d0d
:21b2841081635ab1631220670cee57fc47dfa0e925f947bb278ae6281f3a344a
:1366f662471a2dd58869d8277bdf1e96892e5f1741fd7faf34e07232cca910ec
:bc7607402e624c73f116c322a3fca4380e445b3b77910c7d7964b1ce457b5af5
:0d2a70d896f3f46a2cfdc32ebfc0aa1ac29ec97433956c66b3b248c23ed57343
:96b4fd9f23a9a8d8e4706053a507bbd2d13f3e87cf48350263669d4bd8ba927e
:32fd8db793c2b063395610c5eba23315a3ae7187fe6d39e801a9d32be55dc134
:b5d6f2ebdf889f487d33b14c7152ad0078b7195547fa28eb5ef3c4e73b33ab71
:52a116b4dbf8ba2b81a909d05aa413549cb0400bee6ee93eb5430fd85a81325d
:4885c0d50e4b3cedd67202bc5fe06a0a9a6a03de73beaa4e74a294af24cf50ca
:35fd11233b9cdb47c96251f133c993cb8651892e2c5e5da42c02b1c583a6a65f
:5e134d8b1da077774a6d1772df569bf3b0c757085ecce3cdbd14959295ec0f2e
:961fbf4d8e67c43c13f1ccfe47d9334720d2b00b4312f96755e49265af09a2f2
:4ecb13d108aa897d2eaa9e957d8dc2d49ba4d14b1ec8ff9f37d5d237304862c1
:975eca7651cb62686ff306b0ecaf9c3a709eb549d1a6c02d68cba92ed9b0bd88
:bc93c826b2625b3069bb668d465ccee2375c5a68451119f0b9f42bed7629e735
:46aad5cc95cac577806554b0c98b79f5f03d108205f2170233bbc81456d232cb
:782f70788c364a2217623f372d62226ff116e05cdabe403343aacd1d283fb0d7
:477864f2abd52172520fbe421fe170984fc90f032f4c709a1e709bd67e26f552
:0bab85d85ae9467d72b578f0090ba84c267fa870b481703a6cd39e17b85579b9
:b087803fd1ff9c54ff73dac52df6031f66716946751b011f394cfc4216a6b79b
:998e209e033215290ecb0402c61d6ee76fb5f511931b1549b2a00c467079dd3f
:52612abee9109c02d8fb37ecb18c3a25f39231a1a0e8d420804ec88b4bf76138
:dd7394ea886290849dfcaac5885819033dd5f78c25314e374b1cad199c0a8f80
:d5ac84cd01bfacad82aff39bce49b8d20c3304b04fb8f7941968a45c99c352e1
:783f62b3ba3048b6b89a6be5cbad2cac88211a55e27e67ceeab7af0e5e6e85a6
:1a4bb6c377f908e1b64074a56ed7466f2d37cdb0d40313f7ff3dace5fe630861
:3ddc7600b681aaa1a106be567ed2fbe20f0cebc0c88b87b2a28dfd24d23dec0b
:03eb43968b93616de1185c1a93fee453603ac270da6ce31ef573de3c982f6b19
:eaf5e48740d1f1e1c1c6694a8a8122eed608f3d8c22f18373bf4b44e1ba3608c
:df505bbfacb870724f6a7f2c13fc53e4ca98f54d404997c9e3a51bef56b9d1dd
:526699f921cfad00f926f901805cc2ff7a53c7f97cb94ff7f59c1bc88e6adf5a
:dd0bce618a1db2f6083b697eaa40a2f4e255878f31fa34c92ddf4b00c95273b0
:86c67d2b1f9f9fc6e33258834455e09226d5609ced540c825cc70916dce5e738
:3cfcd1e1de53b502a21f77604ed30ae0c3f81fd1987b298bac8e8cccd754dd55
:3c5aca7339fe50351cc47a877fe53c88244535a6edaf30891bd1e5eb37e74f46
:6f1aa65f7811ed44c5e200900808cc3957e061be4eab12fafff43d1d5fc86a02
:42e6f94c5007f1b5d9c311bd94091639831f7f29aa60a0cb29485cf2864063db
:e75a00af36b848f914104d0979d07b850b69effb527ed4e31321f72ae407c184
:f4a2c6e50ae2560243f3d46ef39cb16db2d0c9891a8f086d53abd1b41126a237
:e66292cd2c8e7df70a70442e26b2c1d9f1c15d1ff617180d6e488fd5daf508b6
:05f5df21789d6cbe55866cab3b6d9107eff520dbe17232040f13f70d48a3ee3d
:19e333d6cdc71ae94a6faf0e8f56112153975e791f180174bb15b0cb1055d911
:efadf086db1a224521a457048c36493e2adec4f42c14335b5dfe25f596dad3d2
:e4116ca6bc05b7a0ee925673f2325d526f2a62b8f992f1871eae23a72c0bcc3d
:34df50734dd52dd1d0b3b4c5bd163211a6ad00e2dcd4128c19632f5119f3a7ad
:c285e48c3e1ae9d0ba5fb4f913fd995b28ba2ea682ae047719849786a340bad3
:f56ca969cce03ac4666b50aacc23aafda215e81a7644c9f82e9e465b450fa3f3
:ba964df840db21619d0697243f242fed035c51cb7716aa6e82f07f4cf5f59700
:c678869eae488d269800bcffad79ed70dfd964afef030baff5a218575d087386
:ae1cc3acd8d68a00c01bb5fc299a43a8001bd0953496d56f8b9e51bb4c166cc4
:07bcf49ade1df3e1162e9c7b815ee3b9baf7c693d1ec5fdcaa0fdc88b04251ce
:e78564b12d9388946ca7b0be63d088b3f840f6ca247e240ac6167992ca84988b
:f247fcefa6edafcd34bc86207ffd1d6ba5b0e0c4fd48722176e9ef1833b055fa
:410fdce4130d1586f8bb4886ad7d9dcdc7eede281adf801352765f9daa131b96
:6b871fa0d4f2625da51668d304a63e3c8643369e55b4d4947c194c996f876584
:d2ec8599fe85858288f4933e69c9d380aa9aaa8b7df44e48f6c8e260b2800eda
:9f329600f16d700f5a1f9ad8cb60a5704882472717ca946ee9b2e9b8f6f38018
:4af568b90ad5b1f6357d867ba66363ab19826e662f8f622d41827b937ba1f79f
:d95bd7f85296ace94a32bb0b4b76c9a1e50032de58efdfcb1c0d8892b99a5818
:aa5165bdddcf2aebc468b6df34ed58f3b0506929fefa8fbf264e9d610bdbf9a7
:6108b010deb0aef112979b7f0a9bad4093acdf649ffcf06de0d8c20bf2816f1b
:a6949ac4aca4cdbb4304d162e9be99bd263881438eebae4f5f2708b8888beca8
:6fd40a21ff9ba5158235ac3ac35b675e027b23d9d572c14c8dc84c3a4679da48
:3f585c92baddda5266e51c0488b78a2ae1371e873c779a0ad5cc36856be4f902
:b29eacd5b0fe0b4815c3050216c842f3f174f9c29bc992ed99cb44655ce82a70
:451ddc502d98264a42e65257ea5efad5222ac781043c6feac61d914a1407e238
:c98f01e7f134640e6d9ef6236340cd312acf3b87f4ff4ac4cae453c6806c0a9c
:bf0bf31f99d4631294e570c289e6fa81b1e1d7f1bd537c6d9b367b856952b71b
:0b5c44d5327e21a751dbab98c453688afd175fec9e22434d7574555e9eda29fb
:c21aba234961258e5a2d9a99f81a1ca06f4d38cdbb2c2613a0f8d8f7d01e2f85
:d15db43de00601308728c0dabdec1450d08a00030bd217aef7d66dbb1a56120a
:ee6bf2889d0d14e726d07919bd7fe16c346b6a2b23de73b6983f451b718d0aee
:14487161bcffd2435dc2500e36186380a945af15c8367c1d8049fc14d0e16652
:ba0d6a2e22197c6630c80efaf4119fa0b774c2ef57b29db5467b96c1e14d2a54
:38329adaaf445886268554efc2a433ae139c21932a271edde2f39543e6d28d70
:a0d50b5af28c535c5b2932d699261c7b8738bd51d8072c18226b9c6779872ed2
:8e34ebf9611fdb2d8e53663f54fcfc4f880191c9fe6115f08d6f7077b95947a2
:da25b9944edef026981fa6879488826b2fd59612cdcfce39a68417d65e81ae68
:a90bf7cb7eae41f34731ce613b47efd65b34cf2d8f5bcbd54809c1455c378e30
:70520e7e9b5aaebb29c8a99b9275969550d43f33642f769cb8b6db3da002d711
:a7cc69fe63063fceaebf17310bfc21efc8f3e56b14b1e92c4b1b3fb346713a24
:33c04bf3860d90eee729ec7c03791dd6081e8fbe3a538484bc2ed49e9e981d22
:06e93f32adff72b5818a573f0080a721028e49677903f7f573217e87f366748d
:71e9e9fefb291bfe77a44e28c6fa10b66ef9519d442ca9958682abceaf6fdf5d
:9f234dc47b00c6fa462af082fef80442748302067c05a6523d4bd268cb5f4349
:7eee833e3d5d1e17c1683a5bb02310e6a911c3804f2a02009d477eb64ac7b246
:64998f7da70b7c6e5e5a0a4193609509f0f6dbc743e59ea1cb51d9065b054cc3
:831104df6adea9a26f804411f5377a9ecab461a608b5343bc4f869308aae7196
:6061be9c151290fbf9ef828a988b5a7975291be6131260db45492229f2cdc9e6
:bb8b4fbc9335275bfe73c6c21dc2db00fff7ddc21522fb1ad46292f64fc77d96
:e94e59120587216c1d2cd2bfe059bcee69c624baf7eba5b4426bd1c1ada25f0e
:3715a81a0a6dfc41ae2a8904f84b5b0e8847d723d584e761e888188d9946e8bd
:d47d380455f648baef3d7e0b57f19ee0c123a56ef1be9ddc218503429ec9c44b
:537ba91cfb643e8f8cf7768c66fd0d068ba24deb0b6f8333e770edf9f6603f4b
:d072307f2fb68be314436e16ab0dc53adf740045d7a5feb86a4eaafda553aec8
:afe7d6df7c8236f55f02ece4587ebcd1f6ae2a3a550368a55767ab1d1464ec3b
:cf23d225ad091a23766ac73b1752d8169ca108d576f4371d411a78ed12fbcb6c
:a3a62710f01db56d8c94f83e115957edf06b8564f848e4438d59809ded14e155
:a3d1f64f0339ec5c41028b7eda689a779bed2f1ef9a9eda49704bc82ef3affc8
:052fb870d7853b2a08ba6725c3c5ab4f3b8a5be9ce9b36c349464d8a76314eb4
:6c88caeb378b2fa494c6d5db3fe79ddf7c4ddc98c933ee102460af5daf1d3ca7
:cbc0b4a31f8c33b6be8b4b3d5388c71b240de5668648c23d98d09cc0e48627f0
:4e630289d206bb1516b55e482a7d275e3e11153993d13541b0052c171f9ce69b
:dda68d3c11492dfa792054924bd164b17e7b4cadd22a16b1284cdd543e7c4baa
:4615031904e3af1869560ee0a59cb64d6b48d5c242c4d461ca932781f2bd0d14
:e7c8f9239f9b8670c1138c8df61c5b26c7008d3bbdad9e93c70574304e9a1f38
:3cffd35b0bbe8a8e5659470b8ed42700a7df8d0de3354f3f77e2a79f38a4bd4a
:3a0c24afcfe01d896b65b568ddd8ca415fd51674614f34d8bebe47995734a8d1
:61ea2db015c3a01aa0d91b02b6abf52a7ab8e6cda75c94e44044f08e9f467025
:3a46ff8d9128f87a710e80d13a9003bd7921f5794005712ef6e1ea6ee02c0119
:3b5d30151d11647527f607306612f176dc211604b5d4d607cb4c7e251be92822
:75111f29cc060e09332c352aa2f3e99939e372434f31f05aaedd9be5302a76f2
:5fb00aabd1af68d26b15b77618f7bc14262eff53961a30bd300ad111fa991301
:6d4de6e8b4ba1c878f70730f1afdc8c2b1d6d91fb73b16abf810fd934eb209d9
:241582275aeac35d81378f804c304815358c5fbc605314629761051ded07bd04
:8273226d52e630820c07137fadad1cc9c54eeed230b8b7073ef0a79d7d5d21bc
:a40da7c3af435106673d83188777e08dedb71c8615663532092a4fac2684f1b9
:cfac377cfa56168fc7e79fe6c28b9f93aa0eb7f65e1c9df5e889e3f7038f420e
:1483a41e17b38caafa39ec9751e073c909ace54698da2674cb6f1ccc3adc06cb
:f97cf4153abec4d1a3478b7671f413aa90af831d465319366ee2b8bee6fb7504
:37db46d2ab0122f81c76e45aeb2da321572df64b3bcb771cc32155f52a68fa2c
:3ae29821cfd1e462614c67498972f645744455c045008e2c28c18a57678ebabd
:27bf0364b0948714be8d144eaa48a8a67452bed0b066b259968dd32aded251ba
:ef989ad2f87c262e7f13505c4634631a4a862e07f32272992824beeb40630d0b
:23e26907a6356fb08b1f7c772f83a7dcb293356153dc7681e08a10cbfe823bf3
:ac508754bc8e10a0e42052ba23220f120750b07409e7acadbac2824b1b6ccaed
:0924c0f1acf5331822c3ae8091f4e0a6ca2a1e97d37bce744d1893d757c9b354
:48c99428f338867bfd52b540dfc9126a24109c7fe15229dab508f727aa51fa08
:d26c6919f636323048b8f60a1a3376ab5ad29663cdb2c5fd9a9077c374db5733
:77177e17cbdee6f5d032d1a76f58740bbbeda9399a70c2770a5c3f20e0afd8e1
:33624b3abddcb8cf6d3e4c3422a924437c6abf8d6bcb9b4e52e09288d5e02316
:fdb1a4c545475dbe7e03597372efd0f36d84caf36df6c49c5edcd7f602151013
:fe44c227a96d10c09872db3abac761b6a075a36e9a6bcec4441f9b652868bd9d
:b3c44d5e5c1da88165dc6d51d3a2c0c52fa08c6eb1086845deed15b93f929a2a
:ff30eaa96283778d9ce9c1f7aa284a609cff40442d27ded80b5188a359724209
:01a754955ba3213bbb23774cc92473f60b88a9c8147a3f329629d2d5c155b626
:cb831b8ab3254afecca24394da044422e73a965aadc314be61e6e62c5d7f47cf
:f27eaaf16f8561940a950a630fbe53fa23990479ebd5c31f7a4982429ee90337
:e272714be0b48fd9b4927d5d016e9ed2dd9d539c9fa6b4c3acd52f5b0f25e298
:876f998145783ec767bcfbdd679e6901735af62f6c2b30e2c14ce486e98e4971
:fd5a9c5d45c37982ce32f4dfe90bf82b1b53f5e204667c468003da4a4ac1f8a1
:9686553a1a2f70f286f2e2deb86839b471de42a006dbd8e876d78f026a8e424c
:0a1c6220852d4df700179bda668d2221a754314d283443d4f5c29f3e1de4bf24
:9b34c32c9072af9c915a0dd3bd5dc3648a84a02f91ec7b7c22163fe6c0f6c865
:6bb30134e98cf98a395fa97494cf700e824fb046571bfedd7d975acd5986417d
:f78fd029c094c13213751b98da9ecf96406325b9d10d0e4cfa1a69235dff1f2c
:f6693f5ab76f45a3b4e86024c2148b019b89d26ae9bd07748933042c7c4e1e46
:6673ef2b05ea82d9a58f79534ba9f43a3947eb5441e2dbced94d24f60337250b
:306629947ce9a7a0842eeec071d03ee6e36978cf1d80a5d8be62ba830e5d2379
:2d2a3a4c387f33052f8356014b1bc1e3c48f28df4c9077023a245110754a12f1
:7263a2bd79c412d76805f2bf75d4d81aba30df47d24e345d737d1b03ff41a6f1
:6932cb0f69b863e5abe6717ef2bbb22e62d467605ee6844ea9db19a58da51d27
:124891239f50fbc3e3503d0cee67705d85441b3a49af781348767ad0c198d171
:d4e310ef388484e91bcd8ba2682bc04f8aaf1f39ed86deb49fafe3134c87e919
:194c17301912c3ce05f45ac963111e120f9203796ad5e8b606e216ae1ba0a8c9
:49e2d5084c04d8e8821669eac834b638d289ae37d4079e8e4f49ad3501922589
:25bb52b6bce14b8473cd325d0e63ec4882a7d59e4403caeba657a5efed1d7cee
:209b27a978aa6e6272004ece68072a7b15bdf0ec7cbf7659bd1aa7a623031dc3
:650b30b97c90c2bcd9cda832a524768713052aef9dbd970275922b70f38525b6
:dcdece0ba08a0e3cea2b34467de9898cc3039c1a01331383856ec2cbe36bd431
:a2e793d1ae6be9bc7ae0fccfce36bf501551adddbe70692a3cd9951d309c274b
:4d9634927f420ed96410e41e548776211826ea67bd64b8f046ffc41845b8f477
:30b1113e895b457dc7fa613d06c7703cd18afa2c0c7609ac3b39bc71cc7c8c8e
:612d6479d45403788d6446b0cbdb652c6530a008894327b2f2c95237195ee433
:258262829ff25cfdb6d8f7b2324a69c7a15ae9044c5bbc097dca49f217b34db7
:327833a331b043d731b26522a88dbe0cfef3606c7c24317a37c954564e3dc1bf
:a912e14ac56ba12243dd558bf3caaeb11c82dde0b0e7e239380a0c5c3011b884
:3cad26026616f4272861af1081f0e5033adde595a840dcc936a241c87f8cdd73
:99ee3da75da3ceb77f815f5849318e03bf4ab1be0c4720bfd980e2b9fee07e23
:bf6733e6e54e4919c996c7600046aa2f752d8e8f34ee4ed39b9f62b7c1875ba0
:fcbf25ef4f6b94c708d55286cdc4c871b782379f164a8e83588ba05320482e8a
:d2293676bbebbb6b218c9464ec3ba7be4cdf108b4bd2c1a80ee46b62c6e9695d
:3c44023128a6e221124ab1103471a5a7a78bde4167b53042bda036962e128d44
:90f864903ec176fc1a5b1f232fea78f5c08550bf80fb22cc5f315a45bb88a52f
:334a6edf0d90a6520e77218242d54f8b4ee99365b36c452385e7c1dbc1fc1e16
:5643f3b721abe392cf18be0690a8ff694a3c9c1ebb51511deb4ae8e368317da0
:090cd283667525ac43230171201767b6b8a4ed5c3d26ba496ec39220466421d0
:03c939c1251f6809051378a092125c70c99cf47eb36bf202f05193909354575f
:152b57e7cfbccfd34f9a86adbf78269a60626d84c7a8eceb9b51047e8f094c1d
:953327aa40631cee59141f07bfb3cf89a86e79549f80bfcaa84fa9d52a14987d
:27e42cf7342933ec8d509132ea2f57b10edacc27b16ea755ee24bdbe7b9af31b
:8a90b80adac77d1aafc684fa94d506e6a53b8d3f83f73be6f845228fd07c3ca3
:c67c684c8d3a5eca02c797477f3b6f0a28670ac5335097caf7f25b692eb59f17
:461e5559ae3a54d517b68b403f7353d7403af5a405917669f70c909b314c21bb
:36f7c17b16550614d831df3bb179f77f8c8232f566e45e801b9b4f53b610baa8
:2dbdab575fd112fa6b59379d09acc618d07e6e6c600fedd50c042add6d498fe4
:a518d36042cf6d71499262eba7d6c218dcb2103a0d1d1fb2d41dc547e7eb1aea
:fb53b8cb1c3bda6f188db86deb2831c473ad72015771178246d59d0551b65549
:e4f721dece2051a799b768742ae852017d6f15ad5d3dfdfb0a2198e42fecbc73
:2d06072cb9cc96aa40d89cc527fd89efa93a003b566c269f8995a4da193c4a58
:04ed0fbbb4785e2e24db7e7b56ac59c9a8fc3dce1a7a0b59ed40319c04bf60b8
:6afe13d45cc0be988fdb9f091c8098fd311bf6a4949dcfe11ce93e5e385f5611
:caddba00977307880006044fac25f34e901704e33bfe5b4d9efd325e9518427f
:3006a3250ad508e40941665c0afa749867b492151dd34a07c5f90275ba838358
:aa4a55917c56742af026d0e879776b3f64c785bcf4cb22487d59bc70c5b8ce84
:1e2143a80fb2fd504254a41edf5195e6aabd4354f159e94a4fa6c6803271c577
:9a116bcc4139b7920d6d51aa2a6dec28bffa897825968f5277dbd5d5e0b06351
:fd4aab87803bb6c9997c51bef5bf923fedc92f25c290826aeca2df086353690b
:257bd82abbcd5c7eb99e01960722deba75a018a6e42df4da5682efcc1fd3a99a
:4fd0674de4038a98aea6c6f0ba0cb467837d4fc645106621d84c6d15f286811b
:e458199d18e51e360b6dbe9fb97e33bbe7dc2c68cfb2b2dc41832f92dd533f74
:73749e27f8cd34d74a6d2d431dc3f101d9b739dace273799e2765c1ebd2d96bd
:683245ed05d2cdd20c067393be3ce0f814e2c5c9e9624d62e1d90001aa747198
:90cf9f1ca24663948f4ca0e466839cc2fcbda11357269a9f2764bd408db742b4
:340c0933517a98c152e147d4c558e2611416d2d70340e62bc58259417ad4e5fc
:72234815fd3f789a12d29b8ac92b23d1f406009c9697815e02c3e766e7cb079e
:e11915704c7c00798ab45295c7297828d1f750e014377853443f927ad1b82f34
:4c74fa09e550e2457f92f0d542760d3fc3ae15efb4ad2b2121e8ebfb0b282d31
:24397aa49025536e1d3cac7bc7e018a8903797828ec2bfd39391c5dc141269e6
:3f331a44b08c31a62505841065e3176238353a1d1d6ee6c09da5b01422beb45f
:bd1810fc3dfc4cb718d27743a7e273cdd8e9d5329ce95f5449b4c23f8e31015f
:6cc0f021dba52a0930bcf20b11a43a3b88e1cbb76af0e644581a039b866f8d54
:021d63be8a68a3910a127d127731980e1385cf90e8d826028652de3ed830cec4
:9040f21ff68f89dcb7254ce0a2d1ce724fad6bf22fb671a16cd9b78b85879728
:3fac0c4d4fd08d2a852383325e894796a38ddd0a75a2564ffe2737b7742cc95f
:6e779c03249fc26d0196020a6277cd6854d401b74d04ed6d6cf6c3aa997a14bd
:224ff4079762b43bfa611bde03d1632fd5b33c37cfd93892083f135280211e69
:80e2d6b13c7458ec3e9775731ae1e2799c43789c972926a3f12d131ec97ebffb
:f15ad3f2b0da1d75b90fb65f23ee54acedefb7f5ecd4531120cec4b8d028c05c
:722794aee5f0c10db108a7e8475803ed55a8ac1e688cfe0c61c500e4905f030c
:7b761ea69267d8384670de6a2c1be8acc7ba99908bd389dca0409fdc15cb6029
:e3271fe9e2cd27f5919435095870112279a49059b26e78181271e439ca520ecd
:f49ff8368bc7176480902ef37718052ea8d0a393b3af400605f3a9868ee900f4
:42944b4df59e820e287abce4c102209b677021a726aa380783781321efc79319
:03b7fe406b49b048c6c276977ae1b8c596fb06379dcf9233660f4a11ecc78f0b
:42bf1cae951029ede53a47fa102f11ae11430b26c02ae986f2addf026c2a73e3
:13c91a17c1d739be34dd2b46c57e75c4175ae96b5bea59b35d7aece558be9a0f
:8adee6679bdc04b586e4e07ecccd662f1846068a42fe76a87d5851cf73184a9d
:5f2acf5423a071ab93b3fe74109e590096c4933d58034aeb5215e53e45032628
:192b9ac3c2849b93aae2619944538f5e648ecfa15a54f28043b005e169729bdc
:3e0b901b4dff62c3f4fa5d3a1c62cc23846b161309c26e9f6b9911e0ef8c61a2
:9e6c8b9281ab7228c8ba55d21f9d56bc0b0c870724856ecac7fbee0d6146dac6
:84ce1c1063790c76a0876bf63eb2e24e3fefbd246a021ae9f1c9378511c7c4a3
:ffe606148c92651c1152a26abd414b699c4ff714b5d4d56d858b8401ff81dd8b
:c1d3a7defd2fcbf2145d8c337f52885fb90bd4c3d04385e1859568e5c19d44db
:7d6cdda4b2463317e036e8b85025c7667e74ed4f4f6e74b89a9c3183627b74bd
:f9735c3952f4a9b0196b2851238b62cc3b6a7d3d749cb94048c48829b058dbb4
:8b8a7040bb6ac3817024d2877984c0e9a0340e7957832b6dcc1036a3739e5e12
:d96897874320a7a0568bc650e9d42d1bf3dd25d40a0eb17fe59e9dfb5bcf373d
:aea09a9350982f8c069e24b5c2ac3c075903b29f213c13a465213ff527a6270c
:de88aa17a98097c25fe6cda999c476534ec66891f8afc086ecd9c47fdfdb63d5
:20e377dd1a9137c3f1a1a0d0deaa281ffecb4ae784e38cd9f17e0b0cf0e55557
:df9813d5e29dff96d11a2bfe7766a80230c946ceef402e2b9041f11c59da1aac
:e4a5b92eab3d6d76283002c54e5656e66261eff1480ab8cb8ebd294bd28fb3fe
:a832b857dcf976f190b0babcc0ac2dc86af317dcb8fc791ccba974d53d010820
:68eb2f21d0906c46fed44692c5277f6b2eeb20fa12d0b9f8136b3ae56a9bbb6d
:d15fa95a69b0989be18d692c243dfc251158ecb91690e0201a182e9249cae2ca
:74862222290a70590f1609a87af2cb76ef180cb87d1a11e9df076e20f612d40c
:04707de09fe2f87251ef77ffa93f06385feec8b46183beda9015a5ec9a1ba8d9
:c53d00893835287fd6dbe10daa8b678fd35e5c7e06def642928c6b1c8754e21b
:1ce946979dda24ff699304ef567e95dfc8430e8ae0d551231759ecc1b7cd4e8f
:66e5c0d495d05975e99d10cb1a646492542d7f704cd9442a89abcfc5b8f5308b
:72d1b2d92dfd07f445ad67baa06b8e66f7c1e416756f77a057bbbebebe9a8569
:71fb0b02c6dbfa0eeb6bc7a8061491d9632d45ca8d4fa6df778af9fe0c447b59
:725decd3929e5c6a13baf02993742f026a76ad8d533391de93521dc1b9eecc95
:aa134722581c7df2fad544921d8f63f5d9d5e3aae9590f560b3e1f1f18f1e905
:4c63bf44c6a1dfc00ba5d4c46ae27dc2d43ec3b3f89525034855c69bcbab97d1
:ed08ade1f488b18dbb4ad288d443c71ddb5d5f459e588e19fd419d90bb627bbf
:46b0c6e03cf2f6da76b4c3f16d0d1c54fe9b51bb2afe1ecb9c12880b63c139ce
:51033f809326597ee0602e9d09d89b2c07d7eb2f6701234b403bd1561aa814c8
:0c7e381a43785e632046e704221a03e904ee7d00edeb2cc3002ab07c6b3b42d7
:1330e9e7fea58d1653a0f700708084e88ac7a4c3cda4524ab7beeb5a75d14156
:cb9f2f2a8b5e9eef066e7d9c3ef175f51e4773255847f6c658323bc70c71554e
:859b07f1e6b406dc3858d122df706342f0bdda07dc52b1f088cc67e778123b49
:ad9d22d7b44733a1fd4c33391d37279a97e8bc3bb7101e301689f640e79b1cfa
:cb5a8dc293bd08afa73c0d5a8b47f5523e2044916368725c8cd1a2d2da8bb34c
:58532b1167c6fce5fc1c566f9020fa440ba61a183d4b0356688933b626d0f68a
:24ae8d6f2bf5a979ec3b9d5dc0c6f8db53f6e75590f2cfcba1eb9cb11efefcbd
:714c818d55a0d6003ac23d733cd289116e70613b4d554176dfd70a15780d5b50
:db443dbda38c09b3c68fcb31f21db003ed27170a4ddaa10aade1ee0b3d7cd22c
:5ed201bcadeac68492d9f72da53a50d5a73575b81418753fe1e0d234fc230f4f
:efa4dfd616a26ebdcf991043fa74a30b9dc910ebbf4b52662d9ee4190b86df10
:c4c0c1c6c49980b2abb645109e1868275d67a562389fa79e142b5e36efd3b3c7
:99741096e360108c5a5f581d08c161b152a21c5920bddc15c127d3f4ffa41e4e
:f063fe255730990553a1d5f5b86cee5cc0405b0a324efc6d149392f5240a8b4c
:db7d233288adf6d53ffc4456d4ec68bf5298b5d3ae89d9ba1e5a128a1ceebaf4
:f80abd1ec5654765d6bfbe4022466b11b298af1ef1e99464dbd989137daf437f
:c3ee52bbc82d940f92c5d0fc69ec44a978341a4aeb27be873bc9b61cb19f91d9
:9013348b728190f2351c5641ee29f9a7ae1c1ecd59f6eda41a3c5a1bf4b352cb
:d08c65edeba5752afe92b9f00069fdb7aec41976abdeb378e8d91d2354f77fc2
:010927c551ffd924fcfe285676dde13a97912d63ff118a6a5039fe53c20bf8d6
:b074ad14b031c4b44402261b5b1199da56ca1230d38383c6fe55434e378563ef
:abe0ff945e927ea4446a6ea6b6d6e539a37938abe8406a8cb08a54f42b8a3f60
:e2c4afdc9e67ff0facf91cd4da99b78f8941d420d208ad6df373b40b96b659cb
:f0dff1a9531cb6625f34e58fb568cedbc751ab13a8f394406eaabba172d12c34
:d6e366192564d3bd62a4e3dfbe61bfe57bc72bdf859a74dca7559b109692c740
:02a696972a48d97d53eb55ffc4487173ebe78a51494101dec4b568571e3d8fc7
:cbb517b93ef4449c526203c3065543cdd6fb5d1e6b1215e25476aaec20cc49f2
:3d79757f33895902fca4763a0bf4360c0d847f5d35d18c8086bbcc9f9cde95f4
:2e52c672c6ccf02a26499e3a969ec957823e9672842c3d7147cd6380e3163de9
:ab13a440a452994b56266b5aec313a5032bccc6d2aa31cda04c9c896698f4b45
:b5d8ba6858ca03c8da727464d38696563da852f4df1b436f5faad200889b629f
:f2ce352eb7a761c3af4a9b658e0a6a269d20596c5ca0083fdef99e29a0d7fd0b
:4b091629d04873e540912a4f9647fa5f99693c2aa90630069404bf9af1680f92
:337ef055cd6aa975b7085730378032a79eaef109e8a2e6fab31679d4ce199fb5
:1e0d8a8c7831d57d38b58c7825024b7cc1a83007c3752cbd51d8842ce308b047
:c1ec96b7dc34afac8b4dba67ed7d32efd20c11893285d9f63240dc8026cf72ec
:d561b9f6b656fe0f5ab29c0112d53082e06ca3c5dea3b5c160aa0e4394f1fab2
:282d3e099e3cd082c29702b83630a6ba6abd1fee4b1b27325ac5c881d8e50082
:a5d4073c4833b83c4111053790cf45e4333f25e5223ac1c8f93f57d5a2098658
:bbd31ce73f9f2cef9ea337412dcac4b72785d1b71ee6d724e1787f3380737415
:2767d2b25ceedecba3549ca6c3d729a25dfa21f3b65c3d63d06f678dfc498621
:0bd54f63278b29a535b517337cdb52173a0075e4a66e7888938bbaf31a1def76
:460da08fcaec930acdbce88e8dc5bcf1a55483e50a60517f1804af0424aa95d2
:0829b19b2aff3cfd7e5ad000bc9ba655aa3f07c834ad98e66ddc0608febc7ae8
:93c42e89cdbb5e90b877634d3c6c49d79cd5f23776a6bc3815b4fa0b4173925e
:eb7e069a9640b111772abb75a4fba164f9ca308b9f365c01acae34923fa4972a
:be3444ef3ded0bea3beaad8132956139c2dd86d55cd0e01fc2759b170831157e
:fdd378fa7274e3f99902da46d7d160ff279088b85b9b3b968293fd5e7c2bcbc8
:74642bed7e6510115a523fa2689f3307e3c387cf6e577cd84b682a37ddcd3bd0
:f7435ddcc80857f3b6739d59e1f4b85175f1e9b9741f9dbe4a0daf4dfae997a8
:448266aaea31836869cd46ca74dc1830bc5ede28542f66f5ab8868d32862a834
:c85de52e8e5045e65491eb3e57e2351dbd85705b7b4001d58f9038c8f36a7e1e
:7deae0c6a5e218a8cab62e1da08ea07828a301cc808bbd123eeabfa7f8a472c9
:f074e86c0694d7f91576624af2a183f1a0a9b479b1f2ca6534fab1f51a3eaf47
:d336475d9605e874f0aa7f6932101c4c9c14998114ea46d25cd3601c8512be7d
:ad75d2c99df7a3fc2ceb9a714d24ca6477fe66c6b7d39421020697fd299dd823
:5acc8abd27dcd5f6e8ad910cc1a2dd7d9390be3e32588751b1bde96510ad1a10
:90f20684108d08d6e6d311a6fbc8b983a6e212abbb1b3b2b0dbffdafeec43e6f
:7ce9adfe90fa5e1572906117ae2d44a58e9cdc84d3b7d98a2ca7fa01eb846e99
:a0d56e7d85d33b6eda35d98fe5e1d7d0d6b61634e48a34cc9127ab7a75e9e1a9
:0321159cbff684b6b0ba3530cee8757d81ee7225be4df02f84a6e194703e4b02
:37b76bb8307ccaabc8cb4f3eaf016bfbae925750de0a9844a94036da2f952768
:87343e323c956b126a814bfbd44ddefbc12bab248124a6c7fd25518322830d98
:c4d63079abe061115d84d71ef910e47db240d8593324bc30dcab4b4fb7af54f1
:8190e76d54306ca36477fbc09f1ee141a617d3d74dd7ace2a366c8aa5c0dbdbe
:ed14ec3153d8bf2379da1a3d578b4964fb082cb9541755605dcf4493cf715b23
:e1723b8b887740f0ce27b3411ae06f5233edbb8dd3429acab628fc55b45fa795
:fbf0f623b4f66da9396ee3c3f1613a10262bad4ff5ad229e7c4bd3106791aa8f
:cd5884f380293c6c6c9df1d9b2433ca3df00337e62572fbf682e2914e217da7b
:3a019b19b2c05cd3d51734e6c81ac690cad70bcb7a392c3e49c62532be3454a7
:80ae2a7089183aff8b04c60e956fd5ea64df3fbad952f83599b004ee099dc01e
:60edd76c5db4e09698952a62163c5d73559d5a88804a9798fcaccc5cc2d42c30
:6cdf822c1c457233d252973670723a82e57006534c36eab39e94e91d68870833
:63373e85aca7957bad73713aebdb8e6a405b60be425360fc5be8088b8df3e943
:35dc7afd666e10fcfae001077c1ed368b1763a34704663ae1e089042ed82e6a2
:5cdb8012e7ccf9ed290baf11e6cbc7439a3f542818884d923fe0442139683f70
:a4464e1e595566db2033512c5f1f88a6ae2d4d4e4437b9398a16ed88723c01c0
:b254cd56dbb362b97942080ad5f29033f5ec35d8bdd35ae9f2d8d45a2614ab99
:911e80bfc362ae26ca984752fc7a2f454c47ef00ecd1bcb9e477e43797f471fc
:ad9a22fb9d87d488d933e49752d9b58d20a69bf415445b7bc5ae72c73c9cc936
:e20d3103251a86a27ba039af400064e2d461c0566a399a9f4124082f88f9167b
:fd1c5196edeaa6bde288375eb874ff44dcf701272bb060acfbbc5a9a05dab1d0
:e66bc7fc84f008776d5685d609d7230437ca456dd1ad28d28ee57b528a073279
:5cdd263ec6d2a9f3ae92acad699c983aab43dbe0031ebc50e0dda6f103436cee
:9f5d9dc35ecb91e96e79207b6fd35ab68b1541ed260a9f43c0daf02a1892a0ba
:f4e43471d6cb158bdd99e96b7a2b2c88fd46f41d6d3e558cd09db7884b58457e
:d08dc764e46cbcfde18317504b30fbcc137eb9efebdf1bc727dff72a39172f06
:705a4bbc99116aa4dde6fe91936dad70ce4f177103db9fa0673867bce542bb26
:589dfc4e99ed11fb8e99f95b1151ebcd538800f9feaa6de1ab919558c35ed1d7
:cac2c6e306b28b9d730b50bafd08a3044ce68fd639ac47e646a5d33a18e3ef87
:cd75bf727c4b7b522769daea7b3b6d61411dab9fd61eaadebec9376de43a9955
:5920835f8a4d77e694b0c13ebc0baf1460bf70952c1a171ce6e351eeff521a07
:0dae5342f72051f68aed01df4920524cf4d4c8b4ad2efe81ed906ab3db24e058
:814043edbf556ed4dd71a7783b6fc00c87e109c78749a86e393728c0988ce271
:bc5e88214773700aac7323d18d073a56bc9467fb2778e243da790b06e1f990b3
:f5f1b0880e758186c60ed67f5c8d4c2c1d1bacd2adbb3315a87419f847e25e53
:72015c515aab413513ed55bca5ec534790899d41459fe7cea65f8324a964a79e
:21ff66dc88c6b595edf828c1b6a4f99758ff702d01473fc6d2fc2ee8ce69aabb
:c0099482a62abeb3a6f186ae9125e83fe9ee41d0a2d322f251654af92ebb9591
:c336d7e420c80bb43434e3f43175f1d017f6aeedad8bd2561b0fd51729f01b10
:6b145631515a80b6a437c0256fe107b4a63f84935c78dbecc9bcadd1474ab75c
:1ea67fe0f1d76ff3a0e54546d3fd2fd06957ace6891836a742bd84053afefa69
:3133f7b6c25d4577b47a3aeae271f3ae069d4e690ca73ce94c1ca5afb16d423c
:26414cc5d84b6067f40a345680a2eb9daeec7cab3673de3f966b94eb634d4377
:d0af5531672e23a54eafc0f204fef3780b7caaa0277aba2ad1202d13495b8867
:aa8b82f8bf253dca70b2b2e8528144bd9bc2e862b7c28a1f653eb7801fc7f836
:24f22d82a569923ffa3816baf27fd7e39d70869e7463c6552addda0f910aeca0
:0aa5612f4b3d2d356003c9e93443e50e9ea064d99f1eb278c1ed3944dd4585c9
:b196743a8a7b567d5ae1dd056fd7d5fb7993303c7e8fc5e11360720fae87cb4e
:7bea11bec9e9394c81c7eb8be9c5dcee67b0c2439693efcc93de632994423fb0
:cbee487518d0433607a4214a7cb8ab5344b14f19591e89ad49382eaf99be5b2e
:9dbb7585705fecb1229c414cc3cd69e354cf689db9c32fe7f75d7769a1ff9955
:f642c371bd03865bb70ce3af40423a8e8e90381cc40c3770ea276a9406a4c75d
:d2344d72b38450f3c835a05a881979d62b461560229358c8bf216822e758fdc5
:4162328dcd7c0794b8144a814b0d5c1ad92cf144b8f8dc7b09171a460e1ff078
:87f891ea8fe9df2e78340886f2fc51158b20b6dad3be313664fe57847464c0a5
:cda90e2f2ca00c7ec6b1761b81842c109a2a040f103dd6d38c5330420d091d4f
:762c9af093668c7a6ffc74e4b6c5bdeb10d31173e880935d2c3a39c21fef85ef
:57928ea66ead42374b1d6083e4e11e97ec7624788bfc6129a45bacfcd1a95c11
:170040c60655dad0cf2537528e7bce05f568a3ca0405ea707541727b28557731
:24fc1f5990feb6788e479bd0b33fabaf921f32db093c4b9ba9ce88ce33810eab
:a85ef4238c4756d0081a587e2bc5a734c55ed96f1869bf47ea5b1d59bdda7d83
:b5809f486c5bd1ee2e2d53b814064ea355e944273e0eca361135ef184cc85a5c
:7b564ac3814f456e5b29cc3c811a4db3dbd6b21277f585e2a3dd331271ab3a84
:aefc721acaa90a99b5a2578597ecb727bba9e58fbd2b0bb39baf65fdf9ce5fa9
:b150344cac6aa1207a201bf25676dbb34befac893c109508ec23315441084174
:32f32092975626fbcea7a581fa449f24afdb1176662f4867a05a954db4cdc6f4
:b0b1bb340531a85aae080d0e7c1941e6c3745e29496184de0c7093a0b95d17e6
:a9a93d6a924c2a0c331d9761ab700593d8d2ca17ef8173141b3faeb0e72dbde3
:64775b68eb0bd5383a278933c7f467e024988145795f81a8f745093b770bbf41
:a4c666c56ae44b275ab7bc25d1d39454afa99d229733570427c875f4bd2552c2
:1180cb20625e73083245478c2e277b7f549f81bc54811efa2f3c39f35d5d32fa
:e7ed78a786530be47a5b8aaa9e71d04c297ecd23f995c36e97e9dab055de293d
:f985cf8721626fed9db1144656c0b4da82ff67113f86b629fb40ad0ae5d63676
:2659e6ef7d5ef260286d3334fdc38f024ab7ce5ec04353a7f4c6384c86d67be5
:d46cf74f0a69f6d7f228554402d703ed10d2fd4a5c788fe51f673d495f614547
:c93def4d13672dc84d9c48da5e61a66f1484893933eb313fbbe343c82269cde5
:b8bdd6b8994eb30fc08ee361673004de173bcf9966f79e7c9c23beddc4d788cc
:529a46d1cd579adf4a702ab7146aed26db478110e3eadf21b485601c2adedf1b
:3a84bdd31603d995f94802cb97122f94373d116fe26612c7c1f6c59d10860cac
:3b63582bddab590dd5c436e3529aba319e38a9a5775bbab98b2b8b13cf5a0828
:91bfd403acef04a7aa3e51c609c7a3371f6b3953caf79b72fc5188259e15f7ea
:ab9032ca291d3a3eadcaaca257c37c7073e202d7563a58c86d2159d545f5417f
:61e8271a0ae3e3b75325df57d5f9fe1d78d647aa06d34d7b407028b61c835519
:6b8612f375a90e98bbab9dafc760f39bb7456d2312f106bba6add73b7df0814c
:28d302d936a48fba325737a6c85f9c36b3f5338bd5f9052df294ee4595a5c2f5
:70a8cb7af4295c04d2b6ed5ea171a7f5ba58f89a03048106d852d2c9c7deb91e
:971ca640fc76986b5f7962fd07c00209db9fac902f374a56578bb25c782dc0d8
:1c701f29c3fa13ebd27f13f104ffd5109676842297aad8c1d9e6d044ed17bac4
:b189bea8b58910453bc3be9ad9611ea99910ec93e54860cb5989cb5f5e394d60
:fe7f8072ce75969191e1e947f95510cf8b0100b8718cb65ba0f8286a4beb6729
:b5432c4b91c9a190c087a50711a8ae51d0ba486aaab74b76f4b92e1a545c0403
:0acf6273cd0ec563541bafaf4e0c1a87853feed0aa4d5dfba8b5d6e35b1dbb8b
:28a669ae00297d0e1e449b65f72f53a2feb9c988aa1b8d35dc34689374e586de
:c08c18218648e96d3e2eca51942484cf4406d3eb766d9ae30c809e70f3f930aa
:e105aec917d2c81c79db7d6994c7040d1a6f32feaa7779e19df40b6eef5eb1a1
:c431265036f3ca06114dfc33fb12ccb71e2419cdd2a71d1ce7beaa90a6cbc42f
:0f5e94d2459f07171b8d96e1645fdc9ac87c27857d4d6d68c9f3fa306279603d
:9cb0303506729066824b87cc0b2c45670d4e322e33789a12ea4d7f9b0eae3ea8
:514c8751784c393220123e230a38d80d2526a3e618addacb6e5470579b5c92fc
:2d188f7dc456b01ddd3134f7a27d595799e79022ecb1c9da9dbccca1c0957e67
:05b7ae7efcc42060bd0050ad5754ed4f87fb39927388d04cb0355042a412f964
:1f39a53936a32d270645ca9b3341145ce9853385e65c413a0684cc964006c231
:916d1eacf2c0de2012de836732f49f6f22b68ad8c7bfcf1a73410742e6afbcd0
:4188481b59352b1fd29a42c7f21454e47221147d3bc0080e910587e6ed80fd58
:96de02c66aa2d1d79378fb88b496c4e7a14eecb68b46308fab08de793662fae8
:e591330dc7cb514f189f19ce99dabb9223554aea848cea018d2e368aba6890e6
:3bd616abe028acd7a85e60e948c019ed959ec50c66dccf06a56b96c5c7f969e9
:4463cd7bd59774719a77f150d6b3ce5dec3afb85f2f5847b64097b8f57d04905
:b6937b4e78383b23b1c08c1fa3d4f012775b4b94ef99a61b7ee5f328dab645cd
:d278a1fd2351ee066dc74bf7818bd3004b8dd7fb710a8c3b9fff19f0b92e29a2
:fd1491ac05ef719e3d96a6b42ba4be1a611cab9ba66b5e9e4c3d70ba78ecc120
:ee7e43c1d7c54edcae20919b22a82d7aaca043822103a2c5c4f76dfb0c3073b5
:fbddf0e3258a0bad992cca051b9eba393859a13ff92db8de3c53ffa5cb7acda3
:21878d710fdce3e8c6d16e55dc141cf50e39d16e812d725abaa63ef7ed55c993
:846502fa27cac5dbecc295b5fa5e6d1e75d2cd11af8c82aeb928b1cce63fe4ad
:4ed804ea590a8a61f240ffc9d39e63f68b49c1f7cdce518b8f52d7ff4e433e2d
:117d51bfa46c28a0d5e456d94700177fd36a84701779c1d1ffa3412cb958dcac
:ccabece7c90aabdb4479d2c97787604f8ff989d0d90191b45271e5514434390c
:160a4287d7c04ac04692529e8c386a5519b8a8cd36cdc775c6fe7408091c7dd9
:38064c3b1cb77c2266954e4179971a8921c91771e875e49568b7433379ccf6ae
:1bb4666e671a73a2cd74545f35fa03609edd54ce01f8495865afeb9648d792bb
:6626c924f65efed778b6a8b4e8beba5acd40b56379cf1e44b05939f01fa9e9e4
:c34ad082fc2813852ee5c7c83021abe51316c8c4bd0badd009b6400a2c56b8a4
:ee655f7794ee363eddc13a04c74f674abe6a32e5dd2b2ef83aee6519b603b861
:e2e47669243b7091987c73572f407e39a5eaa61235d8fd9fbd61bb4d653a2682
:b6178799a7e1b4300e42e7da0e01f4e5ed9c4b1e5e119a890ff583c69a59d3aa
:6d776c7145226d082bf2253a8e787d17feefba778ebf413596fdb3f6eae8cda4
:2a2e71d3aa15026977af5d749a3684ce2a1ab293b16efaa01eaf211a935087ac
:cc26d3b948a062f443a90606feb39990f863a95e8195b3028aae132fc916c897
:73d06370c782fdf1b3824eea67348b718df8bd1e57f6e67004598d2f12e264ae
:b3ce6599e10964187913c16b1aa87d9ffdf5f9d5e686a06ae3e45d673346f90f
:79695b06ffd4a3caeb19ff25e0d727e4d33d82212be67aaa508ac0c2caa09dcd
:e62a6dae60c860f8786dbf87c13125c46ac5d91ad59193f145f44928870c1953
:1925d1a9c19c36234c4d234c945e768a09bab033fd909ae46eab5e23eddf17dd
:8e6efd523db05fe62ab3961df8be3489103d43b4c656d62e2664a9d7750d4d57
:3a24eddd813cd4edbd7c15f6dc5cfba3d6268619a8a647dbebe32601917cf5ad
:d1a960633f437999714310f73e6ce3718bf4906de47f27ba3752061f126aaf9a
:f0ad3be8d77ac5dfe0179c8716f27936946ec79b28ed19b68e9c4eb99900aa08
:d8bf17a5d2d1c882a9597b254a8476bdcda503c4dc03846819b2cac5d2e8aec1
:725ca56ed1094ec7a03fd543221a62767139587866e9205a25d6bdd745cbe04a
:38b24bb8097c211f2befddfd9689369ffb2028b3b5738be5fbe2830d37207b22
:bbd4b2862ee81b6686332dd5d1f4f9ef718523a73d630f2c77077f2e2c1fa7b0
:02d3d97dfa8b19c5c090fc9199622b3295c25b111a7a05164f817d8fae2970bb
:549542ef25e661571cab616b9275e01a4ecf875dcc9a9773e97365972d382c47
:c4a435bc5aa5f34462f307ea629b70a636661394d846881d552cf105ce54d6a9
:513f77fc91f109b104216d2a13dfbafbce04c27c79e1d6feb73bd12926f9388a
:692de0d12cbc9d19944c0acd1e73dc8fac49c2453024793fdd08787e95c3c105
:0dcfa4ed9b3db11c0ea0f212cc83bd39f1cc4b5e16245ec81f80f945443c302a
:c35d5876d7a6594ac97b6b983b106416b4c355b9ad63501059e9fcffad3c872d
:e36bce1b1de45cb429858b38f3085998085112f8851cea7b1f85a8de74c082bf
:1a6f46b2a57289777c4f62f7514accaa065b1397894f0f85d34f61dfcbcb28c8
:9391010969b91a516f8c5fea45b2d0488970e57d456c76611439150a50475cbb
:96f2871669a17486522bed19de59212649e05282f2100bb711b23e634e8e2bd7
:3b5dcf1920186ca1b0f34c1aaea065047deffd5fbd8f49795000dbb0f43e313b
:e3e85ca0bc4e1c890dabbd5cf503fe7abc70ccfef79658307bd44165b3c50b58
:3b653fa01410ac15e6a6d6aabf9afad35fd1b7e8bef460ce9dbabe081d5d4f38
:10914e9f27ada65d19da029f9ab7cbcaef566a7d7ffe0f7466d3ac5baac4ed06
:af9d3fc43ced4b46470552e5bee8c157f02ba756275e073e279affdb88cf07e1
:fb0243e98246166eb697e5fed7b3818969133761bbbf4da82e134619b5729d7e
:f531c2977bdf39bb76222220dcac41d73ffde520525b1ccb9c636562ad73bef7
:00d29f325b651cfd4c87c3c5110bd07da8e45a9ca31ea1052e971b4ba6a2efc5
:d4b30fc1faa585cb72ebf5dae081e96883deb8c8efc264f09ce5074b42f2d656
:d28d05933a0b726d58012d3c12210b81e47121c864e94550b7a8f10f82425b76
:7d7a8166082f5bed0f046ceb73977754070c8c245cc1c153be34fa5884b8914a
:1025d12c6f85cfad3b99b2cc148123773664ace7acd3c81bc4cbb2779014d477
:77665028b2f833846c33ea0e99cf75b88718f1970f25ca9651dfa4ce5b583f39
:5f65c92dfc25d40c386f44c865aa60829387a19a7748e9d6e09460a87007ac88
:99580c29efbcb7635dfc25d7e1c1149999faf64ff3ffbc4519c86c2f7aecc4c7
:ed8465ebdb0b5d62b2535431c77611de6d52fe20570a9d490a6b96815dd03a43
:4bd27f223742e215fffb43a33ed21182ed4a7da35654847d5de566146591a07f
:133936f329bc0b746a545f0783e15fc382726c2956f469cffb5dd4f7e2b7f75c
:c614f4850ff81c1b3cb6f7439f563a943df450be47d4c8020989530ebc49fd1b
:dca5a56df053b6f7e75cb31434cfe54f423f589f5bc7d633f1d1c6e8b92b54e0
:487e74351deaaeb55a8126562d706ffab8d43a9dd720acabbfe1e366a2613653
:77100fbfed75bf1ef0006389aa61ddebfc7a617dcc466d67cbbe76d5551e84cb
:00f0d1f933218e25c67b68eca08886ac41fecd160baed16a0e85f9b353ca79f1
:f295d3435295326253ccf35a0fa85e5922acc555cf3f5b2190b43320439172f5
:df897cb1e86e61a59e2100c275323d113df162a92bd0fc8747981e837f73a1f8
:e6145b71b68a04cd192bed0f6ead2a11d6ac81d5c8d7641362c40a38861290e3
:27b0ef28001d70b18c496eae69c79a9fc7ed47645c0d34f6ce7cb7d59cb9a5e2
:211d991d913981fa5fa45c7372cbbc4218c1c19dac7dca8d78ff3c9b8af31d8b
:81bf428162cca2ac61614f929e746d02ea138da63b8e1f3db0d750aa52194650
:9c2645acc086d36ea3ab5673e8658dbd3d167d8c00e85ce7c7f6ea7b618eef4b
:f1b863a47dacd90bbd78ed84b2c995f979de3443a0d7d017f5bab24fcc8cb0b0
:08fab06277e52c4eab1663fbd4e73c0c2e654e887768bb53293023c6f68b20c1
:d5377706f4e8dd5d08e9413f1ba9d7e3e234a4f5ce7b28beef24631eaa760f4a
:0923f6524c1f85038e0fa1b5ebffe89d1372f521334aea93e4839e939dbcd5ff
:e3859fafda47cdad02d5b76b29180ba92fee00114b5651250717f909b925b001
:052d7be3e9014401350c490727255664b409112e698a87a5821938d01dcea95c
:88b21fd28e9fc36e50007a4d5cef7189d422a1283feab50a1b3104ba481f9854
:cdf35b0e3df789d363389f328bf40d0e8a2888b8bef107b245eafb88359fab98
:c42bd32fb24bae7d01b51a6fc07434247f2785453394a52601dc1a2e2cc1dbbf
:3a0dc1c71a6d4f958eb48ca31f7afbb1c84da4231a8b90f25ccdd59ff364742f
:56bdafbbca865b3559d9ce1a07e4209ee2554424b127a28d7771ea1461a7e9ed
:e258293d3eddbaf4ab8325eaf4e20bf30aafa7966365f4f4eacc9852a3aab597
:e928fad2d45bd4570f34bde3de02bd8c8d836c8a98d6c486bd703a3c50058851
:571df7e07c5117c0d136a4a4a24b5fe00ad0c03cfe5c44a8455257c215495531
:e08f2efd870579656b6999afc0df4e70
:21b3c95411e2f611ba7fe1486751c591
