:840efdf96aa4c79666a2515fb682c706c7b8b86326cb3b95fca505b5a74857db
:a7e436221f641ab79e1d450101f69f876113f5ca3baa621d31540efc5a65ec4d
:50e8d41c5c4c4919d5cc674584808ca4acec91c84b1cb82dff0be0ce90e3fbec
:cc1d60ee9bc16eea3262208a11f4e5f1a415df8750e1b71b358da6700d29457e
:52d5a39708dbed7f016b2016d295b5b692d95a9a03bc2269f1bf02c9779f7cdf
:e61aa9f178278bbfa244f52c6c1545e244bc8d71f6b0c08fb94df048f72d34c5
:76e82fe3588e254e8046db39852920d085c397bf091c7351bf676799741ecd8d
:aba6f090cac621452fed54c9c7722b2319721c32e5c338c36d08064b3620b303
:0DDADDC00000555555
:e290264e309733d939033363daae5305
:7849a617f3d56754b4362cca0421d44acc4848f95eaba6ec66abbe83adcfe179
:bdf5f299ac8aa750f47b5794f79b409dec62836c84c3d0fd03ae71918e7db9d4
:64d4955d1f63b32a3f2a428e05e4a3cbdd58005795d9a115aef66c82858f35e5
:4bf8943e2542fec6f0bc7b2dc607cc9bb111ce1bf2356f33c2042e106c22d01c
:f87d98a6afba98f88bc3f6501420a147649f9bfcf9110e3c3471f7166721a3ff
:d610fc7025145b4be1cd80b34b8999ed62b7fdfbdad7482b6d022cef6bba3fe9
:48ef0158a3d099ca303f6d9b12cd79c8d582664988f76624472b362cb43dc1ab
:fc8cecaa44aa9df1d6002fd4c88eb7dee7bb9c187b45a9a4ef275d35988c22b4
:3ba7c841f1b5d2106c15bfcb3dfe43dffd567287db9e854be66a5bf3f37fc98a
:a42ceb0226f743eb826a2bfe8e616f99dd3f9edf261b245182de8d444d5eee20
:641e700ed40288550d6f60aa1c030d730c8a910d1ffd1b175483037122f1a643
:f800089c5b55a5ae87743bd678ba48ae9edcaec5590aa2695e65705778786e1a
:9e4e42f6c177c6f562ab09750b988a68d84c2ffb249e0608d559e7c02274ed09
:37901f954717079a90f4eb7eefe73e60553bb4e22ff70a987f4e9647481da809
:6340b158957b1129aed8dfc4af0e3f243285e605c199a7d6768513e135222fdb
:a246550045bb46691d013c68872ba47a78f4f03950b403cc84c51c1b1e8a134e
:093a24f90a9350db256cccb6523cf2f4c99c233c7187e670ae62a1806b21d54a
:c96497747e8c5deae559ec1d627284e87fa8ac30df8399227b248e11ec1e28c7
:eff9807325d99d4f1a8f194bbf3eb3010a17198b475422dbcf9c94fae83b552d
:caa0b1f045299e077465ab32546eddb32a78b8762da5555723c8738c2f7c802b
:0719842b9c6332b35577d6d80c4876bda116f7b14b9c292787c9d272cf3fc16d
:078b9a53f52743f3b396250c2c9742b040bf53a78308e6b486f87810d0bda1b8
:cffef8fff9ecb20c7f67de40f07f5bd6549bc7e86fde39f6e5c9560d3aea9035
:b367b0c7ae753e9672bc1d3cc92376de7e037eb8162b90d6ec3ebd320dcc8734
:8dc85c93b499314de44fa081101f672d4a4285b556d2f9fda16a7ab5870cb22d
:4c285e9cfa50662a6088ff79101a842e4c3d98d84656547136a91a3ecfe3fdcc
:58e5d422079952eb9d59823f69a88a4be3f8688cc0ecb259f3da57a31859f909
:59b1d310e2006d72fb5332059d4a21c35ad3d173d368e3dcbe174fe5f4e5bf58
:7599065dfe984c83cb859c1d522747fb966117c5b7a3d2689c822bae07dad0d9
:f8b6f8e3cd3d06829563509391a8c8ffbd3d78e8fdd4bd01afdca5c903c28aa9
:9d7cc741dad28d51a52be0d8a5e8e84380cd1a7e10cd585b81f8db6a9058501b
:b5eb8895b1c1e9be281228eb571c7a46a51222d8868095cb1dc4d5803bcfd353
:8272b82b2da394266a50fe99831fb70da1d45a3239b9e1f9a8cecb31abcd8fa0
:234fa0f247ec1e4a8554ae22641618f397bf266ea4f81aa4b8e17a0c09611020
:458356bebba99053ce42a90572ff5a3ea5a4a0bef403f1b7828d9d04b399f770
:f08e04225b48f3aef4c82d56c40b041e14515f14c676e52a8e4f8790f64a71d9
:d4acf616c2e3a0c1e7395f5172b0a857e75f978e8af986251640382e42f478ce
:bbe134d12e3a4c92ad2a62adc0ec0393f5b877e156355b3db5804db115c9c23f
:358f36aaba42afa09947b8c4b1b2f8f9d31f3e74bd55104a8e6f09a35193aa61
:92e41f7686bcbc6c5b9c8fdae693a7ac3ed3e46d7fe99cc0363319fe95926d29
:771c51a629fbeb8135769806e75d8bced2a299c5af84094aa11b7f81d65cb282
:258800450e85403dd4c6d3d8109be115
:1da2543ee3aa82e1bfead73b237d2489ccdb411b36c8c48dd467a9274a178377
:6ed06e2d92678da9c92889573538a5352eb7e49dab61517ad28cbb213481f650
:e9c7da31f185f020c6538f9ae2f4be839444d65b0bca6460cd269644d779e0bf
:e9aebf63d9dcd2ea132169e757587bb83e8dd751b3c6ab3c821c9cd74cc50d39
:b2c623c3b4c6e1d244f1c6a877179d4e5e3074578276bb9fba3fb8698cf99789
:d799958b07200fcc0cb42c477b1db464b882fb391628ad0d2e39f4f7bd722d13
:b066c2e0ba46b4c7a081006122ed113b9debf14a10e7a58520ae3e160150c027
:d641632b21b2151c5e1f131daca246362f18b40c6dfa1decbdba7cb95fb0ae9c
:19a71468e2d05cc7c68d1b197fa45ff2c363619eb6178d42c1b764046711a1fb
:7a25cc2c3424d749b29e0d091d8e8991dff3c2c23eccf44cb3441426954afcfc
:24641413bf07017761e931a7ee984ac12cf519596b7574ed6882f1c73e3aec9d
:6f3c3814b9899a16e42d236abcff20be5aadffbf7b4772393e09319b67d2ae03
:127b77825b460a5b53eee1510979d3f59288804de918ea8b872e6445b33d2b7a
:86e87653215710a46f322a265fd323ef25e9b14b6c4ef37eba7946e65ee30f71
:72cf952e200abbb6ae08acb70a716e23337cb0d79afbf20379fdba896e52c4b5
:911fb5db8775aad05a1186485f2e60f6a30125d85ca3177bbf437ec2a4aa5463
:660923f8eb8a444a45f20121c72f037fd297e4c300a33163cc77a619d9eb0f47
:65ba555164b4cfeef8f7685f81062ff8432cf922bfe9c38655f7ec47178f6eb8
:29bd5f48cd60d208bab91170a876e9cc1ee296f5f603bf85ca53f4896190ca25
:b4a4004840a493cc53134cee4bd7557ac19c00aed066e7c05a5593d9006d7e79
:591bab5fe5aeb9fd392c86e2d353d25552f9e54d7c2076073219e7c9c6bf40aa
:f19d89b0a2fdb664a7db585da3b3ba284305c1cb97e1fe6df16faae5616ef1cd
:f9ab261a3fdc45883a41ddb26c44a0b81932c411d1842c7ed48e3e2e84585d79
:cb202731fbb56c844c1165e2d33e738e0dd0d7eba172bcf52ae10a7df3e66e08
:96bd29fe1f3944848c8c076f29b837c7b65e83385ffd605811767a3f08c44494
:d785a0ca6728f0e5e1ac7ea5fc099232ed1474bc24e82caf3cfa0bf9c79cc413
:67c9b69fe79ecc001322ac523131f6afd54a42e9d417ba07b9d5e167dd4f10b6
:b4a606715db975cfec5b6a1d8891b92f35618a667cd3daba66cfcd31e38ce074
:606dd46445c20de50fe651933f63c4f27a879322d247c7506e8dc695ea42e9d2
:2cda03d68c609e0f11f7078b225038cf06606ee0c6a1cfcf92534279b75b55b3
:97d9355daeeafb01f1cb84ba0d3ba32d384366436307c9fbd6ae2bffa0a5ed87
:a669fc81c3d17b460bd7db6861b5f1b5567e9286843166d886d578860822a0f6
:712ae56ddd9351f88ef3ac9c473fe0b4ce25a7122e5ed77a4a161746a81281e1
:c3037f35b09646859d40ea9646cf447a5d9555c583e716233735c58b9e965b2d
:cfca6294bcca4124d3e11c2f53a43898795dc987aa7d9d32f0d65ad1ac0e8923
:4b7d33120b9912cfca68affde490d50a518370a3e28c28a9111eea2be9d1b87b
:3b15d5a82a1cbc2af5ed1f5b3f786103dda9283698260d64dd35e729d59589ea
:a9de9ced8f2cf54f27498d81705fa90c67a13931bff10dbd5d7ef9e3aa5e6567
:66606442be29dd8f90a19c85c3796682e3cb62605ff401ce4bb20630b4b09262
:ae4aa07fbc66129a6ef4ce3eb02dd2bf9cdaa4ff71252f66179dd358314ddb83
:db97d78ffa00c5263fc2ef312a462fb95842697d2e718f04b08e8e1ea4374551
:e273bd03976a3a0240005907f8c06b53285815bf12c94f2ebee4f7dc314bcd20
:6f620b23cee81855da7156a2baee93ad63abc07057f5c83f6ad8f1875296d7a6
:0251275de392dec1102908700330d0f88289815a8f3b503dd57a6e98e114a29a
:8f014c3af2a02e37c796813fa4500bc062704bea88a64dbab9da384dc2608dd8
:a9aa64d191e0ddc3f9c07e878af734df8a400d1be85d550920cf5090a52bdce6
:0d76253466c314bfba5ef4c411dce336e848fcd7adbe6688bf6f32a9df5a140e
:f0d1788b823ead3d1a1bb1a684e1ecce2966a2ae71f9f04e38ce192d3abb3039
:4806a3db439ffdbdd005478ef8f0e7373e6272a572979e141be9e9bc3de1c49b
:e1630a30943d2bfe9f9dd2f660e6cc47036a2062322e2922f9d02a241d07c30a
:ef48ecc3d05e854093482d5f581502973f27ddf8d92af16f630295d9edad66b1
:b6e0ad9e5251784a5dab7d1a55ddb1f16e9f55707c7fed5469c2b213c304f936
:47ad5cca0bdaae40be93b03035b50f2a7110a5ce13df54669b7a8f0ca71b580b
:7e9fb6a1c5d7f22e910548b52051dae8f4b6700e05028647d44a890a35f9978f
:e04993c99b2b3756b8c8dbee060a95195ff4f808b2f4a966160e3f69d31ecfd7
:1e99abc6a411af286863f174dd714fb9d9cd421955f23e688d630c71781b35db
:0b522adf64e7af88185ceb3cedf50bd317e5c2ded5c2289e7df6fa9784e08f90
:41b917cb8c2fe7399d989aa4aff59b1305ac55bf8fcf51422cbd782d3353bcd4
:656d43d712a0986ebf7d7641d333f5f67ba8f6767239c236b12b3e0476e3628f
:b47bd091fd2f01063ada144aa28f2e52512dbcf2cbaec79802c5f5a00282cb61
:8c0d72a0cd31e5837ccf826d15be4f2f7cf566c94a294c9cc02ea607e9d29b58
:4880a85eb74e47391b3689e782d55f6c1c1280a415b2634e20168d454616db38
:ea9df60f27143571897165d4f38ae1da7cd62aa9187f19701d7658a3b24b62ac
:983e860110c01e4a1f20bb22a356cead7f1a93ef73daea8c53ad18bd1c42c857
:e770f8dea3af416740759ccb0b9f0361f34ee614ba6fd95d8df45134216d9b91
:8d0a1bb5452df53906043a12445c2c573559a801c1da021a12971594f2e9adcc
:102af13991a72c6e7ae44853eafbd0630aae1f26aaacfea8f4408b117c0a3403
:c856cd3b825d36451923817091239d7e545461de6126dc616ae105301651d559
:d6c3b5325626775729341fa88354e29bf6769d5aa856d8724ced7322ebb679e5
:98640717570c700e4e3a40f1b9b8b9c96017a434704575a89b792637168d48d7
:ca46aaf3f1a2b7cdf1b992e46329aa37e087e3c4e28070d13c5520b0d9862100
:f5f8afe707d03b732f311e1ac76c4e88a7a2605b435fda54d726249f153b51c5
:f5b77596010630cbc8d70573f79c144de04313871c73bd731467931967a681d1
:879bfe20581c22946060ccfccc26207a33c95c44b4383d6a84d67c33cb79018a
:1516f228bfb1bafce55d5acbb4227bc71255111226fb7f44513b49f7e2ae49e3
:89ea02288b0f93143677dcf049334f15c17e7f331453384e5e00921bbf007d57
:59f0b4d82a2fe84cd790692d3ef9984e38adcc3874ac2e09e8d0ab5b24985324
:9f149f7924064fbb89bcfd191973f2d216cecabadb5987f0cc551d4d2e7f1591
:fef19c865498ef1b380e644f0c11538429f1a4b638752c6f48e9f9ed265c33dd
:fcd2cea9c78e5113f7ced1f0d26369379d530ce923f572620ce26a43ccf126e5
:18ce650106a2028241e9095cedca0d65fe19c5d9cdfcd09ee4d4ed80aa267d99
:5f03f87c2cc6020f8c664bcfaf30a2f7eb7aac3cc70bebd47e4ccc8ccc300bc9
:b280393c10a6e132754c0e220f85c8a4e95f5b206dae326ad5957b061fa91df9
:a223fe17633cfeea8200a10b361ad90ce4bcd9b734ded07f1af6b1f8bf3122af
:301ea0b5bc33185f0a409f847449d9d9bfa3256cbf8264e2f6ca2e10d9cc7530
:e6ea5c570511aef443033030e1e53dd0c27a3ca603388bc78ce56821eb3e196c
:d425a81f5c3cd99cf46bc573c20dc0cdbdbfa4f1574956b73c8e6e530205ecb9
:2b25a18f2848181fe0b89af07cc1678aaefae6f6cf58f2a10bb3f3d0762db7be
:7623be048bb5b548c08809d9e9df5cbe8df5ea52c81d2e914725b188e574e72e
:8baf3231300b767df15028fd3207ed8ecc588bf1733efdcd1c2dbfc5d77757c4
:0928e98458f76477000c62b952024f0a51874a3b50e0d914866cc0cf557396cd
:24b36321df7b23f9f577dda3806b44865b8dbb04a193ddc9a45ae28eb5f897f9
:7926f255995a0efef44a7c7e67b84e224596d1da31041f131bab4a6376ef4f52
:a820e94688179e4eac5c7dd84f8c2d7603006ad7767bd058755682a1d488b234
:981799c52d03889e9a99294b174be8a30f044c96f83cd0838ab616956a45fc7e
:b8311d2cf14c5d4cc5ea2fcb2d3561b756fc97bc86094bccec9884cb37c9a492
:68ee8c37de8c7ad6fe4eb7c1fb36cdba47e7e4b0b726a5079f6cb8328d459250
:5f025448d1cdface921cf02087c006779e76bfe3eddc397c8516c962ce84b35d
:72a779f17955e67bd1ac49d736ab06405f068cb5928d091d0f46e77607eada9d
:b2e77e1697c45fc9e843b75c3be9262d4de424b8af0bc799e169178fc0ce1070
:a35fdaa630040abf66f69c1cc730bbbd65426ce0f18f824526ef3734af629965
:2bdce1fdeca66db6e2af2fffea86c80297b2810a5f0e044c46dc84541d41fb8f
:f8e25c847ef97fcb8cb24cd39c47d1e0e3fd5252c09ffa417a1b4c825e6b298b
:8adc151e3bd240647e3dbd01ba00147bddceded26439e991b202288b2be7b584
:80217b6c1d1de771138531b7c8d84bc4672b051ec516ef12aeaa6d20763f3113
:3be75aee8cfcc7ffd56949d699dc93e9a4dbb8db6b461630c2fca4ae7aa26788
:8983942715b788791b8e7112435a819cb31ca9aac0fd670b3204820266019a9e
:8092001652afd73981066eaa9a6d4b4f6e79c14ccab9a58dc655f6a426b35766
:5d9d971840f5a55216151a76c1330a05d35706e79ea143fd769761ebd5af51b3
:0ae9b4cc2b94aa193b4a58a7a12a0834b4ccef5042a3aa62772695e6c96484ab
:44d8c113b67233a97a8b53b726bd9b6bc790a8f49113ec3bd9209adc0db8dab8
:2e8da6534872e02090874c744f52b90039819080916fe381a6a15ea4aa8ac3d6
:c3079cd04729394b9e993047003c45974ef7bdf89bed95833f74f1dd7e0ddc89
:e45207970203545f62e5e2bb3c2202572e38a344a6f794f15ee6b8696c420b82
:fb7398f053352a1ef72012879aa1d13317d0f98f5344fe6f2d70bfa7b334706f
:268cf4ae83617bc0391cf3d515287cfb5840a5d647f0d58dc228433864596922
:94a6a3c093f6943b53e03896ac4c1fa25abe85c60d1ecc6d2ea8ffdd0f672bb1
:e21276d5a5ff6d628c26c5337b49b14baf245a823b9a87d413bba0f3bf3e1ad5
:771d6047f494fc254a7f38d79c16a8d91348a3b46baba688b768392252af572d
:de4cdbd9c3fb2f2d8b87a847b2f99f4fbb129e6b0807551dffe7d2e0be8f3b6a
:d76905041e70c57644d92cf521d9a710d7d94c0a410675312e31e148302a1e34
:ed036b16484da74ae3d8bd32f3b80667617ebc5ca99a56c0e3b55fb9b48a9f4d
:389ccac6fd5bc9a81158307fce6233ab5007f7159938158537b4c2c86e6aa3fb
:59fde434638dec492acdd138ea9c63f3bb6c47f40bc4b6b83fc3b1cdc2be2d5b
:a7bcd1ddaea1991f1d8706244f05669bbcd63cfd2c0130ba95bf72d851bb41d0
:93c5e1b8bade0932e03362bcbc9eac9d29e944eb9842fddb415a7eeeea6bee08
:454d9b556dea51893186c96c438ba90692feeb8c64d1619c6a0beced1f4b2067
:de4afce9bbd3c59708740ffd4005fcf89c895e03b6a4f4fc62039f64d76efe0e
:e5b8b0424a2bdb0a8e60edef538993771712af9cab72358124ed7da9ad2e0ccb
:f443ea8b2e60c2b925466d26ad513d91b1154de4fc7c771041ac6e029d1a1695
:83804fdaa63ecb5b35a45378613fdedbb9893bdec758b30ec3e0c9632b264024
:182875bb8781173cbffc2799a2480d9b14a604d18224311afac764f59aa0dfbd
:04b08274e88a56161dc4a79dbbb777ff180a1c3ec303e72981af32047765f75f
:f3533495ac0c1e1200d52f443c9a687be2dbea3a13d76052d1e0b32167eb964a
:abe06027d679ae377b30222fb53138159c58bf1d3c64cc59480984e0f0651733
:e0dc684b8278d358160ba816d1d877b12d25c5d2aeb98f99f99803c59a6283cc
:9a82454cc17d7e95cceba8c449171b28787aa7d7db623067f173a4541b9dedc1
:9b71474342967799b8305d9d9b7fd7c4bdabca5216da5044d3e6423189caccbf
:960b7172a75459b4079421bdad58965e8595868cd2b83802dc8d6494708b5d2f
:9a30063ed2ad61d303b467f6f6bfdfb78d0a33020b643d00596aa0f5e6cb8f43
:4b742c191ab615e759f3fced75dad2c415c54f509b4fb67c3111cd5910821d2f
:b0bebc2dc923003d46ca9d7f324b2a2b7c18691e21d1fe74e5c23c135fc7b13b
:0bd8a06a2d80e07a2fa84cf43059291f3669395afc69fdb9c91e194a09a676d1
:ebe357ee4806a4a9abd54b82461941c3f55f11a36f7f6dab30fb9d38fdd0f6e1
:82a8dca6abf61dda98ca4fa779a423f3e8337bfd328c53f5639b796e2411676c
:27e2bd2fd5b99f513b1419030af022ec656813895ee05c60f389c6740eb3d33c
:97272e43cabf3be0a798f7cdcfbf32a2f9becf81ca01bc8efd5b4bf78dc95d56
:39b3f7886c8a404a595fc28e61926c035e4347886b8239985f5f3fa612abf903
:134ba2d0fceb934c916193e2b37776c41c86a576eb07a2b5f4ddf2d26061267e
:78f427ad10531a62d7fa8aec37824876b9a6a1a5aeec65000718940953b4b3ec
:8d713f5199370252316420a23f169031135247e97d5338245b5baa7ad8ef9450
:84dd40d2946c77d0d2a70991a7e21345df53ecb000a62d9f304170dd269520f7
:bede05c7f8c2c998c26cef4514bcd4d0ddb50151dfb0649b1deb46322e25b3bf
:26916c1e2999577d8ee2c11588f489f26f2461e5d2d283ff409af7d88f13284e
:05538b39a151069dd8fa45c6f0ab29be96b01ed59923271dc1bcc8b5e3030b23
:48f03c3f059dd0c058e35383a15584658d58e6be4b23eafea657a7c148309ce0
:a01845488ab98f31d343dd718df874cdf458d600359d07ab23c2a11afd96c510
:d2c31c6453635c28f2fe19396d1fe4a637757f3c3bcba03608616e45fc5cf6f4
:d2a33ee071c329bc5b78337d26188180552f0675c9d4be656af1000e515ee933
:a303dee72039843d08b14eea2466bbbb5dadbc91f18b80453ad64105f58b2cbb
:9d77e0e30785afb5ab303c5067164861c4559e648b27e5165d23feab2900379a
:6b280473fa46f74eb86b44eaed245e31020039cd449c80817c15751225f135d2
:8dd3a9a6af7b7a7391c4be960515dee177cc6419d379dfe518400815844a1a76
:36f7ec6ffd26f9902ebae8242197ccc506f45434c726736e7ae8e1c8e1787b84
:8bf47d71b43ed510542af5b0e40d25694dc9f0464c57c10023d69b80c0081da3
:b086b37fb4defe830c21db190509a3b4e04db9db670a21ecbda15ee29e614a5c
:758756af17573a605b0ccc5893f256d59e590049e4b2b064fd39ba87d51dd5ce
:ecebbf531cffa9e5d94a139de34e8a4cad9dc99867aa96c4b00a7714798a343f
:ab5a7cfc68b3151570eae38f562aadeda0cdae6635f89cc9111227c9789edc84
:d4040304b6e860630a41e37da8500d801863cfac827f64e3369886b1b0346780
:8a61eaddedb86c3a388e2b3fa42923e1e8837eeb8ed68c5dba0b1e11a778f879
:bdeeff8bac97f0d65a323048ac931384ca28eb0ab3dcd37b623d4fdc7f469bf5
:eaca180e18e72afe18bf2c519ed2e547dabe69e06e8bac052b33e01d93397fd2
:baada06b64b0efb0f355ae396de3db0c697a93e197e99a393663c2928a4845e4
:1af537e680d94fc5ea50425412f4b7d26a3867c3bce9973434e75dcae555c294
:70501c713baca8f28f703d2fe9ec9856b0da9c40796912dbbf1b8c1a3bb9bc74
:9e5c2c6e1136f75bd9de583bc96df9a1fe29482c79ee0ceaf31e9e63135a69bc
:4d0962b78258864484b47deaa3accde0b286ce5fcecf7ee6d48ec96b26cd0db0
:5aafc2c7540b58b2660527f33fb8d5f96ef21f7f847e6a216e72f7b3c903bfd0
:dd3f9422f324beae8530e06e37e1af5bd44ad1ca7341704c99733ed4732b5db9
:8459461422cf4195fca5447ef6f3a55e850e681103963b1f2d5093ea65b4adec
:14ec7618a47bb40434d9a9b6146f3c23eac888f5fdf922a1ab68119263e8c0fa
:3124396c50fa9eae971d35633cb55fe99ef2f7ec76a20def51c4817d89969792
:b6de63f986f6bbb670c2fbd5a211982a43aa421fb584beb082bb5f011abbb3e8
:fc08a1299ea284b853e82af83269af87367d5b0bcf0798959ce22666b315ead9
:798d8e4c00f6e943ef42347c21c461598844f3a7c75fb43e2857cd2ce9a5a72c
:06067b4f887d9ea8c249823859c856b93460011e3fd279cc53cc8b0f7533e3b2
:2e81c2a10a2622a3e39dc17fc098c84724e15388e32b4dfc35c036286e1d772d
:275fe4d4f6aaefcf44133671a79fd4347213ac0cfe56074052d75e51e8d90478
:3deb06c854284ebdf772a367d8e60c82649d88c9e0a47cf64d5fb01197e6b122
:e5cd14cbd2c788d1f028b47c2175efa25108ef6cf3771600d870e0baf253047a
:6d00c64a533103e3f40b17f71ca751593e21eba1d22810c75dedcc3aabb75dbc
:e0774881628776721be11e9ce5bcaaeda625a98e9ca30e4de82fbcf47bc50975
:0c0160699286e03489e17f2416e7aa14f4461ea8bafec5bb3e5e64fe27e32445
:6b84be4560c42e161b7e84c002a8e942d6c26f92d5fe34225857ec98aedd22f0
:23089aa687c7e99d1804df37bcd216d498796e7565b9eee922a87b745b3970a9
:5ebc1324b7422e3310f7329525fc1f0c086a8005b5541217423a118527d41442
:059de8591d57efb479405ff787d5f41bc044fa205664a6247eec0fc4216d1dda
:06f0a897e8a7dc15d87e9ca8860495e5a8da7dd675ce1811fc9314ca645caa0d
:d8189a4af78b417ab8d341ce7496ac622698e5f585ed5573a0576abe68477493
:104b2b96ebdf24ec29f487266e0090ca87fa7978ab72f64b84083f20a4f46ca8
:528f1c8f0b8625c0361db75d7d2e966878f5745c79b06ecda218cad7c5515b90
:4817a15b2bee499a0b5dc82328b1123204e25c7906befdb705244ec6ae202bc9
:073f6000d9a5bbd2e404ceba27a9663bc2940b90247f9546635236e232f36d81
:a7d5699e34dc792b529143f1ea7c8154d29f2c8ce474fe5aab9b746932511072
:0ccb6c3d532c5ddbc24e69874c39d957dcd63cc4600d151f97d7fbdb30ada799
:e88c8ab793daf1bcb3f062f7c463637ebafdf584cc6de778610aa8cb2865052f
:e69c96e6989a430c61700e8acc685c8481ceecd77027fb1c395f11c67524d16f
:e03a852d1bd04150da7260b6b9b6c3d56096bdc04335ef9a0a91f3095b75bd9c
:b3f271773635ecbbea1850a87d9bdadb6127c539c78136639c2d932851cb3d70
:fc4cbc8a4edc20502b0fa1513151c57f1e508741a4f89f9f3e7cca98e372d3fa
:5425aad5e8e4b5d1ea1f5f15cfee4a3d05a643a9c133247a91b24036b8a82d9e
:7e5e9df66f890a165756a4408c8d6b273141cf18d517f61de748179564370db0
:c073a85b3a966ba6245d81819a1bbf1c89dded7e64257442db7609f3d5eecdc2
:053bdfdf6cbcb6b413d94c27cb7f9a58f0d31a24bade518ae3553b59f5bc6dfa
:875dd58e4664c6c3dc99332675e37e68cd8182341c9e39975805372b9be01a34
:d9cedddecaa01780bdd2a2324b051720a6f3dae464c8ece849a7b9b27753f295
:2063b20d13a8017f620d74ff339d95cb9b527b5c0c84288a7e04add2001324fa
:10b8ea672afce970732ef666ffb4a29112487268c27e4c93378f10ec735489b2
:6d23ccbd905eee9f6abfd48e08a68c2f4ba0367d3af1ec2cc43a45f0222afe56
:b13a057be6e8cd11cc9df11eea68e12ab40d99a9ac9553028e31d4e9913bf84f
:8fa1fef17890a2fefccd1c8aa2e6f33c43eb90c1a8f200f586ee2cba06c20073
:684d2dc0e75650e1694ec2df170c2f127c76db3b39e15550b8dfbd67089a9739
:ccf991eaa34bec5d5520a93fd3956400fc0f20b0f04ccfbf4bfa5c1a7b58110c
:47b6187945d920feb1be18dc6e56b1e8aa86c3258eb2b232e6c02474d053d538
:fbdeac32b8ef750240baae35a35f9cb371a0f91b23a539f4217b85cff2a71d88
:81d9d452cda8b5b223aa6de1fed41b698bf0a31e94585f517410e64995f16810
:c7426103bb94d83a905e15658a2abf46f25da57552f4fab5e1c6247db13b533c
:656404a349b7ceb5052d1ac1f75abac34913bff9e1582d9a7292175a5a90dc99
:2e050da75f14c3e8172e9da3feeb445f01434109a1e72cf24197851d2d7f6252
:9e0e192b7f3045afc0f190961a187fe4dc8469eb49ff911cf1edd8a7b421fe5d
:43e7b5d1217bd300e5aef57e9058c1921b7dd2ab41e5b34b27eace9133fe8657
:f4350c6c45550a3e8a063b3e3c27b8b9efe13af7e7f6b7f0a8c6ef7193d27b1f
:2fa11e7128df83fc0a369b0471d5d7784f123d9d743b0b11c64183e68a08ac30
:64044c8581d36d859f372cc49fd06b3437b277b47d998b1fcd1536f0710d9ffb
:8368c2d13baa30f1365557801b60ede52ad8c31f8a3a1dc794c2472476c89698
:7e09faf99796c1805cb19a1167584a572b25f1c4442637c8983774b6b860c06f
:27d51594c39ba9b4f57de5f9d290c08b7763dbc0259926d9baa300786e942113
:8757f45be3dc09b3f3c5ca776a93180fe3fe6dc545c8b911d3a5e745e7d253ec
:e56b5aff906e7188a98990cdc5e79982e9c6cfe4597632386ee19eafce1a68ff
:68e06143b7a109aea3ccae7a70d6afb4d4e7703347150f6447f20ce69d196289
:dd19817c3ec1a065e45056d692de1155d5ec2072f06aef0494584a15eeea109f
:8ab5edc7f2357fb872f291c117046894ea437c89a1544369a8c92aca7a5f45dd
:d85d88b525f5fbee9fb9a7a2d13f7f122ce891a0ed1cd6a2904be974c16c4ab8
:6a78b37f87ca68f549093a339b7aeb997cc6e85e7930e0d38fea8b7b017bf7f1
:4dc0694aceebd4a747317b01e57f2e00e52125ed91238a1acf5a1c94bbe83bd5
:48b17aeebc1087eacc86afec39764ad16e7226f6929df0db5a2d3c032bca0a4a
:29f6dc9995e8d6a2c8d4ceb12a3ab497dddd2053cad73eb4bbee518b5db85a0e
:159ac800fb5d34fa80ee97e537f071f5a06e34826b841584dd90806c583a8b8d
:6dcd2cd8022eb418cad7ab2818a1caef4d2457f84df5358a4649d3a995c9b039
:42431ced9d5866c6764f0ca33196b93e3ee68982da9c0ccf286e59eaa4be5097
:f76b268e574b63cbeedbc88ff05baf891a7e966969495362112a8cbf6dcdcae5
:ee67d227c881d115b1d7dd1fad566301f882c16cce103477df88a6c91ead9143
:78bfc5efdcfbc6b6c16cb0027307e7922c9d389a3e30239c969ce223cff75973
:d28b4101ea31763ad474389435da6b2cd97c1d1e1d5e7b63a382123142fe1f55
:9d6afef1ada0e1407b7ac09153cafa7ebecf3c254f8c8eab7c60f52c6d3a47e4
:6d05f9a2c309d1b804f45b81f14754a647a39f3679e1bf2674b31ac79fcbca6b
:e7e03b7e95e5d5e8bd2c987b1b9d75a86a80443932afd2a1e3b0eebd1288e66a
:ffc570ba5c615ff48ba643b9624e63c494ca5804df58eea600ef03567378bfe7
:8c8906b171a6a70a6c056f229308c1d232c74405574315691c9c62b05e157676
:c2b55cf72e322021c7d424752351832452b7ade28a6cd575c5d6ef130c5031ec
:8e4faf7ab83f7a67bb02328552a6315b745261ebd5c1ccd5cf9ddd79c304ee4e
:f6bd3ab16e6d0f61aeaad4a97ef66d4c30d6f315c33b38aea49a10ca4868aea1
:cd1a4bf3a1639921cd87cc6b1fd7e8fb2ca6a0985250d17fa3c9da4b777fac20
:8ad376cd660236fcf699510b740ba2559d8a445d785d8a3b62d76bcc6b4c3c75
:0b9f71199597747b9865d51d9a0ef442a8fe2b82abe305b408adfac353aebc2a
:825ce0900166a4e5e29b4428348ca117e97013306ce6624d5039ccacecedc67c
:88ac86cf4de78537c5646537ff1ab6ed437b9433c1b198936141dd8f6c74b175
:7fdc5e1c9ce1875c90e0967f01bda43da9079b837a3bd0564f0c8fa71bc0d00b
:606d9b414be3e954f8cbc95b3e1c8803b16d81dfc1312aa532956e9d5b9c402a
:36adf6a9231a1a494c39f8d70359c2d0c7f67706b3465af84f5200d3c317bb28
:f401aaee818244366d4cb406cea71ef23b852dafc5a8f9fac487066673902052
:1fa217c6708e75b9d00d9fe5d3bc945a5d24fa6df3d0eca678bce6ebd5e8987f
:1de5202d8325f1e12385f60777c45e8a7176c4bc31db42ba765349cfb592ef57
:01527318c74a22175ebc7d8ae348703602ecbd71d8a3701741488cc26a4f8c19
:d8a5b2df8645a55734789ca3f509fc77329ad8ffe14233f1b9516eb13aad4da7
:a092847c563bb15fbd6581ee5e7a3f3ecfa506ac7fd0bb4a88670b5ea2b4633f
:8ae360f524f956ff08cf7b2b84c5da5165a4d1c87a6e7137b30d4bc83bd0ebc7
:17143296284080c98f2c7a6d650e33a2853ace4742f9e711ec5abc7f885fc18c
:25e08c6a3a19e9afa6c908abc96bdcf45f5d711fdcf17bedd7c6311ef25b1715
:92902fc16a7794503aa8f95147b0868e8c174ba2f94b0726464d9b369f470974
:04faac4c66e4d57f652b2c25322f25086c3c66ea4c4553b6f599412c91b7cd4f
:46fe2388ef97c18ef4ca8907c73b7a2c06120fb5019c80e43bfe3c79dab54a8f
:09a9b29b5b2af825fe754b62c05ceda515fae1e709c514717bc45d3762f496d3
:bb169e2820b71725db48d4cfb81b9787d8008954ea2a49b21c8725944eb49e54
:5f0e2272ef5ecaca5d19e3932f558fd2e2bd13ae75040b01d3d3b7587065c83c
:52b1cd63e1630052547c785a1ab84e935ca3a82d2b4d1f3597fdb2c8416f4039
:806f7f29f1472f1dc00ab848114fb6ab6dd160767ed508d0f00ba329771304ab
:cf28ff35edef38f4870befa89d3511cfc57c25cab34f15cb781ab904917e37a3
:18c545dc8644fed82864fce8ef92f9cc69e1f83c86b10e1d57beeafda70a386f
:6270557f3de5921a5e9320cd16c79ddc50fc3468e48765a69ca34b35545c4965
:fd9d4e1340a8a7d2eea2a27196a47dc24121ad07951cb2573ac4c6ad0972a504
:c766ba8b2f2e16fd538891c2b9b3a99d7dcfef287d85a7c75b01ec6cca89e583
:6a9ab1ebec3f6b2e1af0f7012ced828808a69bc9286f2a90e691df1efec2a3db
:deaa8565e661a3bba27ae110fef2d8dde2312e51edbfdf1f522c1d45a1f0d210
:8f4bd7b1753db8ea2192b998ae66b7cbf1b32435d175c6b98d3a12e62b597892
:ebb71655204dd04c47e45cc73922208c418116a43b7fb94829b9e2a00f2d89e3
:044c19c1324ae3c01ae275fb3f3d156092a368bbc26b43471dd8289ab6f279e1
:b4072b7cf220e7ef8829c4fa39a5668fe072faf39a0fb47485fd7c2f85f5e3f1
:4968732818e433171ee7e6c56d486837da40cd5b88b77bd083f007108b1f6bd3
:25f8c0d1a9a347c785a83bf97b23d6abfa67aab1adbb268a968511be897a4f8e
:fa57a53f0b2bec5792dc8906aef4252d417a9a3429016e1d390fa5b8e48bdbdc
:57290a65ae3938da843e60f776f8b890b10870dde64a62d666a29b97c09797b7
:5837275957297e129f3bf23578cfae590e0f440c7565a95c3ebf98e489266a4a
:08280103ac962cedd201860c8bbce691e47ce0feb9586b5bbbc981843e1ae0cf
:c8b846629205704fb59bc0f8ba6ad24b262d9f98048b212520184acbd53ae562
:ffa8a6a5bbc434d2be32605d4e74b2ed64141a648bbcfe7657632a54ef80a26e
:8e8ddf79b02489b006ea7b44cde55705dcede95095b39eccb78954290b353502
:238eed3816a61c4a1adf8ade2a387b6bab226ec122e7e78130ab8ae4dc0ed5c4
:ab6bcef6efe94da7cfb5d1373425998d503104f4b926e37f7216f853a5f85be8
:4ad88050883549fb902f422c32101ca4a3cecbb7e22f8eb4741f060839b5a5c6
:6d3225017f8475f0d6797d41869fb024879dd595bc7327d59693a3f3efc62dc5
:5d36af8d42dc7f9be0281f74c54fd04e977de3cdc82f050daba6ccf0cadab3c6
:1d4147510a71b9e7ac70aa87c9589a1421c8f9c68da77747eb5d293fc2eb48d7
:e8d5aaa99159fc709f467cdaa4bbba4fa1a82fa0a698dd868bd950adf42f145a
:781dd0b3b0f4240161b9f6b42149838ff553b2fd17520b7623d1936446f0bfb5
:382527dfae40bc6530b9c991c829f083f34b201f53413fcc89d693f985aae0be
:7eb6e1a8c1bd7d4df7ef14bac1da7619d55ef44e25e0621aa9f92510b62bebb2
:996913a37db11ab24c6b6fa85e7de2903d0699b32f7ce5b3a84086ca2118b740
:7ddc0f45376a158b3a5ad229a0f6e75c1811ec353ab94e1dc47f837b1c9f20b6
:6c7e6ec09b6a79b8387dcfc9c8c5474636c620da23c94195a868578bd2ad7cf0
:78ffc1226018678a336a6e4373d871b5b92b58851631ee3b1261535d8d19cf12
:07c96596f63ce2343e9d2319c8435c149b10f0b4cc4396733abd9fce0379afde
:571425311ad4cf5f41f653cd223151ccc80d7370190655e1321b30b5d2f89cdc
:a411bd9a270a945a4e6880a1983dcacd92078f2d9f0cdb019a6f4bb9a574f560
:8c1999e3ce5963cabb58e0e350862ebbd60147def7b474d8df7c29572f3365b8
:f75712c49ef2980b9920dc2525aff3d615b93a04138c12e2ade4b79bab74ae9c
:d87b3d8f33f53745569f699b5db5f4d68ebe573114387ccd4776c0f354cdd57d
:6ceca4e4658fe8846be09d466ce1186433ff6f15783abf6d68f6ceb402e233a6
:a074cca4100eedeb87740fdd34c0cc69f953dc0309bd24c495e7dec00c76ae49
:8db67131156be9f12b1a76cd6e1ab2d2cbeeda6d94073abd66ceda9dd9d9058a
:51a15cca6adaaed5a3aae6c0f02eaf6cd01c96b7a64ab11ba45c4067dda29a7a
:c2576402ce051d59c8ec7668c768d9f564965a6cb255a0cd2c44c7d481d559d0
:b7d94e299100b84735190531815d50df911cb7a261c3bd331fd20af07a2dba30
:946a6a986f911a8e3092b7e0f399737bc7d3859a88375a05576f3f2cc0dc7657
:7cac951b3d9b7cc983dc7cd972d160620d59eca2364f2b7f6617d1d4254592de
:b85ecb246fbffdfed0008b229136f9a2e36b1c4401e89bddb84e5c4fb287d216
:51882d555f4d9ac4296a870f287d5d7bb9e4c8d1e88ce81c2fc7b287e8a40fc3
:45d7363115d08cc4c9f48a7d37ced13c48e2ae9efb299d39d27cfb72eb7a8d51
:e012e58a31ebca3c2122205e2a6861df161746d9c1756a91425b72cdeacbf334
:f48b4c371b9cfd0ebce4d40ba3a4dbfe558d629228118b784d9faad9482d76b1
:98d6e8d3436d46b96553ede7d6310e2dce11247ad2a796fc1fe808c094ba996d
:8ee5e3e3a9269a7d553d6059e67bf5e962493cd08bd262038514c12df5487a42
:47c6a9fb3fcc86ce84d4ebd4fd60b9cdb9281cee746cf57bdb53334b9d3c4e11
:dad22016342dc82f6260cc8c569e8340683e344d721778882830d318c901b7d9
:b3959cfdfb5d4320521309b0d67e6146e93591e2e2c1b7635541a73785a16a3b
:cb84ea92f6f1b85cdfda23df3831741784c1bfc43f0a78b2c733964fc07c675e
:4972d31a3958f8cc8ff969f808e2464a2a4438b8c3e4422575e718b42f15cd0c
:80a076b180158e65fa932f91a55feecca99a0f10c8434b4cc89b3189ce705451
:15810bd801be8433a44d58c9f0e19d641dffa93db7409552f4de93197e92c363
:d00b6db7a59007f15ef282ee1159ee6a2bab8383269130e2c6ddc9d0b7471df1
:53e4ca93e35e68132ffcf21832a82af289354eb758d9be5d10fd8c26f5df02c9
:21fea8d473d210b314eaadeba7c92872ce00afa7d2de1c0bc9330530b522dff8
:fcaa6c18ba8f55d5941b4e554d47a614d5709148179c9603a66836c323fc49fc
:4850e0d11789f87356e65e17d81c8fbfdbe906e63c1b583ce39f3a797942ca0c
:c3ff6d0ffdb62cbb8e8db54ab8be78f87b7759ef64d0764bede47d890f7f758b
:25c3e68840d0f741c0eaa0a6339ffcb832a0983e4a25ef82f14b4d12010e1185
:75fa74218993d13688ea3e7665ece53a96626d0510ad37b3d54ef39b5ac3d2d8
:f8f524bf8919deb04c7bc04d3eeee7908e424fdb127ab49b8a5cbd848b46f05a
:0d73150335ed39d323235207f0274975e8fe21662c9c342ff55e98ca097f73f7
:dfec5efdc696e3119d12ba024a4cd224431b8187ad1e6f2c80a6fcc696bd26b0
:a0b53cb6e336a7cb24454d575e6ea5cdd20fa1172840f0898d4d433c3cf1f44a
:e2a93bb687063b18b4b4ccb118604630a193875c26898f9b23333e46900d924b
:5d998e4f8a826351268c66d207481431f4df6fcd15fead368eea89a4130c1afa
:cc98132c891d3d0024900c7904266091a764fc3ca10e6f5f875f92d1c26e5745
:014839c2c2d7ea6f4fb2932e97f918c5092476c4c0e939b3c842faf71f4d95d4
:5772fb409b5a6800051c914d1e3a8d2b62a037508cb90ac0649f48713862bc30
:c4132f583c2bfa84551ad3bc500509a5315c45b855b53c47e08af60885443ef0
:26af2205a0eed23ceb42c1c1a4051b3edfc7ef76ee6127e813ef12acdb32cc18
:5485f47dd11bb7e53e0738994a47a4ae2e2bf2fe1d028745d5c1ad3a9c871828
:c5202af7f7fdf89882582c0f82bc178f53bdab7586c8ad2572151caf6cdff1f0
:35486c85ca118c11fb212c1c5e1eaad0d83b82a989a42255d0c8fdc742fd14be
:89892b3fa8b300ba1480ec9b7185df6a4c14e2f63156d77b106878fd41ba4b1d
:46abb8d100b4117eb5ba3dc084f9ccee90be6b20056fd7f139ca70af6635daf1
:29d62bf1fc68cefbe5c407143130266fe13aa7859d246660618b5d26a5cfb0a3
:23b17f3e0de23d42e2ff6bf036b7b20db758417464770476c778ecfcd4eec088
:9cde4a5a1e26ef5f55322ad6afb43b57769aee19349669ac615eff8c8b49c6cd
:031c3d5c592a860c11cc2fa34f0f0fa59f771dbf8ba10689b2910a6e802d446a
:e10b9fb8c4be600540bb516b7b904235653cd3aedc4097cba0f6f6d0977d2cc1
:9206ff82699015a316dc71ec038fdcebf227faf8c4f8a1a37b30e78bc48d7d7c
:d9d7c38cebd22739de74a6247fb2653f70f1903be14574fa043110fb1718c187
:9d12ae6bcfc8d806e7d9d2ad0596cee29f21df9defdfa6af69c87e28819f93e2
:ead1a8996d0fedc218503aa82cd0c2722ceadae3c534793b4a93c16f3e3c4722
:d90c212efdfaeaba657cc5b7bbf253bcbe083c14162f4fe436f6e32bf76b6494
:1dadfefad1f6b1dda99a197099a49657fab3e2e5fbab8a2a1174b831a16d0abf
:a452854f5de564d0dd8018aa01669c124a93985132f83ee4330d7b4a4a5dff82
:74d29308fc90220e037fa5cde9c7c6d32574a68dd77e0083a7c2713994957883
:4c60be1bb9d0ed67ea1b1dc81ec6fd285d6571d7117081188e1efe119cf65c05
:aa43de71258e8b28d69d630669bd78d638a71eed955e265c4e732858f4a68b82
:12baf39259479df77371afea302b46d93aadf0f4baa6d7bd1efe43e1903dec18
:863760fd3196793c7598c42b3a1591da47f4bd92888f79acbc415a9806fd148f
:0c805aeabb5da70bd2f607c9955d2645186ad7a8688cab465a22a5ec61f0b075
:5d1933386e0bff248530243c9d8642282995c3604b114d5fea5e4e8d88c4c8bd
:3f5d737a2612d0fe8e1405d442804e9e5705405b7b6806a608c4401cc14f1bf2
:7fd2cf493bf2d426dd8c22ec3b8d445be034c34f46d729b73bebb084ba2b19b6
:31621dfca161d3aa297e43de3cd9fef0f2d43513002af6d7b4b73db9d724e602
:5cd1a36162a0b9f0475165ed54ab7625a3663a557a09977add856e05646c14a4
:a84bedb9e89655a6f360b22c41ef982d8bcc4717885ecfce53217d6a8c4f28f1
:8329e4c1203a6c38668fb3111b108a359641b6ac031cad3f06d3e6b888f02736
:ff246d67eb6a08370f36c18030d84b7e458ef63eb8b61aa880c20a73a6b9a960
:aab95e26f5cd33bce3fdc508462c72f4ac363153e38a0ebb78e67736003b5961
:e153efb27aacfc42a588b62a6d73b4babed9f245636622bab0150ea6e62b43bc
:cd490c2046cc21ee5dacbeb5ef01011d46955a555e4c34a0ff3971a0a412804e
:5e2c8bfab0900cad1acf9e43d979576d84afc874e49480ea2bb25e04c1fdcdd8
:481b3ce8be65bba99b4af42549cc1e853d471c83ddcd8617923e50fcf612818f
:1a2cff76d598b6a48e0de768ed15cbe39b6c75748beee284581d1ed9b92cfcea
:e01384fd268938d0d4f34f0958f2c20a5ba427ea4e3fc1cefe300c2016175b67
:9af7d54a83fd190d331236e5b35ce7bc4da9cba3c7600afe073bc4fe4ca50821
:2dd02183f5edfe317128b5446ccfa6e24ec75472fe813ac01a4fd6bab479303b
:f840634388e7195e17cfe8b5a680e5f1303e935ffcc0c585d7cc73b952662e3e
:e26989a917fb3e3b24546257660082f20de2a1f2677d1f53f6f6423f71076ef4
:cba34d2f1a9e5d64299925b68ce2428d14563c1e65630310dc8f4634aeb1dff8
:adfd1a082e30a273defc90e76a2280ec96b80bfd8da9fb9be06fe400ca82149a
:1c831a626fa4b9cf53571a2071f9c25b9cdb5387fe5cf3d62f839d5b83b40e49
:96c16424566d3db10d721e57379a701efb0c71534d0fad03ee1fed6875461e2c
:849f0da0f20f1e475338186d12c6862507cb11cc888c77858040fe23013fb6b5
:4a104e1b674ed5f68e9d38c53eb0b259c2d5de9c0b7293c9c0d4b6a72bfcba49
:193ddf8d334aa8f5aa79beb28181ef0eff4684e72f9fc9aa828a917e94005868
:f8845958dded35ea1bdc8df045b1101130551bd538981927fe2040e944f09a87
:04575c14b96f6aea91071262e7e71bd048c43f218bd1c136ef5411323e9932a6
:79c4b6153f1425d929f6bd74c22b0c4a23cd8a46a475c4454c5a598a68ef0fed
:04fcf732850b051cc612d486c9ca15835f8bb2dea7b89a59973ffb0e7edce213
:12d874d6c402684567c0670b9ff76433f24ebad33fde945769a139c763fefac3
:9c9240f6a0d1c2c38cc0c2c13dc1cb6b498d2bb6df20cca0fc676381a549d115
:d2cd64a8f1d8f5f5921ba4a809187602f58db9d18f09db7b61ea20b16405a917
:594fb1cf4604694e51d398f5bba976f046acb449a5e05b39e50063476ef105a9
:117c07c42c2691649aa7497b1d6bc064be9b1d4d8dab7fd8941bf95f860b340b
:e8ddb9312ff053b622ceb8173386dbfd99f838c8dcd4d5548aca37252962bcfc
:dd9ec5dfcae4258e1dbd07b13770223c46f2c4480f31acc2da0249179f002ebe
:b593507eeba8d51e93aa5dd5db9448e99dc0cd8bbea7d9029093c304b4c96437
:82966ee9075e2f38aa4a18b29207d82e477dd69163cf58e464ea5aa6f6e2f3f5
:8f737e5402097938e0caf583706f5ff4a2c7542cdf1ddb6e476ba564b291fe23
:085df12a625540557ed33a31e784ba7d545e7b98c862c7334937a8a4945d0364
:a01cf47979c17dfd5edfba0753cd31c3b95440f5ed4000c239fa4173d701bb71
:935ab03167595114c79bbd93bc5b28678c87aee52fefc19175c9bfb6a785d5da
:149add32bda984c124995333a60b7068c3c021a492e8cdbd9cb084ed6e694f3e
:a37c41236ecd3857acd55d654335ce8d5c30020a013fc2c8914659f9a1ef749f
:9b2b8badd66800d521a72c7da8a7962964677c5fdfb59b88b444a5abd76830a8
:76535ba7ecafa5ca186c8be6227226fff6690b50ea357bf84347af92500adbb9
:2c08499a28072e69a7e4e8a0d526ebb5b0029e15a0d9a589130f9ecaf254d5bc
:b8631b74bf963112b7c726232667646422f7f2e1547ccd7321308107ca6db6c5
:2a2b9bc753c708583579c33e2f39308809fa0857c6929d8d20d906ddbe261468
:b2e0ae687baeafe209539a5851868899a79dd33e74e38c474ccfe93a38f77d0d
:65fbed2ce2ae7a8244eb96653dd55a2b18d35596b9024346b41989b0b4c60b9d
:c58f67d3030285a03b34b23491d529935e0d43dd33bb02e1d36cc5d6adda5839
:9aa8975d09736362d042fd9aadfcdbd6a5307deca34a3579b650476a39a05210
:96082549083f7e9303032507bad1332f03734e9025f6d4457c4d5e40d71f2a54
:e44b8a5daf73d5d825b896557561dfdebd6e0c491e5fc7f7898af7a305222bec
:d3148d3ae4f6692ff4a66d7f5089932c732f051ce6d4bb679fe2ac26be430827
:9781e5eaf214315a6456ac82dd6a88e8ab14ec087f57d91f447f0f044d25efea
:0a85c0fbce962f080f9171e13b6bc6b05e342a04dc3d780044c172e5ee3feb1e
:8b3a637a2eb959773a93696ba8fdc79f9f20943cfbd27d06e9759381e1e56a19
:dbdb79e5a268ed69a2b9d194eeda950d51622c2c5c74c0e8686df8adde88be59
:bb5d5d32522ef64fbe75d991265a58cbd886aba1b0d1455dd4976e00be082f10
:697771851db1700bc3003586521b2353f445c542ca490a712392b60f923b84e1
:6c01a3a9b96e339dae9ca74a02b07a87695c404302d13cfc8bf6106660a4e07a
:596afd4a8195d0a2a67a5a001f5250081ef3f5664ee557737e39ac37f316cc3e
:b8668f0bbaac16c3a34dc9fb2e422baf8d11b76380365c7fffc74f0a3af9a00b
:fa80291f5694be570c60924aba14e82e119325970d44eaa2c58d833bc4e7cf91
:aeea467a90f63d344727b1947f9988acc07cec9acd673ec7cdbd8452430c1155
:391628b35c7fb7f4df61827d3e97be241dc23bda79c267f1689f589e3e109779
:348b050c3de769e8f86ce82c30ba7046b050eb88654b2613b9cf293e1642cee9
:7e5856f029f3500610114a25449af53af2d9380c866ec87665d677a058626013
:2d80b949d8f412c8a5429a58ec6fa4f92f028aa5d2d1828801eacc8812854a42
:65cb178564b8739c37b9f321f458a99b0d9234f8e821ecba62d9ff8677a39937
:c71f286a9fb74786d02cab435a90c064832f031bc5e1d43a9c52e21b561893b8
:38a400e7c2cd6e6281928b727b1d2f2ff8bb17406ed69d9708cbb54a5f546c81
:195f5dd45a7f4d4c01a8b16f598b4942ded2e222e345b82a516048dda0283eb7
:b2ee340896e65a807f6d0becea18a61096509fd43fe1278e1edddc95b8ff7122
:fa89466d7f9735d1db9c4714c71b159bf8c8f1def5699c294973390f2c9db141
:fd66376352f2f8df6cf3d1f3007723000ee611bcbba276f4dc3c4236b7f94d58
:07880795aa4991d181b739402b84841526d328dde2d00bd3f71ac630dbec8cf7
:91c057de97d4771cf569b3953c1b712bb70d4fbf6feefbef39b8a8b56b9482d1
:190ba018028f54647023a3902f0fb0d6d89b08dca6727d33d476b8dcba4d4831
:e93d7fde48f67819012869c69336c8cc12c246bf073c33786ec54bfa7ae670ad
:36e5a3af37dd2c8536ba2a087a4f5bc409ad659654bd6e7ab2a2db58c8584ca2
:359612c164df3feac567bc403b8c03e6152f5238c88d56265b81525c7d19cd3c
:c8ce44fcf871b1d533aa7515436d28d4face7cb3a945300e6946f170630b9f63
:b59d3623c5a35d47450fc4939fe6bf3b410cf8e6a609747f152d04ef04f324fc
:999aa1179b2b1c0174b8f112dd6f99fe13207c56092438f6226c2a44db602ac0
:bd93daa4afaef2f96766255cffb73e528caff938e0230d9844f868862457c6ad
:5845a76e0da479ca0ba84ea3e6d3a92ebdaa8d5998d1bd2522eed5b151e04232
:aeed08d6cbc13c5e0657bdffee6488c4d42d44337d04d815d3c7a1c88f416a52
:f6a77eaee31e3fef7bf8cc20b86c5f25743f8a2dfc4c311adbcf4d0dd229df69
:a642c4c5162e2f046147aa500dbbb93c07da6ebce5a36862ecb857edeb29e4dc
:cc71fd035539d812180563c825c046065acbfb340ef16653db0312e635bbdfcc
:cc6fc53ab5595e0356cfdc89cd4a685752d1a1d5a0f1db26d5f93744be301230
:5956775e8da582cb9b3512aa0a4db89604d9bc34b70bd5b5b8ce53616660390e
:78df2f304e426618f88f37870071fef7e77698292984cdc1d85c09b369e2e11f
:9ba40ef3e045dea0329d138081c27c4cea6632ed8001a2e8cd41a7bef493a199
:5481fe02759b3084cfd362304d80887a01cea7c28433dc396138ed308e5b7fc4
:abfbbfc03f29097bf8bd7b6cb303aff3c968019b71013395f94c0b93e8a45243
:d08f2fd8640dc41333da098214cb9a7bc33d7850151101f2343268c1aa5a5bfa
:d0d66f68b9d24f97ea6a1c049f8490efbea320615a54ede55cc59dea330baee7
:bb211f2c1bd8f5b48b3709e4379b150218fc632d7a72a135ab1ebbbe096b1669
:323d1b7ea98d5e129df3e8bf7446b5d6cd446c3711bfa2cf7f91888011929b5a
:d05c3fee5b7d74668784c994868671f3238c05024669d791a9acf696bd7bb36f
:0efa442c7b0b81db6ba300968edddf06ec5a67a4906ae9a0fa798c8da3624759
:818646f57bdf8f53500b50d0d07818572c1df311cbbc008dfc11cf1760c26dab
:cd355b4b55bba887b6b777106162c1faac4b98f2a22d74054a65cb6f190f69a4
:4f885f417eab25535d87c4772d78d7e6c33af1f872cd811c4afd868ddc1bf2eb
:ea6f170faa97448ee175db174372057f7813e944cfc332b18dadc8ea892ad60e
:62a229ee727bab3c8ca0ba5034e272a8dc5645fb4038d9cc242818f36b1db3bc
:1698a392751d2f7b9ef097f606a53a53e090a488d42bc72c7858232dfbf5b193
:be9792b31a2f189299881e76f04c1e72ba35c0dbf3d64437e9af7e5b87bc39d0
:4aed826efd42fec571d75d845b39d0412a0a642f56a2c1055ba9eded183e8686
:c8c1cbfe3b3131548d3de11524a64876b77278a9101c2f1d4335dc23e38c8b98
:e71f84f88ae437fac4c34609b9d8562dde3bde1178aeba468d158fb77dbb1294
:4aa28c849b8b26ee3c11e0a643c056fec4527639a9a277fcce7b05d1df4dd99b
:b0535917653901bf49fe46832372fbe4e6565139b727243a946b71608160b657
:8fda2f5c539eb5bb0c96f1c9b445de43347d673e5344f6d569a24bc2ed3d160c
:2d292ba0a0d49a4dda7a7874e8a3706daa9d5e8dc7f7ce82e26ce897a2aaaecf
:b3df34ec95cf30bbb5ba4d6813d71dc7c15fdd314b57145b1b6bcfcb6a267c72
:a261e41b4101c77aad811d2b8a07664aa1e47fe78121794b442ea73050b21a24
:049ff968354c7f1088716479d42169eceacfd167dd9df0763912a314256de225
:1e4d6036c29a136a89fdf37eb4ac2796232978eb52d62709fb7a6a64b8331755
:dfcf3c3bb5cd6fe95529083bd5b147fe26f767f193236abe0f9cf8174e3307c5
:d0d548df6ae06cf7920e64ae54ba6ebcf1694d54e6fc20f585196ac129494cf6
:5fca71324230430320ebf76e7fa61258400fb171b6c0975c84c0d0862efa4ef4
:2b45e054926bdf46fea006444a7f6de86bfc7268cffdb874e59f29dc9bb26129
:acdfa5dcac815f876a8391f30f6057069ff0c5cafba79e2d012f5f47976e215f
:fd5f192a6e4d8c8e9c95669cb0ecb3ca73f1aaeb77cebd8e83347d53fe95bfe6
:5ef9a9d176b34eece9eb5a41831a519ddf3dd3d6f3eb032e52002b39ea99c7bf
:6aa3a2f8a1311563f8b48d93d0b84be3a7ea39d3fe0dedd914db0f72ef969520
:c1feb6e7f3dec1c55be6f94143270c7d50d51bca07f843220b81db6683bd40be
:00ba153af077444f7cd08956cded2c44dcbe42ad0712b39c8227f41132d1e84f
:9dfac0718b99dbf8f36e622c41ddfe8c6c75b1a84622efe1b78ac6a2f8e41363
:15194e0c71fe41e36dae94a24eb68932d25df6b9dc42f26891bd1bc52401a134
:8eb9de81f99d5422afc455d502fe4547550cb51055110e3952e7db6a75b9ba63
:9f343d92bb7ffa111e39a0002e21f3a54628838df002b1306c9de61e7323cb96
:c77aa4ad9fec45bdbf720ccf66e3215958fe02a624f25749bcc858c8d61c202d
:bad9a4f299b72b2d7e9706979c0f5bb3ba153d2b3681097f4572f60fbb9fd366
:abbbdcd7796a74800869212c69e22d1bfa8172d9928a44bbeeece60713d54a87
:ae28bb0313f1281c7517ff414f0424806bf84019a4a429a306eee800a13502e4
:3714d0217814e314eeda299fffce0f195b25725e6e18f5d092a204e8e41e38bd
:b6aa29a97e6d498ec53caefd210eb1f8410a646aa54fd189e849d7735a89f836
:f3f8093ea9b05650983c8d2dd45fd5c3dfb693e80e34af2c8d902d0a1c7a646a
:5cd6babe1f49d4b5728511f84518691639ecc5ffbce8ee6ce19d7967ce6038c3
:af852c4060ddc260b3d945f8b44d1c13e3a8560a85bac4f0c650115332dcb751
:0e318f6631db6a0e6714981be8e32667d02c52f5f9d1c1b488759b16e73f83d5
:22ca96afcd6dec6617ff40147563c643a668293317f2f8f91e1da2471b157f83
:ae96a84d802cd769c10d0516a73ebe4ab0fdf418a47f121605ad608c7f48a9fc
:a754ab3aa034eb616dd464f120fa441d4e2535e6ef699b2b393a0b341e6f3aee
:e471a32839b03461fd74c0c292ebb873771815d459e0d3aed96e98afec42f306
:63518b6a1531768a17af51cf83a063c0b63690da8a28172cd42e12d9a45d9b6b
:6718ef0a5e1306f27aedd73e4bb8e01145dc02adf96f182a08918c7bf8d61ee7
:d7703b99fa331145ddf183c3ad43cdb6b0535683946329c5cb9848d4a0306c56
:8754aafe75dfac5ab25d278f64b74dcce1fd57f4bf65a6c77c62c3766ad45b01
:dabf4dbe68703411570a2b8bd5d663bdf6cc31abe5ab1c6c6f4949c5f9f6d01d
:c76897bed815e9e74f4ebe41f772b9c267ee5a9be4006a510a9157e406833c1d
:7fc49ec02ba8eb98e1ad2af6d0c9699f8db5d3b40595ef5c0e83b41dfc535162
:90e46a937f19641f6d3a117423e416bfac644887ddf14c1b00aa094820672680
:1eb7b0acfae7e7030a174a7143fff3a420810566d0274e62f4472f6f5abc10b8
:9d3e296c86d1da057ef0d8475b4243196e40293fe607b948a86a420fd1018dcc
:e70169232873dee55eeaba3574fa870a4b8f4dc0260160a9fdd5cb48b114704e
:5d6157837760dead9d68d463b37b0060b9a98cd686fa2f7c27b5cac2bea9c485
:89d2378a68a77a3e5e98fb097fbc81e9b2595729d0bb92ab337925f2e8e8e1d1
:f02218e0aa205da7abcdd2d0f3d20f0f434c125e4ede33d7a5d1bff25280e890
:fc9c8ba85160a9bb12f0b1b34ef25d810c774d841aed15f8e38f675633e4b148
:b2e8aac76fce4d3442a2726da7b9ab66bb371f592639430a69eba3feefb5fb73
:c845a806dc2c03a98b51e3374717f0a34039adae2c81aa64e05b71e0cc0afe9a
:3d111042684094c9e0ee9a37236289b1f2744aca81c8e8f41d3477dc58128412
:9a1a2e5e362688f2cff6df513f739911a3bada91e7278cad862c7b4b46c71f89
:4b84c673a290aa64cac1a6d92e769d4ad1b0a44581b408b97ea0201c02b2e591
:6547fff49a8c2a57a12dc6643f8e9d52259ff4748a28dce3b04a894b0f1052b3
:e17511392d7ecea60a84943f08c367cd47d66f41d7c5603b1623a3bc1f94e18c
:8ef8cb924da173cdfdcddffb00469143bcfaea0f08d2d0b1bab17222e2d92b26
:6ba72f8b7218c88424b1d2970c8d65e1e002fadb62bee0eea47cfcd1429f3f29
:2a2672e19c9826e3e4aaa0ae74f4c47e55b0f2586aad9f1a575afb8396254307
:aba3304edd4c06aa39a55acba2a09106bf27c86e46ca466cfc23eeeb7cea8a90
:a01fd2a8940592d339528a77d24eb6b4ad5ec8e22f69be6c799ed0d640cc785c
:16e3d8a0a1eee293b9cdfeb328c924108bcfd38fec293f04fd19fcb91e9a7d38
:97a69c0f148c6881b99d934570432bc01e72346f0ece06cefc5892dd7a312a9f
:aabdfee1c17a7c98b7b85bfbbc294b14f947c5b8c3e92f4a2f37cd3af0d2b9a1
:1d64d22f80fc1ce47991d67a28c1d663cb024fc7175e124eca3af886060d6747
:b7dc6b2c0aa92569dbba2d0d7f0339dbbe3446beab048f1f21f96bc39d8b56ba
:391441ec10ede8e15a9575c9435957d9ad6554f37831afca893c9510b490b4e3
:fe80b257af755a6fd846ac21153159301de398ea673e80074e7774dff99f0046
:bc3df74065337af51865aae0f0ee86327d5fc5481c3d266827dbc76d30d6746c
:a645fe1b0bb3cada84f3e58e166edd54d4a1bf8f54bb49dbbb2995a67a3b631d
:3d4a218da78a0761d490ee61fa6e9250f89e0f2d5bad61ebf9ef449672c5a86c
:284803607a369b11cef5fc9478f3ed660163f6bd22a346e613e3b00808f450a1
:eda7716bd65fbc1c4a751a770efd966b4fdd0f40b07c5e52af7d999a5645f7fa
:90a4b3fb25a02755537f7383ca24c12390d704e04930d212973677cdf64925c6
:b0676bcbc27098535aa686c9c552d031f452e68e3e3eed7d39f4b92dcaca90f7
:186198f88e407d766f11513f1a0d30fb2315335d49f2735e5213d2f8050959e9
:c2671e01db63a6ce3bddb101edf7bcb8dc0c6568b799ef438bf7bd5a4c50ca6b
:66b339c6d5eb2b0e6d18b99922fb4bb2341cf80c524c2b6669fe37231a3711eb
:8b74a900ded621fa08a00d055842919bd3250a3281a655fd002a741605dcef35
:83400db8005265d72f32563ee1ac94745b39df6fed5f616da83581b7408ab31f
:2a3698a9302137e1c28b796532bf2fea29d90a659874d1537e7148af2045edd0
:a4d1bdf9269b8d65fc243223d2b070701d335ea5ede0737f4a256c749c1f680f
:0da563d5d0121c9b760f350d5226d8488b9648638bbb8b9d6fc5a64699005d4b
:f7a56c8b91579233c3dd2913f451660b7ebf2fc8ab6f15997ec10a5c411d455f
:fa60d719936f1aeb1eeca89b24484379b41826e4807093aeeae5ddad7466b868
:e14d374fca4d89b5ca9f29822868c225308d009910d8c6f511d95ff8ce220841
:a062042e8fac7e3db93f044f68485180f66d0ea75826f1bd90835d09fa48c3e5
:0c05a25c098675e243383b3ee575066e7a2bbc9a3ee44dcb138dc570fffa22fc
:745fee5523c837a7ccc14c4d71780f89a7f0a2fa927b73ea3953fdf6fb89013f
:97ea511efb901c7c1810ec26d10f5df17d7e74d3467fbe535ee0ef4ce73bf0df
:18e449739ea8a7a1816113bb672252e3f16f51c5c49dbd33b56bea2a182f922d
:9a78e77631326e5ca7497739f9db88c7798461f0cf7a08976df96a355d4924b5
:a64b07a9a4872f9e033d5a489f4a261b1c869acc3c1e58f4682a26b7c719ff4c
:f615d25e4168a6e648a3f943324f8904237a1a9a998061abd3f48aba896ef7c9
:221dae8c87c0108154546abae553bd03735b0f7170f86a8285ef2acf351b7a24
:20076d239be9bfe8ea82191461e3b10998ef79965db638bc6039de70c3a04ad7
:2ef6d2c44b5863cfad394a95b1ff3c0f4d469ce0e6d6db2b8633b3bc5c037d84
:aac69eff59c7ac6f6e8235b492c518acd3e8d0c214747d24445811aa55b480fd
:cb07ad6c8f6e8bc9ac8cb6a4354a78399d898318d26b256c21b710288510d8f9
:cef891f5bff52458783d8508c9d8b1a06e2b930d54fa63a279067b5ce69496e7
:334fa7f1859650385457d22a93eb219ff8eaf1bc209203ab619599da342fdd68
:85a0b7bd7764591e23c0f290868d62ed919a3b64d52263e00c1feadf1bdee77a
:2e9eda484021c84addb0a94a1100bb5872b602a15bb9074e38e7c85110bb962d
:ce6176bfff5fb8235e94c940c2b82a76260a101333d25fa275b052b74d94d140
:0e00b70e57ccd269e11b300ea89183c9d9b557134c8cb6066d860ad6930503ca
:c59b3b13d895fb87735bfcc59914a91b91d0c238505744d86fb520dbf1798e2e
:c31e72cfd64d6499877a7f585688e253673f6a793c5ecec74ac90955f14f8530
:9f6028bf3a0bc96e8aa6c5a94cfa1681770b82ab6c2d8b3bb6c4085146031951
:7ff580642dff3c814c50ccfae4eddba2b9044ea47b604e778bc74063eb2deaf5
:6b37cd629aa104257bf70b631b0d031049abf110cbcff836c4dd9154d188e838
:dacd00d16115cde54912d3f1f054e0b0f84ea423d07953bae15030ab5b7ce25c
:04dee7e77fac8a69c02a8c4c54d8176f221b42a2af1831c3fe82010c74d9700f
:eb1f11a2c529d9f17f2c3a3a07103a6b94524a8000979c9aefcc1b40d196ddbe
:9b6b85352e91e7e5c0a105befa469579a50d72f383b97a59c28d818d684ef567
:a57cbd3188404485c095be75d5d2b1a239ccef0c09b38400a24ba990360363e1
:58d0c237da702bc74d7cdd947dad7bc3d906e1b6b1426af086af43d13004d54c
:347e4fe97cd230e8965c4ee3f87107d8615de0938b03efbd539aae440127cbbb
:cfc354a9fb5393190b9eb4bdc499898eb04805a826aec824724aa146281a279a
:e38254f5c8eb7d89ea7293aedac4c07b4cd53c540a830bb8f7bdaf85b2194d69
:26d4efccd3b45e100735a3cde5636ddc795190108eb48d13c9b5a37ee9a5cafe
:afaff06d6388977fcb4ccda70578f34ff6ca084bfe10609a57d08e919051cc00
:ff7fa050f8f6af3769e31d3d627bed276b93c2425480b0556b8b2c6d97e3587e
:6b96d017bd47c6b2e4d6546c4767768757deca7fe3f199e97c80fa2e989c3736
:f5ded09080f2772bd4183c216272dab4de8840df8d2223fabcc35497060cf8fc
:fdecb538eb37e776492d260fa3ffd04b3392f6cfafd366cd3275b2bf1c314086
:bd90c626a6d9e580d72184ebc3b0e6635f0dbe01c5773e1175641af77d27ce36
:a1365499d1e933f1cc6658c8016e47f44f118bc75997cdf9896558fbc49b3f47
:3a0eda1070e3a2ab301cff94f96833f14f2f59b8ae7a901448c62e299f7048ec
:967c147d7123cc38ca6035984249029bb2f0dca1405371f046d3f60b8e2e40bf
:759010d73f88190b844ec4105b5fe9f7e9b5486fed71a6506100ff05274c4585
:e1ae4020deb8d07bc8d858f30371833913f114c2da6b26dfb6c98cac3d1ef420
:4d3f65660a4bd268de6a039363ef16275105250d3e5b806c50b7163350c5034b
:d8a8eefd4a66268519577c9faa06b4f785612721a16abd8a23308f484dc48849
:7d8028adf7cec6c4a7bfe63bb25ad17296508bc908c65261fa8aa0e64d9bc3c2
:ea2c72a30e6dbd2a6b2352be97cc6dd44834306383ddbb97332671150143e3ac
:888e0558cad176742d08bddfc173234a43505e385b6aad995887ace9c5912016
:93df439c4d0e3575435fcb7fe2dde96d1193da5be8f0b9a98be1dff19d9d0634
:db5463d8dc967c9f3b6f44866d3a01670350e6eefe334f352bf2c43098c44e58
:467b47c3436ad7ccd792d3c0d4c57e356e168e0145df3d756ca8e7f3350003a8
:de55889ad24674fb6d208d0653ad9510f99f82400e0ba00949816c87b0aa30a3
:5ce59d108d496e3ee90af4ed74bd80f2b035bc28207c8010975bfd957e26fee7
:8d614c927aacad16aec9a1eda9bc85be080f354ec7735236c15c4b309c578a4b
:3ced8a3b45bf1c50477876956fe2e7028441fd582a9659df24ce265747fa087b
:6d7f1e97d49b6e5ecc5e0edeb8689c7e562b5053f4560b7a3edf86de894f1878
:acfb8c9e028a054a5e4bfb678e8e044c6a70ebb7f6c581fa01565163d28e56f0
:53853a87ef05af1263633224f21a33b3e3ef98f79dc533369082cc317c117346
:d1246cf54c72d9691ed81b09eec5684c0a3c1006759a7f6eca31edb88e856b01
:53f8386b1d3edafd51ee1accf0976e401668a4dd0e9e870820fcccdcf9a624d3
:df8b2ab309519826c2f3b61212c625fe30d9520b6025201a2d809651693fb6f6
:eac8fa9b26c16c70a9de57bed2e82f33223f97d7e646e115febc1ae5a10c04c5
:0cabecb9b16561620a635e4715fe81348220acf6f19908116c56b4c6977c292f
:41c3ca4e1c438c09e48fb4fd33d8f48e77b789d3c84b9755785e7eba83322d8b
:65d8ee551f30838aff6c8a69419858066528736c49759b0e9ade0ba41400a8e2
:d19f4f202cb88e4dfaa0bcae64bea3d89de645099f2a79afcd95ac0d6cd2657c
:d29bdba1183bb972e29b34beb521ef4c7d7a255734d9ad08a8e994b8acc8842e
:79c6235c2780740840afaf8edc760d84c422cbe130db99671f25877387209598
:aa9f0fd93b7cd6dcebd47bb9e96b4c461c13652742dc1df743920a4fcb883b1c
:a2c6d56bae167e7a8f58325479d4391fb450d738990e796e8570550098c4df36
:202e1a4341ad98ae7145b0adc9b3bfc2362cc879ba80bd744d94cfdb9ced632c
:aaa825ed8a68886e8b963faed77c8587e5aa2b7d3ced6384962f15495657b6d4
:c3168dbe4651e5f17ca00b373bdedd7cec2220407011d65f2d87bec767a7ab96
:aff963f1791104de832fcb1a94b8bab6cb1736413a7fd2bd416e52ce6cf716cd
:fafc327de3bc9639c2990d71f9b7a9f8fdd282baf5e8a892f17ec8e66e784065
:52a61a6acd5a8a79612417b4b34501707e60eeb8340d520fa5e6dd1355d0fdec
:40ea906e440e442bb2380097718848f0e4c0e10e9b872d4a2b732127d6b57267
:1ac3e23e9428ac0f153f391bc28a8e0ba09a9d31df0b08ccb075202e170c1bb5
:c9f63fa65d872d230d3cfd3bbbd2599b1777ca31ce2002572026935c0059ce04
:51565a0531c593f29248e814809f0006f82555443a606cfb7551f804afd57f25
:c1e317e464315b5e58585a015e0af58caa6676e2a11f60b3c716618e513757b9
:e9fbb4a6bf4fb05db4c154e30aa52840d9f7ba942772989e409d54bbed8a7a8d
:d9a3d430c9c223acb0edc4d6df3687afa670a799e4a24aa5e1f75ec199f146bc
:c1ea05f33530e6dc8686b257194ea437c8fc714ca866b2836bbbff48786b5c3c
:d59b51fc259b82bd35dc8705e2ad484be9b25f154ef44e86516e9adcca8a5037
:ebe77d4fbc7b774731fae8bf6408e7919002d77feb4500295e5885e58857d52b
:4925f4cf58144ace5418e36e413295e6d24f7fd2f470e387f051606cac517cc1
:1959a9b5c882ada9330d71104895728c92f62db094f6b7f909ec668f9b326f6c
:bede2487682b88d469bad639c4841c927e3d61d3983d25788d1fddfbbbb56f9e
:f3d1d18a31624ce1ed984ed72861405bc739023c3fae25f84154bd3e22da1257
:aaf26aea6436d4ac8bf7684405361605a5d22eccd7cbf55bbcaaa6e9637cd187
:22b46024effa63124228cc70eefb5af57ce7adda682f0f26e06ec14689cbb1f5
:ecedd32a06dd57e724bae1f4c5125b66aa915cb1b4a3c40f2c3c5fd7043194ae
:47241e4169ecb129a9165505a52a292f74c517f42c6e7f9b38a7c10de3310413
:dd3ea7aca09e01e4d193c0a2a09da01b7f83fcc38339d820286aa28dddb5d01a
:db98f825f081c500f8b3a6ce775f03f01c3de7260530491f7cc5b5763371b420
:c3948e38d7590ded82c54e07aa7197ced994f42848c33834f36eea37dfa3fc2e
:32fde5947bf2de3b3530269fe1df632c479361585697c2263f84d6154874559d
:c8b97f0b9c0a4932a5556b6e62a1b9285d1caf962098f2314ca670c6955ef843
:31cfcd545bde5bc940b270ef56099ecfd8579ffc849aa7dcfb1d42632fdfcf74
:8ffc9385aab834f9eb178f54f8b4cd1d00172147c527d460863ddf6b86cb0e5e
:7c28c7f97bda6208e0e60aa24a98aa5e6d38f57a891b5801fa40e15091181876
:00021eac28930b8408680120d8cf7cd7c881128dba084980f734a3934080be65
:3266c908c33b7c8d5d1a2b60fcd871177eb24fef44b0b86ab96b95b1953caea1
:2280c58b83804dd92c365b2e25341bd979a5b446db45688cce45ab8fba12ee98
:92b42018bb1901e8a01ac4146295b608f7930ee51524e79edec9525b485037a9
:ab3445d4c4067359b5e183658efe5760f6cf610d5b59b4a14627738888ec312a
:0b17b3f01d85220081c0e8cf4620f1684f338078adaf17bd606a3bc8a69f1c71
:41eaaa9b8f3f3d66ab7b067e188db7aa2d11828d24114eb0ed539c09011dc5cd
:0ff667566bb90cbee3e9a2e937937dc4a35da83f97dc349f1480a4bbd7120c07
:6ecd611a0244be3418de84b92b322022bd9bbf9d5143b45c4677dae44d9f71c3
:2290a7f07b3f729afd4d0ce1e282c4ad580dda4fd9164e167498d52cd6aa3653
:c3f875bf32435e6b605260df93f156ca44cdbec63ecaa70b81082141f47cc088
:9ff8f3619b74f32c6621b3f4faa4bffa130ed935fdf55ae59bfd40986d508609
:da274e7d72a5e4f59fdd972e44bd7511fecb30dd1d1122b3f2670a1daddc5c9a
:dc1b3038e5636572fde0c264f8f5f136014af0b317ad91e10417afd04842d7ac
:3d5a372abf0f7525c80c13e24478fc84d685bf6ddf5fb44d279a95f55549d62d
:be3fc63d536e400acd264b059b2247701a1b299d66178c2a0ffcc7a153c059ed
:3785f32007377eb6410efceb9bdf56fad807945d1d4c748462ace40ba366115e
:7de57bdbb9d0fab94f9c9f20899823190fb2041709f6e0470b756b0635163d33
:12bd1c92253cb310718e4e50fb8b58d0b0c276f157c2b0f164ed93dd80f88779
:506f159139e321e43f155324d58bcbc14224df4f1ee49ab2f57e12cfb1c28ebd
:e460820005573dd0197ead25df0c2bf32ae1bae401e696a3fa936d6f165adec6
:61f3a6e9deb6046de08c8b734751546fceed89bcaefff1c78cfe08bfb55febb4
:6810e5f10e88b55d4ce55397418147fddb5b514d3969ae166e50a3c547d61a21
:a22c9db5a7adbfae421068f89bb8b0c0f9d720c62295206d8d0be02a47b299a7
:6423cc0a548ee3e7c2de684963c2938bfc807b428a74d5a52ea03fd58b222c58
:305bd95cfcf9e4f94bb5fed644e46383d0ebba6219f3733c655dd312fa3cea8f
:f3e4d816a10727e1e17028f1310330515eaf18769e57bf3cc60a5344a18b4d36
:6b50c1a52c5dbcba9f333dc80c7dc034a4e3f7fbd5c928905f5977295fba4550
:f07bb2ace58ab29e9c4f2cb439c86f05c6c094cf8847f2b1b0f795f06fdc57b9
:a1e5b23f1371e1198b14d4b47bac830c3c22533f5602cab6092d56e602848fec
:e9a6989c8ea0d92960d588957d4764736f7dc6ed4739cf4585fe889ca32073e6
:a6defa1a96e5f42fb6a0de846c76fc707b2014159d5962924a546f1d202ed990
:d34ad3c019b602563862cde27b8d1ea356cfcfff6e58caf1d70d32535c6e5c34
:dd92bc35c736a063c9fda1e6db39f14fc2b76db2e1781c5afd27c3616562ad58
:4e368e914f3bdc0035bb3448f1d75d890e5c6fa9d0f5beec1bda21a32d96137a
:defcabe6348f6bf4bab87eba08ae2450f9b80f9dd53560ae4cc9f38fb9f4a497
:700ff6c032c14d6bc3f8606411a8ed9e966ad25c0b5c35e287c490cd97b8ba45
:164c2226daba50db141e4f2b40af6fa2f612b4bac6d00f1463d14a9c01096aba
:4234a6d3c76b66cfe0e8daf736ba3f0b07308aed1f9a3bfe78ca709812c2e404
:d78a0831ed4d02353f49e25eaea5fc1f6d8cab944be5e6217e0b1ae829e2db69
:e68b5bc655785f860c24ffe57fce31d696b00eba81d31f0375f6ecc53e8a4837
:8bbc6ba31240f98fc6760afe680f94cfefc8bda757415d0b6200a9f7c981f983
:577bdf1f72ee6336857f77ef4404c3e1fd8157540ee1e3ad0fdbe4760ccf6da3
:26cf9cb3dda4d0895961c287ed975a0bea3f508478c03f984c68165b3ea2b834
:b8cdfdf124f3c1a9e23173cabc2e9270794cab227995534370a0b2a2a974285a
:02132a93445c8418719b0f41ead4b34af867e56063dd8b71e33ebcb5ee3c6447
:04e5235e8bb0871403fb5ecd3453219e8f87a74b86b23776812dae418aa17c83
:97cc89388e922cb383eda8488ee27cff6d68d01afab0c8dbee81ec7e8527be0d
:5d06039bcce4c53db5dc3ef525dbe2d3809d83a4b2f15f32499cd35d0f504bfe
:aa5327c7139b47a9db518a8f175b4134dcfa6a98c3f961516a263ef6db5f935b
:64659ce759bb927128cde2653037d7f1b6a2e61594e3a16f2421fd31bee9a314
:ffbe9fb058d317e420f826109a7cd0831f8799b001a02075b0295527dd2d1b13
:84309553932ae76466868c815bf0e8b753c48cc342a1e7a9d7ceb88ebd2e59ac
:3c0ba2626bdd9be4da098a23b2957c7e94cc53a77ebcb0b392ac3c64ca80f9d5
:bdc48490f3c890902c6d60d5ae6c28bba3f7b77ae9c991cef56bf7296972f3b5
:8b3ae86770c850afb84167238c17934426709067fbc989423dcabe8d308f4a4d
:bcd39c678aca51b767e1883052a93cb3af163db4e6ab772df9729b7bd263d4b8
:24b7846071b88b741c5ef70a6d0e42fe30718601c3d0f8ab160485ce5e9a163c
:4bbabef11ba1fe3a1f9fa9f42b49b3f58b4dd442ff103073202028c7f2a226de
:2b118e112b8ef1cceacc6a72894873c01e4f36b7318b0088986484cb4df185a9
:715846c8d9b241c369cf0c650cd332c371eda75a42111dcb1fec701cf0f719cc
:a093c29e10f29477219964d3577c767685b463c93b2cd0d2f7187952ded50d31
:4a5e8791a1692be967fc8dad38758eb68d5c87e6ad47f8873ab35883e4081831
:beb525dc9343419506af5965f7bf3126bb1f41ea94e5e7041db521de959de9cd
:97ca816fbb9e0d21ffd753309837ceb5b8325a936df715033c1eb569e5f39dbf
:ec5d4764e69730bbf62c139341b8ab84b3e6073962a8eda688d21626079024b8
:0f2f11e802b236061304149440fd7cf8bda25ced339e283f4eaf3508066b5117
:f85c9f2de335c2e3bfdde3cec4ca2d5f94102a99acbcdadb1cd15fa3746ef8ea
:c861c8a57b1a1597eca16f063f311406b33b4e31b23b8fa4bf68e4817d9d1eec
:2193387162850145574f58f9cd7b2cb57f54cf866b4ae3f2ff84517b09b0f540
:a4115219c50e0e0340c91c434606196ecf4b4ced0350543697cf52cadb7f2d62
:7b58bec6d06468741ce0b29097a99cdf110bda2995c487f1aec96e1f6b3b3abb
:17cc558444b4d944af8c1dbf61e6455f8ccbc2fea0c25c66933596dc106c057c
:9b204eb507db0f9445652a5ed870947bf0d6b8ea035c94debc57a021afc3180d
:f3d8021d074fbe1fabe4cd86270b19f21e93dc7695ff5225f9a5de36ffe9d037
:8841b544c995341c82576e8a1fa28ed3e1c14c0e89a16a78262b4f605b8bceef
:2e642990ae95e4df5fdfe5dbffae76d7639e611f79dd9ce93141850e41327699
:67f226ee41f12f5b53e3d31d2e09dbd78d1a8d06f38fad7787fcbe66eb2e30e6
:8250d6be12537b9abd40ad6954044e2c1cf34298b69fa5b1f3c06c4fb0ef3aa0
:858153e20de8013c022ff8f3be593d5ed0ef7f66548f8424597ddb075934fd72
:686aa38c5d0f453f37ab6db09be8eeb0e51af9a9a30aa3c542d4cf4a7104da67
:9b64e1b9cb4b9ff4985b794a0d437ada8e2ffe920e36d4e69fa0da60d6f5b973
:7c822c47c6b09b3680a1d81471c603893297409c4bc227050cb3652ee793e69a
:30bab1a0c09c7ed9c468162058b83c7efafde8e3c16b7b8278384535200cb690
:536a164aeea7140cbf489ef1870276475b171b6ac7dc138f27b221b021af4cfd
:f5b70c3bc707d9ab6c6eecbb4061c90c24586d4e33252a4b47db0738b103891c
:1e0460ccb4082f69828d7e103481112893a088397afda4a45760363992189dd3
:0452d728c125d8cb593eadbbe9740431aa3ec5f766b263296296aa881b7c9d4b
:fd91281c1eb2ee83e485940847ffed2077baeced671bb5a67e8301148b4baffe
:3fd91e49d6805af5d9a5fec3b41d60266c54e4598862dc6380f43ae2202b3a5a
:55c3b22ad4834b38cf7bfd80c39001ad6c4d285d77c006313fe2a5443b413e0c
:f949dd26eb06f53dccade410d7c7f670f5c0b47aa4a319e5b57dc6d720a09792
:6ddc7a9c8dcb8a6cdcaf4458b2a0714a718375546ad1f2984431b59d825ec269
:416010c4f5c120912c191ae47b0d8f403750f8c5ba9fff1d754ba0821641ad0a
:c45063db126796f8c6f608faa9adbdb05fb147c4cd5997a260321769523b58b0
:bb8a699dbd051723442c610f2de054223b0b482f442406eac385762eafc9afd4
:b53a2a54eaa6877326306a6400cc183678d8272785e83448e2bf891c478c7c28
:5f5f320b1704621fe5250259f46ad3eedb8f86e3b49b4faf303a681abe2d7dfe
:222fefa6d031e5f4db1b5e190ac0cb228db3a958138e3b18a1054d32561bb83c
:43e0ed630f96c7df28343a5a7ad7af8702f882b1e7e9a1209139613cbad637f5
:bb0e6026d94fd5708ad3108110e79e23e2af5d77f8e14c782333dbebd6de7758
:cffd0d2a7df1d6b0c361dfc6903a1e3d5ed0c21bdae100f73d77d8d110852158
:272c1a8a3d5eba552813c70e46408d5dd15635dfc71ee0955e1cc5ba464abcf4
:91b70d5f2eff28da3dbb57669789c08f4a79f3533a0ef2bff3d4e96c347f9379
:8ef937cf7d82cbc6d42e09eee63b68424896cdd45b9cb75d2ae288c5f187a614
:857d39d32fdbd8592674257448ae879d403c41d5a56aa23e7683f3fc54f7705e
:ee01fd53a88d4e170cd304ed243a9ed7e29e76931cafc68d8e549fd50e10ae11
:07d3b4e46a950e77019e3a6feced2e4d2d55ad5373be2fcc60839702fbc116e2
:b4fac3d60f2b9f963c6eb19f4027c53fa453c1ff92e6a483bd0f21372a0d2830
:3d83fe4c84b611e2a07871962a2e54dac5fb7aafdd5677c0a82bd5b9e03e9cd4
:28cd781bd512491497982bc97b6f71dd2046a5b02385e3c909c51827d334a0a0
:d31d060acc440555d4e5b5dea72fa891bd275f2c487572818388aa26941d9ebd
:d7d74e88908e88f0fbfe3d2a141c84563a0a76572b425207ef9612e2d7181266
:90f855e10fbd58868d35cc688cd64cb8c7738bfadbfa61c126f2838988c16bfb
:32fa5fa950ac8038ea8bd271635db5d64171262d69e6215c4e6d7abdccf9a2c7
:78c308ace13412ea73199b37100e49abd5d6796e67ddb0ce46b1450b048677fc
:a2a366d0617bb4759628748fc69e48cdf8660991019c9fa173776f5b6a1c953d
:0cbc97ec7ef226e2059e6dec3bcbe7bf8e6897e69778bebc86405e1eec2836af
:99cb0957ee4778f2d75b056e8a1420b4d38fc68652624994cbf61db34bd9e9a1
:90375e748ef5c2a3161501213394faa4911c5625594c237fca9466570d246522
:80a2da81aec07582c73a8f856cabd7465d4efe54acd3128fa73bb86c01628f38
:702535999e570798321e58183e48b84fcc0e63903bef255c8aa029939811bae1
:d57fabca8ff50e0575972164799704cf4412bfee5bef55c8d00ba29044cb5699
:196b880ef19987608223524a4ee577216a244bba016d837efdaeffeb9081eb40
:a8fa73b336af53194feb41d4bd7277978bdee96c07545be24ef3972a57ac8bfb
:13088c35134891b00e30eee07633ef8ca92b23e73a1291754e5393842275ae42
:5aac601b21fe6ecf73245ea0ef1882cfa5b8cccd0859932f162595288da77144
:d61fea3f5d5004b5ec283f90fc8d46f9b5e282e3f8838453b68aa2cc207fe0af
:8473b4cf286a5272082436d680c4dc6b9f2563262569e32c6291553a5e16ef0b
:90bc33a05cb24d552ca776ba5749e58f976584ee12d02a3c1b82d8e49f2c98b5
:bf3555c9663f23e93b210293406eb7f81e21019482ad657e0e123f9b50cbab86
:6d452ecf7bdbcc66f6263ab540d8338aa1b38a0c2810d40d9ff235e9d0b5f84b
:1a61b57829ad13d6a3c2678f8b404b4fe31a34cb1f2f84cf6b385f89975beba6
:23b75838ba0d87cf4427eec31ed599455cb325d14970a7451ac9be776976be58
:ec5766b692be2e700059874ff351e7374da6a304a7f4260a05045d179ada71c4
:a6cd308656d5d1631a3057cb9a0a3c7250c4055a9196aff0c402c1fa7c068243
:d400d1987a8fc57eaed5ab4688c86a860d4fbbbf36165af31b5a59243ebac6e2
:450317e0cd78a1e234e240387abd42fb24afb0c4814b2d6f9c3a877c7d3188ac
:38f98a9a90da80e9fb87b88b7ad3a27c9280f51856bdb1098745d0a85861c695
:593572c35326bbfa11b290f64943d014b56d599baea5798ae53c4741763bac48
:028428a387e7543adf23b7a040b01773862ec438bdc5b9267599d2ab756e3d24
:0993649f761dde8cd8c4d944742a917453f942d5edad995be56e931139e8c147
:78a39dcf74353a0ce6c1ee872c1623c37c1325ed39dde2ccd29db6a3e7af961e
:64ec8287e5d7c3952212831f0d425e504c54c6269196e0204163a7f03d1c8220
:916c90b36d4e89adc2847c66a3cb907703df95bf1deeb04cdcff20b5e2a1a119
:91dee38bf79cb8ce5221eaac6a0ed0d92471f2838afee8e0c86d8ca0aafc1ecc
:b9383c3a914196bc20d8b3da547d05a81273fe9bb6d598a3af4ab8fe18f60744
:a31682b5d4c2f7f0a4e7521eeb00afb91455a47d14086679b9d94ce6ae5534f8
:4d4a5b334fdb765816abafde35f4e13bea70dc73df9c21a5d5a82bd36c6420cf
:d4dc2c6f791c81984da0513139c1ff612169ca51ff24d32f3fc4e6b86478e735
:ab104f394231596305c71c4d007317f0ba2ee2f9b14482203ab51cb9f4b0c402
:5aeffe8c06f117753360fe8376ab7e78b564b93783feeb5dd28005a04f795dbc
:00de7f6f682da82977304af613724b450e2eff6f286311726fad73f3b66fd10b
:6551d610280cf245d266e7512755cc09ba79ad286f572432028ef5f9c0d1b178
:f0330cc4d8b98d20987b180a56d9f87591d24490ef31d33f1387f29cbdf3de06
:909f2891970fef02d32772e2b82b4a014716fe4d350fae24267369cfe9d8a485
:6ab43ac49a32b872c7ebd5c9536af5c81d33bccd3dfe29c3fa682aa4fbcd6a33
:74d4c02ca225268aeee818433775f90959e9010ac5f72b06a1902af067c124e2
:170a4c81b0479459c52bd471ac23d3a396830d9f08d2cc072dfdc4216ac0d9ff
:b70d5d4750022f0802f31bfb2233c7e2ad38a503245a19728e845f32b4cd7957
:2d74b636b6a1f525871ea2201af73eac0cc839b2ebabb8fb2e13c5de96674a00
:5da09099fb461d8f63188b2a2203002af3bb633b927c8d80c17a382d8a7dcfb4
:65099533caf2351376e62ef9f9d2a00325eee07b2c1ba3949cebd029840b7517
:f3432ff7212df7a3f8906b5ee1a13736eebf69cc6086f72fbfa98def3e5388a0
:79510e99d080f67c3100e29e11b1233e4dce0ee601ebc98b789237b710724a1d
:2e235d3805cefb7533d90fb74be9f8efacaede3568b27baee386ff04a19a2678
:d6c8fd0d5d4f4be02101fd29325ef7ed29f7c55c2b438341eb26a5da49f97c95
:ace678d6ac175ceacd97884c526d26c5942318721e38fe0b8f50b9b1a7cd6b9e
:e96a57871e3c8fbe3a261cb84c8eef4ac75b494418f8e4bea8f7e9bc0b02a354
:733b2b4f2d82ee5e826a92fdf32860a231f6938879e3ddd7bc1dc2479e652dff
:6ac2a867f3707cef91d1bd8b2e7f1ce8a637b78c41f56405bf83cd1b9a9bb976
:351bb01636fc7c1f6c33d1a96fb00c299a40c0d393f8c83e8afa7dac93c05454
:662633612e2e3a9c817a803633c29889c5250861aa8aa2f9c908598866a880be
:e43b5a3bd983760b4e5c28aec2cc10424397ec30cad48ac0bbce8c267124b3d5
:5c511be7675b9b75fd9caf29633bf432cf21b697d27e3d1afc92a84205479357
:aa1af293c63104a484640b980160d181ee406c7f908ab9cc689767759b2f4efc
:aada34d5751fb4880edaada649240cbedb6f2da8cb0c94164a7be0f4df74c1c9
:0842e17047e27d8679a056304609d17da79a9fde1634654c998d91fc683befab
:11a0c1f0dd4ae1e59c06c87cffc4fd818550f388afccf757dc20649d83973276
:c24817722567d93fa8185dc16882d9062b1133075cafae4b67b87adfd5ab5784
:c47bd2e27c08fb18939e6be70d36e6cd9dcdc51147ec70d09a95b6eaaa70bcec
:b1a39e1331318acc30929c7f10d2f29be002ff25ceab4130fb45d0125c3f9fd4
:71ee077de9a889cab9484fc309379e99991c092d1168a47025d8b728e9e32cf2
:11a422f527212ca6ba30db9e40dec534e34695015fc9bf801b8cc9d5e0f0b1f7
:1c8bc9b6dd1eec58805bebb98b287057cefab7ef7d3bf379e2a74978cea35b36
:e28c604d83b8ac41c6e666f8418481603e878eb14afdda78c43a496fc291f460
:a5eb7da9a0dc88385eff2fb5f305bdd005fbd1db5cb4bf4cba507960819bceaf
:f5bcdb89ee06bd0b65dec092d98e5b2fa096bb9881b8d284e426f53e811c4f96
:098287493718e41109277ee5bd1793a60bb6d97cb69da52ae916b4c0b8871446
:01960047a093c6e3a506b354d9805e820b79ba73f7af6ee23ea3c8a75042660d
:02fe20567dd959af60122ee5f323bc38374cc8a5fd54924c1df867e06337de28
:ac26045a5d427185cbc29a4929f92eb9a97dac34b663c523bf37b9b831b399ef
:a5e9809fb19ce952e715dbd5343ffc9b85ddeec57f0c2f394397b6d740036c82
:1698ad9789971ead13a8a86a374324f759b2b042e4786b5a009a9c2c0611408c
:b930e4d3161f8dc7d90293734d6cf4d2c4042a2c3eb97976e3d6006285f6358e
:103f901230dc4f7d0dfab121fa2980f4e246935832d4b71bf5426149f3c05a4f
:eec3f366d77d33e70ee66673b1f098fb6891d19c313c8f6985290cb8d0a24d4a
:031b97fb1b74c6ccbd73ecf6d4b6ee086844d46aeaf490ea2ec0485d0388485b
:794c3bfcf4a71681e0e8a5a68b95961726d3196a4457ce63bfa80181b75526d4
:9207d527394bad86c9917c37bd3e34d33b7bd740a333037afce9f3c83d0bba8c
:83cd2191a8721d351d86972f7e68907aa97241861386d2b330300d66d5320ec2
:0f54d3b5aa646b4569696182d388d06b0c92f117a56da34dc92c5f308ddb11fb
:8d1ed94d9eb77aa7d82c974a116e58cb33fdd99ec21aa319a7d887a80b413a95
:bd54185bedc1e4aba1ff3071a1ff533b42c6a8a58535ce2ab5ff7f124ccee36d
:9f9ebf92d4bd9f9233660d01f8ebffddcca85aa5f942cbd161d1ee24bdd080d9
:0f14dd59949648b6b7effcf00dad0dc8397dd7e70e1f3ab487dd404848592ac8
:99db1218be7ca4f33704266bc190bf70c4eb0cbeee7e36fa75adc6f123b39a88
:83de765c7f9defa5e19da54925c32cc9e71a286275c9d2e5be447c650bd069ab
:abacff395c794e0d29904ce6bc1e934cb9ddba4d7d86b486e9feb99cc78d12ca
:e0d37ca1189e4401c1b5224dcb06c7f83656696d16fd0cf756a3f3943acf83d1
:1dadf34fd096691ccb7846ab85af5b18cccf2fc92f948a9c742c2a1b43c17970
:6984854ea908ffd95edd60dc204b93e9e52ee67a4e16f0ec59977a7c0ba94875
:8819e81abfe82b45c3030d47eda2f003d125da952b68d447f451c8b97c22f0f3
:575a0c62358cb46c8a3f8c81538997941790e3e7a6822ebeed3f29b4a3f39446
:f60701c063614ade6ef780560ad5004977845462e885a01b767843de17e22288
:4ec991245b29ab89c5eb6840628610376bd54e3e82d20a03ea06131432c86066
:adf8d7966472e6614f606cc8bb3802d4a6b5c2e59027be0f45640e49d589b4b4
:400d899f60ca1f15cecb10b69220b85c39ab9b2c31e02870504a85244d2b0e19
:3e285cbccaf0bdb0f8860a7b430f8f868cbe93a34391940e7e4ab802a42d8c65
:d92d2adf3752f39660ba27c3f8a6445e9bdb9245d32dc2ebf588825409aa5a63
:293d6872483b4513dc2052a0e78e46add1f2aca0b200fcec6c7b11cffd95e4c5
:d90d9133ab1d903be8d983cbb160c650b111a7f60758cb61369a6daa3c26ee4a
:06a33e97360773c6ce48289278ca5d12e77c0113ad5c9a9ba81430886f6eb2af
:401fb896f9d639f4810b0b3245b01d9b8f4d2c595430082250f2bbdb396973df
:7752c9cd72e94a98df3c3de89c27cd3ec3ebb1193dce80101c8b41380ed6d553
:7b1883e9c1870e73b5dced448c1a87eec23382c1ab739971a386ff4b7e6bb0e3
:fc53ea0707cce189bb71a7c80e63009dcdad6e15014e8d5d642d3365eefc1231
:9a5a916942798924b2c937b843432ca56dbe914335ca3453abb404bbd968af42
:a60242a801e8d3a09b44229585a2cf2e83b3c76e1f7a0a5d77dc30fc7ef74a79
:a2bc75f67c12143827325190ed14cd8054ee5feba716be66c2714f0e7981a4a9
:54fdb66a0429a19a06c2efc26bd7187507a8d0ed6fbc15ca48a763f82e364584
:485222959c61a42896e7726501f796d52bba6b3fa8357820e00764137737dfb4
:0be98787aa33b8f56e7ca63404be046b5ee8929ba5a9fa94696a105dd78b378c
:2248e31d2d4f8558380ef4e150bf52ae028b9d86a44c1b515ec5bedac0470310
:b1949e2a0643761f196c94a9500213a96f17830d8ed0b41bf9808387d3604d88
:c924926f74ae7838e3117984bd339298770b6f591f27a89f08273eecfc6d1860
:868c4d148c2e455f9bbb84ed066d1b26a62456dde105915c34076801a4e49871
:dfb400cb607795e25fa81824097da2d70167f1b3ce76c8c68a3dda533295c14a
:8e4c8b39069f678a3849f1e01504e372e0460b3f08d15d95dc6b8d4611890a14
:0b54459af4ba3c88a2feff989aa3d1626162f1d86d94853d6766e1989a1686a7
:5b51cce506b7e06bae3d00b1cf963ed645b688d010aff8c6487fcee0ea7c1375
:57ab70845c0292388c98ebbad0a3c4d0543a9b1c12f95ddc9e7de71ccda5c1aa
:8cf070c66c27156e46a18cc6ea46e3d7866e2194e0c97c398bcf81690064acb9
:7368fb2f0db70b4db296cf991b1d8802bb18043dd3d58f9182572f44c9511dc2
:28d486a0764da09c4d2d9ef6de81d130e45a05d65c8b6530643a447ff2773b60
:95b16bbcfc7fc4f64cf21547ba86767e5a4739b3aafe8f316114deddb48ecde7
:05b882fa0cc0d39cbe36e4d4b982d319e1790a25594a3b440112e35be4fd358f
:292a7c4db73c32d49cb7ffbb8d4fdb38ab578042316054c6ed4dd3894154c31b
:06b65d011d692ee1254f4b03dff5b331eded53294236801ac4b97bf842700332
:3c6e0664003883862c95137fb297dce3bf064b735db03a44469dfb81eb232d74
:6032110ff428ce73365941f0923bb1a19908dcf7ce26197276cf520359bf5f50
:98c1a29da2c0c4da42a53349049f029ab64a59527a6c83eb16d34f29b1b69ae1
:00231e0fbfd73438bd68b7d97ddced84818d15d5a095fcab1b763d0a91602b09
:24bbf2107163d47d32a6078108401a675254bf8a6f1ab300f118cf185792c7bf
:3d8da6b66800748bbe0d498c10cb2bc74abc6174ef1536d44a2e18ed4559f27d
:4ecfb146ee9a59d976153d2ccb36f6aa20292592d33fe103eeb61e3338591826
:eff9a3cbbcf5364458f1288e6059cfbce758e8ca7606867d167872b0f405907c
:03a7e834408a947776663307306003ea5e3196c90a04f6567a81ab33da945bb3
:638ae0ee6d81fee2784d149b92f68192fb79892cf548da5830647513f8d4eb9c
:fab8a3c6dc0e236191edc58098b6f47f0c032265ef5a9b846433afade4b0c8f5
:e1e172e7346b0a0cebb1c17a8bb7c769fd656c2c130ca992090c116f9045a35e
:5ad2eb25946a30f901f93dd7f0c1ac7098c0f76615d2b1c3472a08faaada09f6
:0c7f4aec92e716af94c82d23c82fb977c65147a9f3de69cd595263338aefc9da
:fb88331ada5c5db797d3280cea6c9e34d1ba46a81adec1e2efbb918c129aad76
:9aaac2637a9e73a4905c29aca5ebd50d55ade3860f899ef341623d0330027a90
:4fae571b239f2221ef0fbb1f0c295163bd0cda64c3d62dca0852fc0343403f7d
:85c177a72722edbfe6968d5fb65756b3bc00c5e4d4246ae670217b2f18527e9c
:9f7126e0bf65f24bc7dd06d2ce65c12bdf1e1bb5403079e3eed87c59984e9e79
:9b0fe0bda3ecd3547c330e4320b2aa926206ddf8d45dc086915951af3cd69c4a
:e8971864ff87800744237ce9d1f4c4222b5c5a4f26de5e4e9e0d2d7d8380c562
:7d9145828f5302f7da0849bfad151296640aa627b9a43f226b6a427b793f0572
:5fe7d3f271e5fc7ada7bc85d3609ff066eeca4996b4be2f58f6f17ff11346969
:e5dfad0bdda69ddcbc82526630d3fbdaef351cf183e0a095e20ff48897c63d70
:2d1fc311d2c0aaf694ab78cde7ef6bb2df72bcd82b88230618a12823eed2611c
:71fa4cfd5470787a0c1b33f73a6ec870b3a07a6dd4cb823323b5352d4b0f5e4d
:727bf82d0bb7210457fb495d6b7d83e38827c625ca067ae2bc52c93116ae1a2e
:a6068b5fe5776761aace0c9c48e9d474ee8c3d3e0939cbbfa40cc13d02e51de2
:d52be0a46a19dec7f7f05d4afba6c062bd38c281af48e9dedf26d17e607d3763
:35abedd7b72007187db2e055cfe93d6a098e94007042648c68d6a84566b92121
:e4cb98b043a569a2ac5040db446e395c4ce1e02f3746a54bff89aa763b366023
:7f274a23a9c90586e54316a6a616c14eb0679b101d32f2290ddf61eab40f07fb
:db2f238eb1fd98f1d6aa9948817dee123040d9684b98b168bedc4853ab8df270
:b7f7ff1aaa760a8367c13fd587905c886c221d157b48b488901d280e097c8292
:227728369b93e115ebea897b6264b784265eb3569946c109cf5b59eedcb5c16e
:44ff88fa18634696e328b992eb9a1bbfd3792ccba05ff73a7210052cb4a9ecec
:0f828bf0b8e2f60673e85ffcc08c13fd9900cce8418513d17034626b1341acfe
:6e82475a6e6a636c5ddcaba4d0fe1b343d6a2d291fc2f0c72e29b6fc0bea4e5a
:d913dddd931a69e2a87e136f3725523e206d614744c10d7df3293bcd0be3f603
:7a105c23a693649f4e02d41162631c7faf3bdb1222e1a25603dd0ea2ebcb9513
:f1a913a2a6dadf56c36213d03ef84826930cc0b2da76632c221608f50a353a2f
:3085a6191c80de43035d7d4a9c1ecf8783db7bd6954f11a6b93d1c5ced634b4c
:9eda23951a8264fcad5ab321af198ac6eb5e06ee1b0b284593d6e1e9e1bb036d
:2cbb98f85ce32dc420d779e047fc87e9ce91190095ee98197952551cd8b6281d
:a95d688f88be30d6e041565bc6f36c47f56638bdcd7a67d0878f83598583809e
:78d64f556e81bcafdc1fa9d6515714ef5146de6fb6760a7f7e9ffc6dd5940295
:f34e67df5a24f5f551691eca6c7a2d3fdc2687cc441e1daced22182d22e07f36
:f0fdaa686fa5e5dfcdb69d5053ea64464f49eb97c3989f1fe92448acdf5d155f
:33a86f577c2ff5478f99b58e7c0e38d831c6e830847620eeaf75a37cf063ef39
:61b9db91f4998c9937ee6e8a71fe575ca55ab8a62856604843c08ca63a237e2f
:3d0534dad7712f000de99a4184da111e6ea89cf5faef6758e6d41a1f6b6c0b7f
:688984fb6169f73f01a55d7e0dffc472d976fff710781053df6eeddf214dd9f2
:c699ee7d2dab447b3c9fed0efea3e5a51a22c7005b56da085f52b2eac99c915b
:0426277bf5fe7570c9a7fb59be55475f86a0e642a8485084f03a871ee5a8c7bd
:25fc05ccc48d0614e45c14bae7dbae8c37ea54c9e5729e4570329d7c30acd3ac
:9523e1fee2ee4fab45493adc97b1547192c8fda0c4257ad9062ca7117bacb758
:21721baa3cc7c803914b437b04d4fc138b4c12e72413c1853b8d704160c12420
:494d428a028a9f3bdbe3b498c732c2754db6978ffae7382c27af2de6d201a8d4
:46664ce27b0dbfba57c989a784baecaf7a792f726a830b2fac3f4187ef43c0e8
:12e01d54d6b4303ecff513b9c924839045aab540dfd79cecd0effa57b3287455
:fb57ed427b9712a9250b60cf27d8d7508f632c456a0bcf236d259a4352222870
:ffec3022d667d0c15bb5dfae17d64da657ea69d75ce15f8937dd13b4d06c50b3
:022d724877db8eb04d61b77aa38cff2b065e69300933704c1917ab4db330dc64
:1f8f45d131ea39fbccb8f135b6dd70c1dab43e43a927bcc3a57ab25b1515b298
:861c725ca00b2fcbacec1d6af68bfbd2de056e7bce8cd9c513a32286d6bef28e
:c9a5981f37b50292fbf8c624e0e8466604876955e4c200f9f76eb8ed095c6acf
:7822af13850db6df24952b6f4eb6cfc1a8b6c65f1a2555e5dbc884a8ace7ba86
:6d6eaa8e19174cde35163d3d68a41f734d5d9f85d5274b6426cd929d0361409c
:706e2ca03461558c3cc0e6769647036a299ab235b42f51487920602357eb4463
:66cacc46cee03a61ab4dc13ebd01ba6e69930da82d7ac038ded73cc6f67cdabb
:45429cf74a26ffcbb0a908f4ab88e8ef5123f2a9be38ca5f1839a584514d2bc5
:5c90ebcef055b884a312090f2548ffba5a25c221d895960a3e9817d4cb203953
:12b0edcf6fc6c82861fa8b777038beadee94d160591b956680d963d17f14535e
:e25754f7abbdfc10b4b421de1df04d98184b32d4df20e3449a9d2b528537a1af
:62fb08ce0292ad486e4796e5894b09ebb2453cae7cc2a2461bdca0b75471a290
:eff5265593f30d10d3b6afecc744a824823c081d4329b6935f29fea265430b32
:18a352e57f43a07dc71438116d54babf60be5809102f6a13fc585dcb0b075609
:de15be72003d99510ee5599f5fcb1557d520424f32d5d968f6be1a95ba3199e1
:e0bc36de56e17f2ab3a542ab6c5f8a61ab01554788ce993c763c292f86f61895
:c34af6498d275866e888c03a163cf8548b1ab6047b2f1e4616706f6b66f35ec0
:80e1da408e4987cac55c99978e9e9c38efd3beb81dfa5d7496f96f1771d0176b
:f90a37ad76ae16986cedc87f47066e7e2babde07ac5accf918c53016b43194db
:4670530e14407c3b3dd83fe1fc1a4d4f69c6b4e31d868f06bcb45ef7dff77a47
:d53d48ae8339f69a801e9b8325f88d7dbb06dc2dc6fb5b1da2e78ac234192e4e
:562246c838d87df908a6c14e55247cd8c6f1bf64bfde8d5f5b40d12f9b52c3ca
:4c18beed8c76948a7f81bb2bda0d3eda72b23fae7674aead2e3d229c6f2d865f
:75bef208deb2e9e5bbbceac91ab6f9e5e6ad9d9710aa8aa972dace04ca8676f6
:b4501bcd3cd291dfd46b7ca020a81bb0e97e96dbdfb51e4dc3f9d0c9135060f3
:ba0ecc43263fcc2489c6b5892fdc6b53c56e8f1849ccb2778fc660c3bef7c022
:9e2fa98d1889e5a0879f3723916b225e2e172c96dcc27680d2953bf0a863af38
:5037ca585b4d4916a3f82a90ec253ff9b5fd004d68437a2e9d3e49a67b74caae
:569a259cce37abbbc97bf24907c22b8b47bed582ca4012135acf609b524b888b
:9f061b74fcecb06776424b114ae6163915307e1df8c9e75ffc765f85d14d83c2
:2ac21bd10a8192fec81868df12604c3195645283b342e9f55d16280a0b251913
:9f759b4105814337ec2882be5caf90d71202f60555afad8ca3403bf7ed65da4c
:a5fc8b8376d4b8b06742e0d9e48d85442d028597d2f9225eabb46f59ece14f0b
:c31942c9684d0485b18c68d5c63cfb0690f41996f4694eb09ba09c0615f98dd7
:04487e264b83bd7cdc3035dfe974d4d228714266d0a7de7d8b2e0f16b26f828b
:9780e37a856df826545de3d4b61690248999c2a15a4aee426cd6fa04c079c5dc
:13605537727000d5d448b02ebceced045a2b3312483bc93a9d6b5521911e3475
:c653251f8b3edb27b2835e34f5b658d24656a99148bae8ec356d84229e6c2393
:4906fb03f8ba0c715ca9af6c9ba2b136ad40c19ed3a5a77dc7cf64e58083bb03
:224434dd56de23ad9d9cc99b62a0ad6adddae6a9d6a3a11953a834ded348702e
:42e2bd4d97e90b3cda988056c6271370bdcd2f64917bc32d51ff8cb1ea4d4233
:c873b41cce391727d839cfa4c8f61e7473709967be99ffcd450955f694cd3699
:5aaf782b6a3dd2a28a119a08c425d25c78013799fc06d6247a22d263d1c7a38d
:5c9bd19c62701b7da9e4e25468057f36bb32ffdf90565e9dae0b08831d0b4ad2
:8ceb08eea9f56be4bf6ae8e6e4d249b63e6b933730139adc02180c897583a107
:598bd790a9071c11ab49225b25cd2d38412b090880b11f3b9fc06f549d9ffdef
:347b3be19caf447225b3e2205626511b0861025ad36a5c01def2677901c7759a
:92bde4b37961d42f980505791f0a23e59e2fc6f1d783d3945134d845217ff4c8
:507e2a3ab7eedf1c9b175c437c52f4f58c47d88a456126a23b17c9213e7edcd1
:0fea24f5d6bfa3019a74411b68d9dcbb3724463033410b21fbb3cbab49e8f709
:1ff67fe413b9a8cf4f89c1a888c9c8fb62be54d1a67f659808d8c0fc195b20a7
:72cf8ba0640235d230bfd15773e3e58b3468c7a146674aa624a912897eee1989
:396454893312074e0c24ab391ab034ca14989a5932fa8ebe74c52301389dcc93
:a9057e21388c71aacedb9ad82a319b55dc23e6eef6b3330d2fdd822350cfc459
:a91a521ff2308c9727843b280afffbfd2c1fd5fbd26846578c48330397865232
:3b2e87bb8400d65c6bc5317831a73b90199b7c9b3a1754870706c00279c0a5ec
:cbb3e37541378be91c55baffca2f9bc639b58cae6c75c0da945b38a65565ba94
:993b130167dfdcaa147c674b1c85abdaba01f8a1c851d1a933e6bd3d69c0ac86
:7ee4d7aad80b94977998337c875be284f2992ed7ba4119cde2a710d4742ee081
:dc2870683831e3a7d8278177f6460dfb59cd623ddb64aef0b3081ae75a251df3
:a7e049005d49ce03c9e7dd94954790f4d40f801446a2500a8a3094fd01a989e1
:692774d3707e94569cacc37a7b8579c8d456dc26a0888298169c8ca4ec466336
:7c1801c56abd8de9e0be83b922f334b94dd637148c9349b3f54957dcf7168867
:ebccd14739b473bd13f0554714797521741f2fc5e54996f5a9b9346c8fcfdd9a
:831df88735336b7a6fc34477f3f7f018bf59b48ddb0a99773947a40869f937d3
:af71b370b1d6b7cf4707572df394d5db979616401746ebd45938461d3a05976c
:469c88bd9fe35433778fc52ee3d998e113c4988da2aaf389f41ec38c2aed4947
:aef6da1fa4b6dd282d28cf2b3cc172607a438ed5e1acd838918f157d1576c3e3
:a757793fd3fac53a8a817f26587cfa9ea507681727f838a78be1bf26088a640d
:fd93a1d3215d7c9b9c9ccec391bc37f02dbd4d4c0df950be9ec7b1cc70a5bf81
:1e3d299035e6d047845ed53989f5da752eea688919abe3025b95ac3f4f3ca8c5
:c9ae878a1ce970f1cb2ff54104e905f6780c3c716e4e2d1e24c8fa3b6efc866e
:350a85cea13e20482787fedee480932821d69a1d3b5f375144dc8a744dc07557
:a5f6c7a5683c1f29794cbeeabb56b92aa3b0942953b75e30008f20de85bd205b
:7d294b6724daf531339eef07165e2ca37a113743589e7fdf4bccae93240c3bbf
:144dc38bfd5ba713f989340305fe066c8f6f87cfd5e20e67f611880bfdf3c2f5
:224ff202db56760568056442e27297d5e486ca24a597082b1bc1cf1556c1dbe0
:2db496d680040d75e85834c4f983c2852be4fd61d984e011015f6c467fada293
:b815f4e555f67b7b79acfaec0da1791112413f2fbea361b2651cb794fd5855c5
:af5e24afee3379c29f52a36714a2e7d8bac74bccfcd42959b51b66d99ad8d9ac
:081cce30b7f5a2363b0df6aa4a457006d4b91b0f1fb71bfcda4c41d2e435319e
:65b717f67194a19485836e203c723d135d64a2c6631398865837ebefd28aeba9
:5bb3e947eb412ffc08d94541c1b371fbdb797063cf87e91a0ff5ea635c8ad0e7
:34d2665244a3076175295fcae2838b45d84f101a246fa22a3b9d8743dd0d3349
:f16b6082438278d40433ec055be8afd29e64317d4ef4dbb2e2e6f90da3e4bd1b
:65cfd4bc1c428c0d53408de210a4b9acbbed78831b5a82601afb64467e2482e8
:de7e4c6f104fb5a477dc913a08b409b8ddb31cdb18a250d3e523ff3704294507
:0308699337df705fdfa51fdc212e7f2579de5bb65bbb416a4e220e9d09b95e3c
:1b1210b8f96654159f518adbedce5329445bd257391c357ce4a22b6c0af626e3
:b0d4ca01ef36cc1bc9831c38843b9d876fbe15644fc29ae78eb4fef4180ee53c
:724efa36d8e1f7e02851396670fa02991fdb42d4e857ec8d29a4bf7a7a4926dc
:1c3a48f01341f772034f2148e259ff4fb310bb1effde35400427cbe2bba0a083
:96799103a154e538490754b9a0e6be5a7564128ce4d0baad6afec3541d605a8e
:357500476d6de1dbaa060522ae2362da338559ab08e7c344228d97e099eb1859
:f88c7c830913a6d7e29e98ff97ceed8aa36fd1fb557740f4c3089c55aeb4bfff
:cf0f9f8c4dfbd41fb96a47ca50c77f068f3023861824e4c06c9427cd0b8658da
:fae4fabc8a69bad8fc25a5de9249d986c01fa2064415e1b533467907959820e6
:e7329e66ea3763ef110fa6f7a8ced895f3e7f4c57d069f9143d5edce0a90a2d2
:10b7d2c5478bf48d306172023b8364ab4cf9e106a51b363f13410f598eaaab60
:8b6a2922261e87a4bae58e62497fa15e141d49467e460dfc214425228d8009cc
:43852d40ad8b5355e7f127e9ac5f30a67e7e5dc52e9589caddd758968dfde5ef
:b5708b8b0cd7157a94be6100309b6a385c4619bbb48abc05adc6a278a62ec4b2
:c9d96e764742671e8724e47b2084202933fd7edef8d586355b17d9615eab2f86
:29482e2a951f66768ee3badf5260fd4cffc60e3d6e15cdfb884ba935d323a463
:6be7390136ea38119b35e2cc04823507a1a1d27344a186666526f455e42114c7
:7b85233941f14f5b26ccc70b171b2754fd426f72c3829dd34d9bc1074e868303
:07b6242ebbd556ef2da16a6b9011456d3b59d24935ecdd9e158402b7ab35d741
:f2434125a00baacedf9383e9958c3227903a5cf32362bfa113f123a7ff6a2f6d
:67f4cbfc706177493d74e86bfada0841a47bf808755613c7841d720294d3fa62
:ca1924a2f8b18d1670f85357eda7d23465c2dcecc779225011333e149da7faea
:afdc28dd530c94675d3419060f5bb6cf368dc6c38f453f8ea5f2f55e10f07ffe
:280df93ee8cb91c53ca9809e213d15da5bc4f5674a5f579f9feca3e3930bad94
:5fc478f27d3d1433bc3ecdd3b76ce6a71c5d035c1302efc1ee8b19e5e3eef9a7
:d70689bca5cfca5138a1d884e140dc489ffacd1dac1c305d8f9f909115fec129
:b25d50a9e69c14d18d4b9b2951e42d3769f05551e7ed32474cec42b748950e29
:a052a7ebb76d758139491940d8d5d781128ae9708da0a41a099963b1f7d7a0f6
:6730058054ff27c4e031791524a4219619b8008a631f576f7ba09de139c3eb6a
:5e51649f4743299d3ea87dde4c2b2d75e164dd1451a89eca25d69fea25db1725
:944b6f9292b5954f4ba093208ed6ac9d2433f19421f556da217937fc75b93ce7
:1ade292ecc266abc511f22aba7909bf38dc4687935558595a8cb4f23cc023304
:5156f1e23424fe024d480fa41d23aca2f4763cb4711ff611fa95b05ae681ab67
:0e8bad3b281062a99a3134e0e66e4d26c2888c06a77b22a4d75b0d47dbb4526d
:3b293cd2e7ce6445d8d2af7ff22831d8207eca18e1f82b97043aa172bfd0fbbe
:c9475d12b1f2efd8f90207a307858b4e9bc9422f2d3d6026cad7b7ea53e911d9
:bcac51e2895a34f96a60e4fa0e024fb6933028ece8a35cbb901e5ddda49ef6d6
:e21acb3cf34cb4770322fb9a529f95baf735efc92c35c60c392536ee1f3f7771
:88a4a7fa045fbf304d04c9d0dc599300f0b2fe7e0729d6985b34d8c12d53043e
:6bb2ada28183d169873c4e4b26d1e893535f11320b51f5b6564ed4237e94a088
:3a9af3bc899fcbf9ea715ab74f83b7852028f3aac46ee9a9048c676696059e0b
:fdc9a7139906f2a950c7d905ea27c24868518d727e7f749200609be2968914e7
:97ecf3595c101924a54ced90a1316c6d505f78e2e6fff912a7baf0a590567365
:f3d790b37300b58ba30d3fbb5a2f71a9b2528dfd0c887ace0d6c87cdf019f944
:f1b5ae430ad32d0a9089afd4646171a1cfdf15d1e766d8f60b4a233e79ad1e0d
:536639bb59ddaf95e65e22f42f562de8d0dc52a758ef889d09392fa82646955b
:bb1f26b9618aef8af2045b274a000b7c0b8e9330c8d450fcd3aa75c11319a006
:cbe3a101984256b38a9affa67acd99a11a97db559df52dce58774c59d1071c33
:98535481b4760b218213c32116aa9026cf6421175261a75429106bbec61baa4f
:9d5a4d123bfed880f470a3241370f40605ecf38bca8fcc4fd863d554a635a8b6
:b85039283fa82be0329271d14edb9b39add70e2a1a6cfc7be4fb534dc8d81e03
:7a015ac5d99d890ccd9faae940490a1547bf4455b3a93a345dffc61a2e148f83
:c6d497d148ad3c016d5efc43115290d80a88be6b789cc664e4f1079e411a89b0
:edf21a6c745eaf5de1f755f6a89835880b9fe6ea03a539172e70f3a633974ca0
:cad43e850b3ef6f8bd4720a29b4e22bbf8c8e8d9308dc043831b609039b3c1bf
:60778990a862ab734f49860cfd8ad3fcea6bc8d74a37d73b2fe193b0d66f2f4f
:df5242ee73a4bedcf2090df4dab647832b64968da075be9f64a8bf11ef6bb938
:8f417f3919c7d300e43c2303515deb56234d7efd4717fdaf2196ef471c911ecb
:a733b50fd6cefab6298c409f180b9d5e739ba2638bf874278371ac27de2a284d
:b87ccf66e4f0b7fb4214276381adc8059120bbb84704a3746b538d4403acfedd
:8c13e880995dcb33256bda52814af89d42e2626863901d5e2d9eec493436a634
:ae5984b1b933d2744a11a0d6c073594291255d4d9b3c8e0f16419e9910b37060
:c69ba7d14bfb918116eee2f3d33f200372417226ac106e48fa7ac2fb427502c5
:a1772cf8c0d89b4fa16e3a27bf9eebb24b446d6af0fc4250fa71e388fdfe448e
:9d21986152689e3ea8f8db375935902d5d19834a1454ef9f09691dd9cc05b8cb
:219a95ba2acbd2bdb7741574e7f879b333c39b7ca254ec00b13756e290b5baf2
:f58a0888247b621e9be5b322dfea1dc70ef44f70d15f44f32b14fc9959157f31
:3464b4b9e58cf3dcdf1c4eb329387ba20c54ab31635ea8371e2473cb4b798f9e
:371bab1c7c6c13e517b84e196294192b922a1bbbacd83fee06363505173bd899
:5ae9f029adcaf5d3e32ba159af1259e4b2bba87ef54b7fc95ee8ba215682d948
:062a9e9dd0e9563dd664ea90e9f40f72ea93ac17af7a7a256188f02abf65345a
:5868b6568562b18c53f0f9719e44187115148203019da1c3613c25e4bbb4249f
:3ddef583e655fd827203f2078463d66294eedf26d7c05a288ccf4063d4a0c48d
:0ac221836b18d2e6adc6144697cf3fd3da0ccc6abd4cc4f2a1f55ea751efc9dc
:8344289eed62dfb541fd2dad8433cb3b9ae43205a184b5548e73d874cf6a918d
:4d70b7141bc5fa34776b32f774a1578a802f116ef018b21789361ab10eb4bef4
:f47f41246a3e9326ace6c4ed7f4fe1edb8bb2596290bf940eb141f48ff285e0c
:2acab97b9d4a86e61cd65a5a0d468dd1c88b12508f82ef6aa6cd685771a4cb71
:fa5230259c8366e7b3b1af499214e0d0c3dcb8a975eafe72ba9f51fa8143edf3
:7bf5bc47f52eaa16641076a593e26e23cae5cc75fdb0a73ab25430a1636a82bc
:370310dfdea517c2210d1548dc892b58a368b4df0fcdfd4a96210e6b99a66101
:5f2c3ddaba51ef545095d4a6259ab65191248f140c5b50d1c30d364192b438d8
:44674cf4caa35de3bbe680fa972b85bee021b82dd959f1d5ca50625df9d575b5
:5662645d4a74de78773b21c2e0b3d465d46873c6d4d7b2d72d925514883d0842
:7f467d30472f373a392486930e8f53c8ab399a05ec97d7d76f6786dfced8d1f4
:e37828d4e3365537149d15136fe1a83d9bbaef64081ccb599c8541c3823e04d9
:0c5f96c2dfd37c4346d8057433825230a0da4befa9fc5295579346cc33ce399a
:4939d770bd5878eee91ebab1d206ed1ee7ca81935cb84a1e6f18c9f08c09c738
:aab1467cc8c716b869d99541ffb04fc481d5996179184097d84ff71dfe57bb6f
:fe338b0acb2b07b25826fed7dc811fd6520ac3bf2e5b4f631ac5d10ad31a7c95
:9d5f2f5481df3c8f58b7c5db1530ae7791808b2ba431b3c22a381805ae830faa
:b48876836222895ccd1de079d5dd10aaeae4794ea61080655d6c45019618e334
:e7a58e8d4ad8505c49b9300da440350eff4282902a9345dd691197496a08aa02
:6ec799ea43be791bae58a122b1b5ab0746ffdd66430b33507d363cb16a016918
:eb49abea3bd8aa52c119a94c040124c2d7534c6172725e2f09b2cf98d410a568
:79f3ebe6136778125cd4a65bb9e05ca69ebdf4a0aa61458e466e72255dc4fcdf
:d63ecf28fceb2efa727ef9eb398c32bb94fcd22dde407f5381ea8d48ce9dd1e1
:1ee2ec8f4a8bee3e96cd39a376a077819af8f7bf06eecf292ab878009f7a041e
:cbc3d039ad7957ca436f8fe5469a76f73ea9fcb1210af8638998a3382e58c3da
:25970d3204ebd1a1782a9de5408eb476c4f094adbefcad286c700272d9f6b44e
:f3ef49e6bda4b38bc0c77224a0259371746389868ad4893cb83c37a38d4a4731
:d18d68600e6a8008738841c2c0eca8fe3250974e9aa4421dc837cf85e70da518
:1d28a06e513533e310c5cdc59cad64e28f5056ac5bb3f442bdef703fc6a4d4be
:2a280400b69edac309b7a8b9ffe2a98212e06964e28a17afd254e2d48ae92a9e
:a438605b1a27c12c2c151a5cb3ba90df06dcadb8bdb4280c95504bde8b4951ea
:ef23f2ccd02b6baf0ce57835fe49f6f2586a3a7e8b74d990fc21e143e54de143
:27bfabbce2a171570e17afab9a8096352b19855ccc28a5a55ffde86d539d2d16
:9365f1cd2fbbaf3d8557c15185da035b228798aefb00dc97ea936789e78fc7d4
:2b022f202aa254b133d75a677f9c83610614cd971585518ddc7dc17924c3e7c4
:16d0c7f0540e2cdbf890fc65301fee2358fa5ff28e22066b87481430d453bad6
:5882d29c9c888683a196299c57b99fd50dd8ed2cc545b5228694df7308fb565d
:2c8d542efe978ccdcf24a39e23ab9403458584d2e345611e93e7be3c715c71e2
:7279eb2626dc6d70650bb6331d7663d3ef9745ba6142917042c0f393f381b70f
:52b3786c5347167308a344cd5af67b5300d5b3b3e5b00f2d94701a46b5f1b4d8
:a3c8802032246f6fab2b95c5570e7e3ca507ae72f970344a24572637a605343d
:a3d6361037dcbf404d867d8a85a2135a6085b02edf89211cdd6214d5aadacc83
:b897094663f2f8fae1ed3a074ebc651edfb4eaa457141069a21e169244d230bd
:130182625cde79330bbd07e676be634e1070aead5b4da742dba2ff7457a0d8ee
:62ec3ca0dc813256a96d73834d0a068a4df9753bf28c5daac3fc9f8038fa5823
:37f6308572166d535a78340a49da817523712bc8530d8135bb7ff1fc9c12da66
:3545f07698415595e52cbf2f5de9fd85b645eaba21c8b03f5de44257aa9adec7
:1a9604e7447f573a1a60b05679bf0ec7b7562f744f7aead81445bda6957b11ef
:b27884306e2ccc55f7447f2dc020479ab690273a687b10418345125e0a5079ad
:ac38b2a44120aab11152c6de7b5a4bda3a51cf79ee8e3458b4d58285d691a979
:4aecaeea693ae277b1baf38f5c57dd214265dc406288790247aee16904254c45
:1d9b51563b1d7d8fa8d20f80ca9f1e5e70eb95e943c9386716179dbd845c7f82
:a640480d73c221ed6d6a864c7f6100a09179919810efbaa8a919be3596e95f75
:536515e41af3f23abd9a27acb0ed76142050793bbebdfbf75c15836278f61631
:23450eb0e76061d927df2722d78e33712bd1e1a5b73afad9dd1d911f10770115
:b4d065d73b244521bb1eec04c48b340bf20f03d5bbe3dd1d8583da2f2f9a7d22
:f620698bd69307f771010bb17d96673b2b371beb4b42bacb6a40b81930d7fd84
:169b0f97b068258d0fb4b0b2b61ab3f02962ab25927522d30027f9faa864e3c5
:50d02af8230c21e23ff2809c584ad2ab24cfccdfa82a7c61dac9479214d6c78a
:7154daf653a1527a2b897640fe99759018f35524a25e2540d510813a1e2f0043
:13a288ef700f2baf5696d99c6dc9a13e68ad451d7b79bafeaaf4379da4154f88
:73f857027ac55e99a6eead481f7b51899646f2bd9ccc93e5f319c34b34dc9b7c
:1835f7e79e8e230fcbaefc694324386d4d00b8df05c28c2bf4602f34dc5de453
:af69525dd6314dea9d206991277273fe35656863182b7c2161282ffe149a657e
:8ce556e13b0028a36755e3f9bde8692af7efe6bb5553838594c7d2ed97c86793
:988c52d4896ba70f68a1b8420e7d54aac5949049f4f2e46167f5470641c2e38a
:bee5f5807e204837182de1b0d8e13ef244aeb6391adbc4dec03fb835d00698b0
:c0f2ee6261f92168b0afecc1f67fc5d66c9e728c4ec4ce90fcaa02fb6ef39fb4
:2cfe7ae20f8a7a89923b657cab00d75c09a5e94c929fb96b32046d860a18c0cf
:ceca0888c0657ecaa7d8ad7fc44bcf77b3a538499a11f5961577ea26971c3a8e
:79050312f01d9a7d554bf225880477a18f6bff8c839548b42ab9b4080135ff73
:953c1fb9d3e21236baccc0b6c2d22e021bc9135ecfb972d22fde1067d4fa5a6a
:ddc8301fcc66df25b5fc102e805212059543c1a072754c024706e8c789886dc2
:fbda6449bc262653bc30fcdfeea806d367daa5380c80768094ec4a8144dc81f1
:d46bdfe4b9a7e8434735cfb3241fe008bc32f3d9e85e4c394a3564d779e9e238
:dc163cbbddee4f9a8d36d859e2561e2a0afac070a083cb47407dc45198c87b82
:bba4d0012b75748731bb37a7330ed7aba6ce959f1759a6f1ef237574ae6b539c
:789f8fa63c328393b41e02b419d8bd6304a9c3d298103f41dc1211b8392d7334
:36285781712396653b40c455b3fb4b7c9caba3717ca2dff7a8e0e64533794dd1
:6acdf2ad95327b4123d78d5eaecce0b47d794aa4015c751d70e6cce7412eb9e2
:715c25d9f2e50621d20049ecede6ac3382a03b6ebb243f707a9d6d9bb5ddb47e
:776da8bc68c1b79459860342a34b7176a58ebeaed5f07573262be3cef9d1107b
:e9d75afffa5db2aeebfd6143be99cbc9fb2ffdcc6b7d6abede25ef1857bb4e80
:3a4630b4a7059e3749d851752fef2066558e729ed9c01bf11530ca71d415c919
:e9024a66bb46211e624ce0fe0c6e7b12f4577c481a5e8e44302b60f98f9f3edc
:950956648b0d8e79ded101be208e338da6efbfac3a5b02fad5b825957f534643
:e9cbacacfc3594ddca7e94e0216a70332c9d5ebb2a332490aaad4f7b9f11d490
:2c2a69520304cbdce0b21c2b4cd46696cbf5549fc4ae7e3d7fac32eeef8ffc3a
:abff9a57bdff4da6f38496db4d3ba2f3b5766a0b65e196d515f6ac4b2c7d5825
:3ecc8d6ef4fe91a068fc875b19eb4c14b0bf9cf503ba078704958ae6a6be11da
:0967bef77f89731615eb70b2e3f8d68b7ade5b876db28e951309ff529a187b6e
:c5a813de72e25cc38e04a003ea2eecee86b5afea1de3bbf4f1fa2b7b0e220922
:187aa20a22ceb69bf1ff5e06af6d7cb8eb3a11fa6876c06d8a0458ec55df7da7
:1180f4629e246d05a73ee6ea0618ce99c767def3dc98796e2e7553df66b346b6
:1fb71826f0aee4cc8d488242b57d4a2eb2510632c80ccad79123e440b72ebe9a
:c9a332b29d7e95a9851e5a970073234a6f86b12eb27bcdbfb904bf33a09be549
:81c3a595700354cc90335a3efb458a6b5a5a952aba7365ebc73b892c30fe8a07
:0a6de9f9bc4f258bb83f794431399c0a00ef46027864eee4851a55e062498ff2
:bbb0f0ab9620df1864438d631ec153dd3a8e401ddec10783d53ca0fcc1376721
:fbe5a1eef2dbb00810d276190c2128f254e46f31135008ea1f0fc05682312632
:781e6938e17484f41e487d7c4cd7518da2ba034946d410ab323d4f9561157872
:0720e584237638426765475e3ee153368153168769d23748cd6f5b3e8ab3645a
:7f231729b1c3129cda4c45bee19af0ed26cb739e3d366144159c035b240937ec
:86d20f66eb34d09ed92cba7a28e11d1eed7ffcece8ee9f032a8ba530851229a0
:5a3ccdd64d43400c3e4db6dd721d5573ccf85e80cb5f56a15e4eb30a8695b99c
:d6806f569df789d45766034b5876b9a1af461fc25c0d5876044aa7f92869144f
:f8648906ba4362eecfa01bf3eccffbcd706543e3acc91de76e9806ad0c60e59f
:9430a998ada333a897e9f479ce091f67fe83cc525069aaae10d98e9ab77837c7
:11192892c4317db93ff09a0749179f0e352fa6da5a688a48a98c2ef13ca38ec9
:da2cd93a4cb0fb102499b9f54b5b6d2f6e1f29256a6104dbfd7f0a7de0927665
:140434ce74f8a9c80bfcc413cfac3f0374527593b175f26e6ba5ea3c7e1f368f
:031941ea3759d551c6ffe190bcec24e221e437436b5f3d9f8e99fec7d599f589
:e607af937dc70dec6e76114fb9be85ea01e01786235da54fcd84d9d6c619d8d1
:aca90bcffa8be660e9501828933407d7fd12a2bd15f59ec7b2ce43d10b742662
:ea01bf78bc79ce107c64b47b16e2169d930cabc413a7ada1de9cf7d29bd0742f
:69f0cf78dbc94d81c00d7c8b15b0f5b468de783e85ee29ac37f8b231d3ba17fd
:931dcc71bcaa6764a8ab8a19d48fbb50aa7e608816b9d3a10f44d99d0820f6b8
:448897ba7170dcc3fce86c1797d667612d55dfe3a87240237ecd6758535b3e32
:578ea797f1441e6ab58469439be9024ef785e7c6a7666abb4c2e4a332d544ef3
:2b1ad63e91541b318636bed48f92ebcaffc7d4c89e27e553dce5434d666cfdaa
:c67be1848b80e98b1006e56e272a35e9ae11329346a4a1fa83c266a91d04be6b
:a0f8f4a8b074043114297642ddf51ebfe27984d5dd4ded6c59a9d5d267b08791
:51f0de065171371457cc139af6ddb2d03fd589c38bcef3d6ce4373d777915929
:0b18800b37bfca0a7cb27896fc3954888cd2b62f8419c59c0573cbf80bae6398
:2e64a80b897a637088cb2f17cbfc3e14c665c2094db8e20e25ca18117c7afb78
:0cbd7ccf26140be37ad6f1f103a7a044a07cc02dc2c948374667a2235f0a87af
:bd37c0dbbe8b8d1fb81bf4505446d04ad38b197ff095cee6a2aa768cbd45af53
:6db5df94ace7e2403f7fa372088caa4c9cded682b4ad97c78080bcc651c88b78
:5d633b968cd5e032359eb1eb2fd19abac0d7a29ead51a958b194edb45c3456f2
:cceaebeedacc933cd97a369c2528a24bbc1375dc968114a9e708ff4420d46019
:b1e017093489b348627db9648c5bc57d31469123a2b7504c467ed7a6aff4f5a8
:8b54a4b5b21dda8b9b837ea16fd593664f4477dc9b207e2899749c078d9d57b2
:169763163272427119976520a691d1a1196dd03b3fae69d717fdd8b8591ed866
:b54360166e15dc88e4c761fc4445408d57c8bd584e229f36ff9b4d82a384b362
:54d1f1a451ccc38dd8d40cf6a1525179cda3df76bc50853f42105f4a6fefc449
:694ef1d5f71711ae711e6205490274748eff9a183ec9355f2c1151ffdda0371d
:1dca9d67dd3df0e076430dc674bd2b6d0a8d491d18a3d252be2653a2b0556344
:5d481ce1f4438faa0d470531f187fd13d3031d737637e26e49edee32294c6ecf
:173c0b386e0c2c08734228c708ea93d9edff1083f3e213c6c84620553bd5b6c9
:729a5b2f169bb15f4003f91307fbfd16ea96c66a55f62860cbf362b86e3b4219
:a0f71c385c4e7271c8c7580fe6aedc8ac8c85d0caf3d4e655082e92fe742d2ad
:f8e4ad2878d46e1df7c992b62d790402dff36bbb9abb3287a879ef710eef6284
:865f01bf16510c34a1b537446ff9782b28bb71063af01657372e87e846325631
:9fc7e3828cfe8d63dce54c92743abc60c00fb6626da7aff7ab5a585727977a0b
:6af42bfb6e04686f51ac33cc823d7286f68585ce80550c8c3a980152408abace
:ee064f6690bd6c79543afaf1117549e37410c0b7865d77654ac7d3d61c86eec4
:6c0b91fbbdb22a63fbbfc98ea844ba8f6f97b7417e79f32076e1737d9957e80a
:7ba7cfe26071ef12ecbed2723eea13a419c395c9b7b2c88cb68eab96caee331f
:ba731ce79d8c3afe867a652c9e212b010e2422b93d0e3ab2da16584a3f97094d
:801c7a4759308d81505cfb0fb22bce10a195aae4af78e9de0946a6a0e32636ee
:c7fc300a3ad1c0738479cd899ee872ab55760d0dba7f0e05c866caa67dbc71fa
:15ac9218a471771e19ea3b582e460f0087e59d3cbfa28724e6d1a654f36c935b
:2e99e28a71c74fa3aa3c3495c89ea6586ff39bd9fb3a5eaeecbf47b153e8322f
:4e74c3bedd979c5d53a7d47c3b4ad8dc3b177d7ee2bae27bfd865c6f69f3a35f
:ef4b42ed085c00d28740343ffb057e4141288993cfcaafd30fc5abcec840f8be
:4f17f6e18633c373ce7aee5d7c615b818eae6cd2b10ffd57907f6634d9addfc2
:3eb82cab5e8ad32ed8ddc32203d9116e1e3af0a2bcaa124081708dc5c1079479
:5d297ce79a2a4a0294d025cf1d7e3d820f391cc2b389021f33f7f6c0c9b8f572
:00ce0db4a5f76167b5a08e21f2d32a8f6d613d58f109fd1d85cd84302f656b70
:b0d5b6cf257272e8e5a970d79ebe3ac7df8dc5f9799a3807f6525e503bfe47a1
:4a87815ae887d50077fabf90724e496933495aa654df18e49e26eadf830c4253
:95967a3e149383461951a54696db9128e11d2576423ebf3692828a7ffb097217
:caa956f4b6abbb2a7a7232adb9b8d4fb04deff82fd0755262706c4b017f4683b
:9327ee64d9c43d686de95e58ad312ed8c106aaf27277dab6bc14b9c2bf230b48
:a4719c4bbd8f44387e4566a41b2548610b52928dc2422650119a965075494a1c
:d8a122b192011d1333de1fd65b14836ebfdd5a45eca4e98d3d9c1547a7755075
:873aeae7b6f2840c69202fba02cb66a7f5c1149b616d88e86b8a1bbe1adcacdf
:c152bb8738c32b06b9de5dc8496b46c651b672db56c5fd4e435853e9eb596f9e
:e6080f27c30f60b50bc4b283c59a00c20392953954fef66db9a4adbe628ebfcf
:558d1ea378b2916cb88d5368a642104fc2b308cf91b4029b66f77bb58ed52580
:c2fa83d0af68f9c53598fc60f9cf365eb75c52dba20a40701a06258891401123
:0422e9be227dac29b727d48edcd7a6ee303be3e467f8fc5ab5dc27f1d5129c25
:bcabdba002fccdd3bc0666f3244bc98fb72d5e38550343c77a4f002dd57ad43a
:b698c4f48444d42881353ba6040c963d94499f3e84a356ee67eec9f67d34e406
:01db496c3acbb3b2f90aa70f81a5727b11eadb9d08254d4005b9d9b7702e1545
:3f5bc0c363bb90e48d78330facc663cac337dc02abff1c7e692b35c7139d85f9
:324cb6e34fbb3223b4bfa3a8fbb0799e73396862ea38c900bae12be572035f50
:31eedac9913d37e10f7d370f5255e5697f25ae6a6b5b6f37e268be3dc8431c8c
:279601ed82dcf58f5e3844edaf45df9bc00c0379841e69ed51196702a9580bc2
:af1f67591c87e62e6ab91e282cf2d551e392c9bde70b4b023497828752c30e5f
:676f2968aab01ba4213663f0a6cbfeeb552ff5057c2c4cbe536a4535c13a78e7
:430385102090f0bfa0313a0fff5e0507b2d7a8191a60dc6203cc4e5f0247103d
:4b892f63c2a982f3310c17b803f94536f761597d76166f2340957cca69f887db
:1136715d61e7f4ea09e38106b2628b8bc062c011674ff195cb7861ccf605987c
:7ebd57a3ba6becbef25fbc29dbe8032f69702811b233337aa8ca860882622974
:b340c16a0724d3e773c4304d71a8e781a3c2cb2652e0ab71a2650cf92916d121
:14981657a558ed422daa2a1fa93740547e83a20d8823e74a4c1b901b3b769183
:efec330a5da3d8f86da92e0f54cf236e9a66542b4c75570d68ba820f4333b0a6
:a61ddb6af9fe08ed1b797b636800d635a6a7c857d9f3236cab7466393b3e24fb
:7cb78a9c0735efb7b5beac03789acde510d8cf6a33c81ca0f5e212dee16b14f7
:cd2943adcf5af7e0fc047355b41f581258eb1f860565915b0fa2b8dbf7a2d70d
:76ea6de45af2ccb87e423dfd9760e15fc3d54f4443747b48614a730dd6228303
:a3a64b4bf6fc0091fff521efe760a5acd3bfac51591aa3635c59898e174b1670
:beb3423f20dee92523ede51d1a4708fc6b32e99ee8b9b6df5f0f27b57d12a70b
:d68271a09f52138f50151c4db6e7d69f1ed9471c28d1902815cf95755c816fc6
:f1670fb9c4162d80b5c82032fbe8a276390d5d0f879ccdc37808ee97221950e8
:24c6908f6667a8ff458fcdcf2acbfdff2e82a5f40f6b8b71624520adc82ecc5f
:c6313008c9b5325250c9bd10816f5f57ddf2d1851f1f9ac90be3bd43150c6120
:32b6b13930645da5a492363a6fbd309dbd0f7982dbdf56008fcfb34083bf2c17
:84a8e4250b7628122da72f1f49c8f793b9f70afcc0137d743394e2021d18087e
:c735175c0c8f8c7a1e49f208e464bb1b6fa6e43b9feed67a9ba115c348f6caea
:df57a387fa35ca958d3c42393589be9f5cd0ee66cc791ab2271206c5b1d67f02
:ea01e606be14814e343d4f5b0846396a402a6c821deb67773420765bd1a3428f
:361bd9f2a138fc103999d5a308ad85b811c2ead96ec1eafdef11c08af9fcfd45
:6b8a92814b36df7b7c2aa4043e0460386a4be2546269b8a135f2c177231fe3f3
:42e2ab2a2909710bdbc4c0a5a5cdd5f99edbb448994629dd22e429da3e9615a6
:941c06e5944f4c4deeb95ca80e38bb6b5b9531f146b14320fbd18a85418a811b
:ceca2f15052a73a27184f598e6265f7c86e11b055c3a16372b36847096a3394a
:86670b58801a7789b6c22e64604fd561b00ce8787fa43a92505dd4ffbaaa8b79
:d26f45ff0a31cf7130efaf578b36f59c59dd24648685cbb971214276195eb36e
:77c90d899c84267b4fef285e759d4c08c5a8c0903abc55133623575d11ccea2f
:dee331525823c47cde44c4291ed29834c62e9f965c298e4893c6c89d3e3a4157
:ebdd9aceb4a82759e96885753730e845210083b082903cfe7b99990f66313ad9
:25de5df5d849bca18c22bb31cadcfe836a5e3e7add45ad53fa6cb2e6db1f4544
:058f28bf1d0e11ba214fd502fc3677be2e1966a36522116f783294ec73f2d904
:fa9011461435df7d468fab4970d8401e4d9ff4830d9a358d615c7c3e9527e5cc
:11f881b945e1f5b270da24ff40d2bf0dd68474c5d538577cd0c323f9711790d1
:ef601fae6eddea349d931a1a432f34b71a257c920ce749c46d97becfad3a0031
:a25d4069b6020fce66eb7b23624ff769e50d2bdf0db6392d71f2bfdc7e707bb1
:44028b71d079e53436cae4daa49bbe22992627055646ba502568537d6e7346ba
:acf2c6ea9d0cb861192ab3864d524f4ee70bc92f836538c52117b1e09bce69a8
:119950e0369bd0471d0348cea2ee44f071752d1c78ef3b117ed5b17e3e720eb4
:cbc244df503cc0e7f10f0ea87d7c7d72a5a9025cb9454c7dd7a1f973bd564e7e
:e20b252ba53b418ddd0b076e002b5a1a6b649a20dc0c53beeba06aebe926cf68
:296241812c21413db09b8fb273408a1b070c6476a0e542a248cbf84397b0ab0b
:59efcd0da9bec1fdebb2345d5e59541fefa8f4d0337d2ee96b179456cf80141b
:66c73544c4f74638413dc7dcd27c1508f16e1386ac9036bda87e9b406312b207
:be24c01ac82e2a5f922e2c30e3e91eeebcc754e579f717d65182117d2a9420dc
:4274ec345b484a358a6d7e199c1b62919b50b14fdd817373c78cc8176f2497e2
:2fd6422e67e14abc4efd149082a295d8801c21b0dc095d997cc91dae82d3ab90
:51511a3e1cf5a198d0307b81fa430ac8d3c121200d34610bf3c701514428c7fd
:e9311c4984ac28d72f7013f68118351b9b573a15fafae7d353e34bdf9e18310b
:ccfbdc83033e00de535edaea11ef789af03977f31c0368122bbc3161d829ead9
:13974804d02513af1e651d408579532e4c60a61610212b6258318e42b346eddf
:a7b0f1468b729e275f4349140dbda1e758889b9fde788c0ed98016572f0ff6ef
:8ff7f0a6127421fa3d23a188de0f9b74a7807b44df75d7a348d40511e579e0a3
:1cc81bdb6ee54ada9738b3bbcfe49b579356bf7389a545394ee515237e8ada6c
:92693b20581f80ece745616df6528b1d4ab4e415c27f04aad0980844e8c26a03
:c8b6d3b1500502e6773b2f73a246f5494cfdb2f6fb74a42a2228523f9dcbf83f
:17ad6d910fcec50b1326a847d1bc2944b52e0bd21e8393ae4469bf916eddd939
:a9478f2bd99d6837c9d85fcbbb7e76271d7fd0a602a44756e358d5901b0b1ba2
:f60a59023f1ea3113734981c80d1e6ee6f37cda6002cac4f75e2e0a079c01ddf
:59f18e90e8803ef92b978bae4af589160e578039019c4f2591b526cc486cfce6
:39e03acb6c131e6d3bcfc8ff2a4103776ca0bcdf72e6bdc649047365f7c25d2c
:f2994fa9b04775b52729ced2e1c665c8a289fbadb66358bfc4d2a7ea2a403bec
:5386d98ecbe5729f34ed118967b13d3c4cac73e6be97eb8753911ce55098a264
:d1ac82877d0ea1770cfa38a0480754446685734814cb86b106052806fcca3786
:5027dfa3038704f0decbaeccf68a441b10786bcac843b238cac7ec9e93b8b316
:977bd06526a3434d0ab677a727eed38d6f7a012a31bcb6cddbeea2d56e8eaf3b
:048249a7f4d57fa38d44cca3bc11749bb3dd38a71ee566f7fab76d935225e6f8
:46e9f55602cec7efc8284db9073c038f31042f996ec14044b252e91f58e173ca
:f2fd77203abf4ce6c177e2d2e889e0bdae30eba2aebeb66010798af21fb90275
:c06660b705ec8c23b87a552911dcdb9adc47256afaf6987a4a603415b7057e76
:1bee11c4a76800d75614a3ce0e449243ea64d177a7a85acac74cc375786b3aa8
:95d9590e5cc3b98b9dd0f85b81ef1107c100ec0c976986f9f79da4c5ffdc4875
:58bc65b414f32f67dfdd4ba17188bfff68345553ce2925da1fa55d106f4a3914
:1f8cc45f195dcf5e0eef56c512fc2a61995e8151030b7be2b12b00c44b0d4f75
:35f372008b06fa4804fc6b3902852b6bb6ba72d3aaea408a394c63359ae962c4
:eb219c35387b7e519e568b3e23bbf8e647ac33e17996f07da40f0c76a4ba1f91
:e779c16374f967245a981eecf87440b5c0354c467a6c40b17ffd0858258b0c99
:8d27c24b912a29a780681e182e5d0c2ae810424b536091721ec24d9403170406
:4f5a387574130939d5f9118635d15f5607d7e630295f889a3490b454fb03c7cd
:8a35a44f26a8cfbb8dd0e261136a46a762275b87eff06c81bd009aae2c0bf33a
:c922de339d2fdec20cb717a0e844bccef7569a22df31df1156718fe64c5fe0d8
:dc0a5a67646f0c949c26050b2beb648aa69607a178e16fcf020a557402184c45
:18931b68cfc153466ba4a2475397fce8f1b00bade6caff26fd33e6492b175b55
:b4855802bceb158c6b71ff9f17ec669d0f1135281b6b69616aa0fc0df67d023e
:41c45145669a124444f5d4b2b75fdc132369e3b9517f8fb8f01df47460052724
:a8e184f28e9230cd8322455f7ddd86491a47d11507d864ac91e0d7da15c10083
:215a0c996d1181d70b72b58343c31dc6c4507532d114219cc3c1430d0ae9ce87
:d4496a82954a64029a9d627f9b22c90d25f50557cdb9b250150b513dc8d67031
:63ee0584d907558e5d054fe4c4a08400db0fd0c51b8ae2cd315bd8b3eaeca060
:c983fd417fafd3aadf1b23d83417ca491c8aa423502e1de4d5c8387e8130b9eb
:a714a7b3a9da271a76aaebb9878a1c565e33eb00ceae8ef865658f27fb309d0d
:e70ab01cf592a69e7556c17bcd765fa7f62169fece072b80ab88527a507e8ed7
:3e9843bc16d444ec461aba7c76f2f5719801942db47f28d8fcfe6fb436791771
:c6aaded38f2f48a6e8dafb35f02f20d1efe93038db742afc4dd199864c19e2c7
:1c263892b76d6e6256c0e0787dc5db8565db803535640d55e9654f0309f59b5f
:012596893fa1bff930098dfc6adf7d3cb2b4e0bad93dfff5fc4a68717ebb882f
:6eff6ff8805f854159d5bf1f4f81a796a9cb29434e76885d7010266fe53f1bf4
:8a89ccc8660b855d3a0bc1df29add9b805d12bc67591d1594e646e36a6a3b6fe
:3640f5cd2c1209ba297836eb766e9718a6d5d3307526e9ba57f874542ea12302
:c1a12902572da00ad78f60a5b081c35fc45d97683921c78bdcab75ebbe83b516
:318aff594054f4fc9f8afd2ea5790fcc5732ca3718b556ae34a0adbff56d59c9
:3393e339aff6b8d0a9fb07e46ca3cc6275173c467f10cca5abf19d5a6d466f68
:07fa6e27ea6821112bd1d4e226f972ee0b00a8264e89b1ef3f4125efb20e029c
:288b58116bce352a244eb352c4b47d42a6580fbc8eea3e817850ff9b07fb729e
:a184f710bfcfa1898c820eab987b9adbd28f9c273c1c6420de4525963dffb1c2
:6c538167a834f1a76e03477763aaceef6ab3a8c16cecda5b3c34c3b5591725da
:0b3be003b51c9249e720cf0c4e9f7e9171c6d83ae69749000488eac1aacf0c37
:118220d9f105de050560ff994f8e14dfcfc5197a821850bd95a3f3dc3dcdb26e
:b4852615b2449f8bebcc2b88748616407824e3cbcdcaaf012a3cc77bea4a3760
:c6c6e963eae2050f525878c0e5800e5c4add17c8c173d57f56701a5cc5c61456
:249660f443de3e6caa92bd4585b9ab891d671533739168069f02082d9bdcc324
:748c95fac1349e7b7e4b8af58b6f4e7150dd8c0cd0be7c40941ad232e0794777
:3e6a97b5454f327569459ab515627df3d90e32e9a8b6673f979bfe7c9f1d04a2
:749c3b672b8af705ef33dfddf0dece6a5f64396da2abfee0afd24ed4254fe6fa
:da935a013d3e70f973dd9374052fb0718f7900d54df9ba595e732c4aeb93384e
:fb3a0066acec60fad07cc2794f001c1ef0e1b8422d6be10f064eb5e8fe7c0812
:16c5f6bcc4bd1c7fa4dff119d5b9d066fc90e6822ad6d4cd017c2a15f97cc257
:3c1de7af541d8f7550dc7d3d2328855999c8b7e9aa995a154432370d924ad336
:695d7459ef116fb43269df9fa98d903f91cc5f4363111ed246485775b7dc5f16
:faca7a2392973c0e1169fa70d25a8a4cf3f7721f4481b072be3ab5a09218e720
:b04fcb3107c1a51a93c88338b7f90134681a74fcffca5da3454aa041db3cae50
:3f90633a738d447d9d445b06de1c8cd1ec7c5b32a728a096d8afb960219ee4b3
:0a803750cc6be0f32f73cd9fb483c1f7e29b41267b652c046eb13f61249b317f
:1f12843f63e0e522b6c5aa161f2573aa86c27295fcc85a856a16022439ab9d9d
:49d49ee57c20feec8b14e075f45a882d87f53c38a08dd39b4b12a9cd3216b9c2
:a4b544d0b0e4bc86561a4c4ad1f3ff3ffbebebf590f4adc15c4c9fc7f28993db
:07623d783738fb4c4dcafef3439b01fa86e3548ae4326c24150f7c104537829a
:6c0cbd2722d7330508a9b873933ae5631b3d882407296a960559cc06808b2f50
:b339cfc790538fdc7895b242c7715c6081d6d78dc1fba89efd4902760078f2db
:2e67bdad0b26371c225c231ab13e1d6237583ed8cf0a4a3c023c9ef7467bb3e6
:ee5036cacdef3c144ece84167dece6e443cdb921edffc9bd8986252dcf27e124
:dbb0dcaa03953b778b0b3201de008c6753ce61333271ecb1b195eff0c7c544c5
:48a51bb84321d34febeb9ec00912a362db835e43330bbe127816304a57723199
:91ae4ec13fd1dac966da395c6a2b7174130ab3fcf560efb6c5df53675ac836f6
:2ac9318d32064bae810e6271afbffbe554d23e29a0b2b88943351a809996e380
:6b219326f8b4d27e2f6f1468b08900a40690ef3ec8eeaf231899b869db5dd7ce
:84883c74bf768dbab7b18aa0f6e9d89ae7b2cc9e5e3460a39bee41b39a271183
:8787da11a18c259e72786b0223aa3fddeff0596c1359af9dbd96f05dbfc3192a
:1e09b180ef5a856a60bc41b1b6f3912a8bc2228f8fa6e2abb3bb887adbc9092f
:d72feb1c9786c5a0e8e8d84bc9ee72ef0b7f649408491b25de38c17def448155
:bdd4ea48d19e67312db32b4a868970d2aacc053e14099d0397e7fd0007db395f
:cede92d5f009ba06b463e6c414e060b1a8bff4317e76118ef513e481d7046929
:0d2160ac322c14c5596b1b4e6e982c35baf216b6a96b7cfa520da35d0a243ebc
:e54fa9ab114a941bb98303d8177832051cfec13bb09106d661cfa3100b23e798
:9e0c93cb1ec27c498f68ab0553459019d71b27a579ee415e46f52e4fa5cc2f3d
:8c77dc4870dfd2cb59d9478f826fe0e2747903a20e91344c0042cfa4e2fa0076
:60c0446941deb236d742965f0f5ab77c62523d944bca44016adb6c69b7ded580
:7d50a6aef03bf9548ce77710e55f3fb9b0e3b33feb97ddc6cb0c6641902b476f
:b49353b465e51a86c89d871acb38c7d1f61409dbee8057cff0fc96ef34f2bc81
:443d5b39aa0272572470918424658370a3d48bf311365129c70b150c6a9d5ccd
:8c16f7d190ff306be79d9f8b7233e7e25fe051aea1104bfaa7ebffca6186d55e
:832efd3e6b901fe9135c3f8818f8b9aac5c8a0ea771f29a6b6d99db695720615
:486f89f923444c0487832683d3aa5bd6ed5a49f429a2254f85d68b258cafdd62
:fff6cb3c3a3b9eac211c03429fc09f7673a18ced49a6a42cfe94aededd458c45
:67c3ad0be8a03f51b533a1aad155d569d56acbf178a4278ab97723515264f302
:0f34108d9f6dcdaa3eac26d2fafe5bc557944d740332a1cec63bef9adab8b0fe
:d3f73382a737fe37c58347d71a5496304ea5f91bcd70d7e3ad368b1138adf5b1
:9632f53f7fc1a4937e97597a513aa362fa74986559dd0bfae8de457c1012417a
:be3f4372e6aa685206a652238a0c5d4010799a305fb81019e80870eb8261df35
:999d7da5348d3e860fc5a4a5c5794c62eb515d9cf783745172a168f36beb4ade
:ed5bee395188201ea5117c37014475cb7c4c484cea348b983a35c6ae34955edc
:b3ee506a5354b9c934a335784134d7c749dc449c3147c0563822424ecc80523f
:b082f34394974677b5caa60256122ea0f5bc730d3e993fc40699acf93e3fb1e6
:2f32efee62a0bb224c9c1cb9bcf9314cddffb1901ea2c31cdc192f6f63e44c4b
:04da8c44eddf7e0d2e8218fabcd455b91010186f09e3a0510944df0ef03db9ef
:dc1e3796c90ea6b2cc001fb1d24dc91526fa3cb5be3f825ca827cf760dcf1ba9
:da563961578c156e4035f1d8b7715740f4b55aef5cc3a9e406a33a986c32f9df
:2c235074e6b5dc03fdc82df86e5429614d7db7fe7e1b128ecc8e582af4956d22
:0af53bdf32b03d0ea2fcffea9266683ee4b451a9cc173f5979f68fb6ee4a8634
:8081a17fc1101de0a1fc711347cc39080759d740b5dd4916a0b07f6b0f2289fa
:f56f07c232ec2fb15cd78cfaa8e629de18134a7f5871d6c5b5caa62b65d006df
:c0510e33d9600be2f291c046d3ed92ba7055dd639d2f5ba6712a4a2f66abbb5c
:ef11021fb2f0fb63bf2ac1f4e60aa105710efe01366eda887af9917f94ed5815
:e70e0638f504361d572ef6b7747929e602d9cb823d682d426329bdb9fe3ecac1
:3817e0a889fbe6601d49a8eb442ccc8562512d05be8b432074bea62c9bf07458
:3923747045690af93cc7df1b60cb19f73b980675e5dce692cbff75132cf5604a
:d126d06391f30543539a99e88b258abd3d832a25b0564b804c2c9f1d54b08d74
:f90c7f5e17fad2695a867f01976f66a309bb2029f32b17d34805cc3b58a5de40
:b34cbdd210733c35d40ae157c37db9407b637fe8eb6294b7240f46ffaa0a0fe2
:6a6eb049bb0ce31eb5e7f4dcf521b619ead52e5f60692c7eae6e1ca16b81841b
:436694b2ab4a08d6a07066421734cd41e8bd5601eacf638d4d5e74c1c399ebca
:c1379b6b59aac02722bed63457797abaded56729d9847de6556bc2632091b070
:c29fd3c1743e68482c38258e8b37ba1385eb734f56fb5afbf00729b7c8f8c77b
:8fa50be271f7ff22586e4d0eb1078ca8773548311a7ea62821fd67e26234886d
:06fbae076418a9218be9adda105c571c43749d73c28746d4d7ea23bc6a5d4eb1
:bcfa81b8bfd7239c358a67a1db6ddfff40c811fceacb4752656daf925990e619
:a57477fcded669cfebf18087fb37b85b551bf5f230c0e16f494bf84e043fbc8f
:79bac253fa7667249543806331d8dddef6997ad463ee5268e8da9f80902eab4f
:6c944068c3b6be828964d45fd1b8256066d77d91d51aad13eb1f7a33417590ae
:e9f5a7acffa4af75227e5fb1f1c20451727afa0171d1ba1b2d7d709ef409da05
:d5791fb41175883e9ef3c60ad8a3f9d3f09668c106fae7caad4ad9566afd553b
:02cef2153f4527338cee29c34df1b0828b437eb5b059233185d5a303ba4f29fc
:75c6bfda02a16dc77cc0e48169b711db29970b63c5e76db55b5eed526f5ef906
:a1e0a98e0d983b0b9f875879bb2d0afc517e16d79fb7891e6c16d74026e2bb4b
:6b02167a426d5f9fb1305319b1558573b9b7709a6841d44b1ee3fee55bb70730
:41f9cff7dd91b0b783914b82dc0d13c4c422e58459903237a37dcb94d5b894a1
:5e881467427dc04e80291fafb7e6279aac227fe0505e8daf0e75bf9bc20c28d0
:bde73810580d8d390bc6c29d6654f553c0fdcd9d32ee767234e23ec76e5a6d96
:afcd0b3b5ed35221132dccec29740fe80eaebeaba9420b6e2994c1044ef24c59
:ea34f3eb3a1288a8530bc265f9064cb1c9339b6d261eb245c30a92d38c27db9f
:850dac415970bd2770e422d502891d09e42f0bf7824b66be606251868b36a7d2
:2d32eb6b300b0985b4b5b1eeb82717944d8a787b214319a9d8db5bf4f2a7eb93
:d34cdd94cccb20adddfa7e8e71de61ede9188a7032c4d01df83386f65db175d5
:26a0a4f6054650ef3c7834683bba0274ab13786ea36af286ca38a37ee7d5e2e5
:d7582804b8e68d6ebd8775f4f32b76ed2f7bd6a54506dd7b755b15e7c0c64b8d
:809d8ab9a3163e24f81ae1cc948280efbf6ee4f6fb6dcf485142cdb7d61b465f
:42505128454c0e29ef8610856f803bb88490a9c77ccb2f066c44a05123632fbf
:8ecc4b69898989901bc1b08820efae8c26d22cd76776d9bc534dab2629d70fff
:d23b7091a3d5fa6ea6b971a33e2c010ef33a32accae3fbaac5c975d9d3ee69b5
:bf82e5d6ce6c9ceff98e56cc6caae78ea22d10615799747618ddaf299f8b7d4a
:e5ff22f6eb3812ca16c0a532a832122fff0395dfce34f87bfe48e48f99c92fd5
:54c4338a7c995603b0d910aa1b15a9ea6a9793fae06cd6b4879fefe786e2ccfd
:ad7a1c2d1c2d52fee7e3e09e4b113b0dc44ab629bb2861f2de61de194b5d9e00
:8c486d4ac0650b909b455f9ffc82262310aa09c67a80a619edd5cbaac92e9477
:f251d0be045f45e5a55d28c1fe32748ee814ab89769f655c1685ad24c7ae461c
:11d83028ac2cef01d9507a4f14d58578fa662c8a88bacc9a94e8ad12c8043675
:440d088d5da7f02e58b1ec7960b4fe52e2395a1e0bacf76d3352d47121d98070
:784278186ca26c95a19661534bd9b5590ffdecd4405e5c4148addbb5611794b3
:174a0ca6576f8e1762f1587fa2b4dc7d73bc3e77a4dca772e40987502c6e00c5
:1c78e9e1aa715f1402cf7ccd59f452070ad6968de9af760db7d3eb2bab9232ea
:58be917d07b6cfe45b773f6d6d98022d81656f219681606ba83bf2a121725623
:d18320dcd08dd792fbf1733572d6b6c750a6231c31d85b66f4541058354efa82
:1f7443a01060a7ba111b8d9f1cedd48cdecec4eddc96ad69e9f1b948a6875073
:157e1ff09c7b3c7984b6b5a1758556dd145636cc5989a50d8140ec11934b8a0a
:7216d7740b55cf713e3d846cabb451ff4d718314b148e2c127b7093841470304
:a10f98017ad00aa7205dbfb81fa9be63f5267e435e68f82b2df45c743312710a
:a14d6743780b516316d6432e5fe510becc857aba0886c0ca68e01e77d9a62b20
:d32557c9a3fda2a8abc640c40d29e359eb9b3b5d5bf20549f7a1e08625ca3757
:4ebcc4a88dc24c76005ab3eb62d707b6a032c2c0cc5260a7d1eed522f4d8dffb
:e6f4d6a54aeae36800b67518c267c990d731b291cb94d756155996f04c300ff6
:a2af0da4759f4ed6d26f123f68e688573c010cf227ceb55e5b9dab0aaea9ae23
:25f60d177fb01a2e84e81d91c7d21ca413c1b08c548b1e36bb2ca573a4dffe99
:eddb2fd1dac2e606906f26fc9d0a402c3b6f0e68ac1d498314b2323d7ab22767
:0304bc3727922733a6a3e7f8c3d3f2e0cc01bf6ebd865968409c6a8b60f46224
:09320c086ea89090adafb5c4c5ada39ce1fb16a30fc32e05e6cf660635efb4a0
:f1d661a7d02743a1b26da714c302b849d3be0e513adf8b1a3afcc29ebb23a3f2
:2fe65793b5db9ffdfb688cc8aa2a5fa74d33466fc9765cd0b2c8ea67516c1a39
:cfef41cf7dad3d637d20c6fe4cc10a80bad0b35c747eecf4b48e968b69cc7a75
:7cbfb28da7615d8bfb3297de8f3ea00c75af171a7d2e60c15867a99c14fae540
:063b8c1d8d3ceccf0d8b74aa1ab3fafec142fc6313b6e33e6355dd7c5c6722b3
:143b737e7ab5054c9e2383df985acdd25fb5ff9ddfd6256c8d53c56bb6b99249
:2dce8c86a411278b1fe886ce6001557455aa3c0646d307b4db1ca9bd8acaec67
:3a51bfc85a9616d32a73af6cd1db8955f7c1324e7b788e6a3c1462de0da47fb1
:aa953c8a676a5fbae7d5d6278b63447aa63480195ae3096690e8877b7f3452ac
:f2db43b2e527a7d8f752799abe1b3f6baf1b5d2549c31df2ce66657a7cdb3525
:9d85d406da09bdb44db1ae50823f98ab31f6b1164e11a82c0f622431668f43a3
:11eed6217fa61c9909a995d9ab79da263beff61cc92da7ffb64efebec92f0749
:800f7ee57cff3a26a9c5c25e8ea14143ce3a57b4178e75afa48725946333530a
:64375c42e4ce0cceff7c46bfa6c9de382ea7d9beaa127a489bca634f1ea90538
:e9fdc204628f2285befa8e31a6db93bcbc0c8ab433025326625a660a56542741
:601ed35ad3e176f8f4e1ea0b63490b072c87406213ac1ce507253000c565145c
:03abc8409c0032b26b5539c14c8134fb852fd6df38264c27b4d4e882f1eca1d5
:29d3761e6dca07f2102fb3565e44d70e30a28b1a886bbf926af121997dcfe4c9
:efdf81b6d0db49d967472dea4911b9673293f0e267f4eea64807c0fe0224e4f0
:21de2810d6f06ab02c34dcc14933606ba7e61ed8230ddd736692d6c7332d9e22
:0ffe05efaf1f97afc4b2646ac252d9d8b5dca676fa3ae5fd1a98c004891b0838
:15acacaef59b437dcd90e91d80834f7018ab9a875ef5846833760b07085a9a79
:2d7b3d8347e8c9136da51d5945f336170cb01ce4664d8c5978145fb2aeb1adc3
:eaf31c00854035ffa42d1efd16a2f7f59f57e56ab4ef473b0789f5d00bc64695
:83e2b701bffba2b9fd0d8a6fb2dbcb1c0438afd121e5dea91374866c9a06f908
:5f0fed14b9de73df74eebbed23930e9d0c26479d3d799c7fd915020000607154
:f6d55ac8625616a73f00572d3ad39363065856b90d412fcc4377c48dde06f262
:64426f8f887b1a7473edf50c088130e43862dc1fbfc98d2d247e96f22e39e731
:0f8a9b1d20639f95b61d374288bc392a02d947848650727bd8381411a0db155b
:c24b992b612b1bbd7531ca25417daacf33854ff887a2855a01a5892a8d588716
:225e001b126c1c4dc2dac9b89286f192a0fd307661955255feb62aeb4817cb18
:75934f7a3efd5e807ecc47bfae43ebaab2279f7bd234b55f9ccd303500688742
:9a8d647f1fac9cdb17172b684e674e1d2194895f3be4e861dd1cbfe30e3de8d1
:1f76b5e47c6180d7730e558397881ff66cbe450a45955e4b819d60c82e87927b
:ce53e01cbb37ebb99432225f9201fb1d4629d6c1191eb578c965282891db52a7
:1863fc597916bfc42439630c1b3e1b44eb837c7dbcc28c78a78bcd51b4cba2c2
:b538816cef7585a968efbb2d906a64ba7b364245fecdceab4536e0dffada93ae
:21c8aad9464ed1091de5561fe24f202a3c737dc91ffed535c29679b200be8210
:d257209a07079d19811d738fb97a9e19bfec32b675fdfd7c9b7b14438053fafe
:b8a25bdf48a5635485af4e677b395a22807fede326b7c7d14a4894fb71ae6e6b
:26eb23c6ea6695d4e6a612172c0170a1ad2c8cb7823166212447b9d485b26a70
:323e0aa9aee533c2a338e2c32d581f3a5d461ebbe7a6235d1f30646fdd5ce87f
:22143e548805c4b783b1cef33cf88ade956027d3ed1af9d1922997fa823b220b
:8fe004bdc1035a36bf281e6bde1f4a3b32e2649c02e8d88c0d04eff0bbdbd8a7
:418f2ed121da299541d6b15f45002cd6b58ea333c8059b00afddaac630146d48
:4c416cfdee5ac5ed4b3fde10ecb76ef8a5cf9d057aab93c4551d74f884bd05f1
:8ebb4d96a3974f16cbdd081f291b7db49effa199fbf8c999f6a742ebc4863326
:6940dfaaefaa7ae5ade6a52113f1736f73e04326152eccd01459cc243a48ddbd
:37c23ab77245a8ed7d582557a88755d3ec0d6c4630421b682d81616bd116a96b
:7b0e020b645ff9f26ff75785fd843c5fe487f19d31ea9d9c79dc66be7bcab177
:ca33c8f0fa516c8f8fde46a02650b4ddefba4f596691045ed3ce81f80356b486
:76b65bf92e73198eead02e6c50ac9d296753a2dd4365ca10f66667573ac1a2b1
:ef478fc9de1507d7231c9a110215384c4d476836c45503e3c40ce41213f5847e
:275eec95f2cf201cf152d4c8fde9c02a4cc631a2dad574096d57734905a600d0
:1d9b88548ff89d84e5d2ec358628fbda9eea19748a8a32a5fbe74784c2c189db
:37a6a28fb74364329d1eb8ffd3d58068e7d31c5142e1167a8cca83ccdf274bc6
:0707fab6b01acc24d13531ee3e47eea5224dfda0e7aa59c3a6d9822cc81eb320
:5072bdeba46e0e76f447f0c2e0e2e432c21071d644997bc634edca88b0cbac06
:83bb9074e234bc82d20bde34a5c35554548c0cdc9bd120403a516d753c65adcf
:2e01547c3383f16c2f3fbae879f55b589396046c69bad37ccac2ca3bff86dc4e
:b74b4a26de2017f3bc2a6b297e9f847a61c1cba37b44cc330b537a4b596939c9
:e9b5e7a76eb22cc327171f61b8655c5f5ca178e3876f96407357c25a4ba0d317
:225315c75ef350cd00abf4a27c098c30b24d1b621dcb21fc12f39fdef8e64cac
:16f99c7ae5ffb54ad43201c8a7603edd33e8cfbcd31cd6f950f3b02fa3d1d311
:2f5936a786fb983547834c8f01d7c9a555bdf40973069e42b7bbfda4ece97f2a
:afc2da4c85067da1481def4ff599cf25753af707d4d425f3c1ce8e18ee696e17
:b0b85b23bf3062ffe735c6b61067cf4a613663d7d778edb392a00298022c5ff4
:61a3220f60636a1042255891110dd274f3b64bff751886ceb7f523694ff0984d
:2994247a611aa2ac5270a40d653ef809290d3feae72e13fed27a91786b6c84f5
:cd03710696b0c3ced39de456e424fee32644ba1ecd887a00474a600c87e41680
:d99224a4e9c39fdd85fa0879d26eb45e50155fabe7cc78afb9777f057f757421
:5989d6e2080e0df97d18c4f0881d48d23db191f8412ab502d6ab6719f78174e4
:176681d00e406f30ea4522828676469c9c50de9fbece6640828f06d12237271a
:4c75cd7f28eddb97ad7e0dcf3c27211faa86f57d17409656ab22a6b4b3c413fe
:2d8bee57fe750e335bc2a08a76590549b3c7c3a3af86f41e4ea70fbbe5226c84
:0d62f1d3172a04e561634f25b231d3a3583c0610b7324cfe7af5a00ed53e7b32
:2bd2021a5f5288b6562949968d942f21cf28e162d616be6349efaed0ff95771e
:19572bd3bfd251b1098a252255868798c92c75262ff7913f38879c94cb9007c7
:f93ffc0167bcc2cb77ef4c9a39854057564623fb6a214a53820de7cb2920be07
:db33ecf9d46e71d91594ee3840e3c53a9a3c7270df4639de10fecbc29895829b
:0a6b51655b88279e3e4bafb0c103544bed3898d09dab572904bc757057c2eb30
:8a5c56c7628d1a482f5b9b8cfb17e42ec547883b8739ce908763c160b3258e6c
:3b1040656fa6cdb48d3221b67c4b19b5e235d3f5e1d87e71bc301c6b4bd0c6d0
:ba8a1bba90e6d351f04de01edbf3c0bd2e3c7f12e60975f016e91a444795f8a2
:6d7d0e82bc3bde74937836c7de818b60c15770776082202b517f90f4b1525afd
:c66258d2dd1fb26dd07d402444515d35fe40580d09b1f0d7d8449086064dbfc8
:32ba1160e4838777404ccd7177e37f483436e0968c9e7bd434d647f5db0b8c3f
:838e7c41d032def813f9efd4684d2183f59c7dc6a4814f1b21dba077d24cdebc
:7d8de5fb6157fff93dda38cca68e31428cef0827d028755541279df726c343ec
:e686964499bd8ebfcc389ed5100c635f98a83f880ea94a03f6ed25ce578f6734
:c865520cf7aa6b3d4e693c9ebe2049b81b47a6f25be4dd0814b9475c0777802a
:40c6acc539e630fd4f1775a51458590a1cb2245e346d76f4b737300457d47b2e
:be06081ea0fa64fcc8b40d69347de7ec154b7cfc7f07567a5ce39f45f15a4597
:35523dbd0d3bb3d37d8c9b87a75d4c2aefec9a3b2f74087354c6e91538d2f63d
:6d286f6c50c0503a457610c2473b9e5b45a67369e3c765bea4b6fb2cf5d34e45
:22654825d85eda752c90f76305ed8a719b10ecb2fb9067979367a609700fe379
:d8d8209a9e7562153f676833cd125e57cf47511796a67aab7a966234aa10299a
:97a59a1a8003d7bd46393b4fe5dce84ee3065024ef146d8291e98638566c3e44
:693eb7a4d331248231a609ebc0d8411a23418cd901d4e3782082fde0448b5972
:4ccd5f4ec6c666f1be3902ddae0f106068a57965761ac48dd5a5d384b1512858
:932c91a0430d2b76ceb65f4b833ce7a880788f20d7c3cf8e85568bc74582a64e
:f87623a04035bee7f9f79d1e8d46fdbcb57587337fb20ce1eff319810a80a68e
:e1f2f44f3173b82af6ea8f5bc60c02c930c869aef7b2edc5c5fa06923f5b516b
:a60e8dc4f29d54a3ccabd3fda9c1047a7639ebbf1901ab743317749f711d3b75
:157a14cb5e4573c577dc339a931a7c5c9a20f55ee22a34b1ab09967777d82518
:4ee33cd611464c9e479a200cebe1ca175cadc5eb7db9cffc7b565ad252794beb
:050d7f39cb0d670af0feafb288d56c057803f13f9ab16b4c96967b7235aa4acc
:0d04f7d1e12f83ce819a391e789a93988e147e9f6ae51e70c9699118430bb667
:d2e056449dcc5c1f14376471c337dd0f903a2b0a4c1bc71482a7a5b7c462bca0
:6bf6605363ccc69b9c26dfd966d2cda97e886c82a195ffcca03c3f083dcf2807
:89718bb3856d9655a50dd7d711c6412b3dde772c00af8c3f1107dae990ba19b1
:1aded146ddbc5733071590f84e129a6c3dc7b6093bcf7d9f80d46ce1884e66e8
:36af019d2bfcd533943a59f06be687ee7e22502b21cb737e46af6741a8609587
:0c375a06227e5869b98149ef73949be523a153a98072513790abf9f18df641c3
:a7dac396cefd7f46dbefae004f37c3bc5786894b3fe728c1ef4de4a7d7cd608a
:ede8e17ae5009093bb2ca7345b1b510be9674ec41f7947c12b6f864fd84fa083
:80232ecfcb1f64d961b94ed3301dfa14686ad861accf44bd220ab68f82f4a962
:db6edbc8a0bd3c65b79da83c982ffa59c0532ffe6da75ce3c087b4585e9b057d
:0810bbaeee2a57fc0439c2aa896ace064033b5870ec6deee645851205bfb04b5
:9eece0c4ee5590558b6b2b6cd8c2702a830af4e1de93b9d7b1bff59a168b7f3c
:068bfed5497f6c25cc716ebbfe359d88df4a742317c20581adb9c440c745b820
:e47846e89b7147857b613936a543e173767e61ee48dccff6b233d6abe87e1365
:351284a7e30bb28533e00c9a5f5986ee20f5d24bf6feaa93018aa43fdb70b728
:a2c9a61ba460eed0eb8385a2e5bde7dfb9d765145dc3d306d55d65375775d0ef
:71792a8eb4e84ef0c9b980f31431437668afcf1f61276ac594de8a40b342adb5
:aa3fe5bcd59bbdb1ee139516ce2c04cf468f216995ed8a284a94ff8ba065283e
:a364ea6e03e5a9895f11e50488e6d3267f6c4fe117399278c2c94599b9b2ebd8
:b97846ee05201023f8a53b7e699497a94f8bd518f175c74c0328e0a0093671ee
:074247313d69650855d0c6a15f3845b830afd750cd023b213df8eb3c57014976
:6f266232d0d911925c084c3002e267be6038e7c08c77b961c432687bd06a212e
:b14c63dea63d567c647006ef5556391d80dc0b1fcf70d2924f54d2719c9bb3c3
:d0b0f63f751fa1386b7b3658d4dfa0dde49dc9b3007f2beaab5c545e2713062f
:3b8b509aef274bd445bf680afb1dc302c15b15f371df020ae7620eebcb989a0d
:424bf49af8f0a5a844b8e02db008beea346137a874a819c486c2aa75355e44b4
:af18372bcf419400506ccd3e8bb5b5363d6b4fc873d55e55c63d8b740e02436d
:8995ab37c671649649518fb7a985a006fa9dec37a8fe4fd7c77c16227377d145
:31c4f7e96febdd1ebae1445385a7bfd6d19ee4343c2fc50ad930f19c5e68feb8
:11c5fa3bca5bd6da2901b63aad1dd57e4e3061caa913feb7478399148bf882d8
:3658ea1708a976ee9f2e74acf4e89fbb4912ec2f012959a35204b94ff3eeac7e
:0fda8123b142c2e21fd8cf8c59f4e753088dece5cdb876e7b2636e4e824464a0
:95b13ce831fc640cff0c22e375fb2a5c28420bd740fb7d52a885fc9180454de1
:09555a9156c3ae4f03f95309163b89788dde4472f45c696e76c7a25d761d55dd
:c54656a592e66e4d0ad5cd220114305d3f212a9562064b076910f68bd2c4fb0f
:f38b192ed16394f9e46d79f7e35dcc72a69b3eea1040d582a5d7ebe8aa0ab866
:305a599166c64a04ec1be71f8dc2d9d0df828599d8cc73bffb613cff4898e9f5
:4169d6cee65625d5cd0f640ef29268535c39b06a03367b360c6252cd5fd3d21d
:f441738d1bcb03645f95109a05224d2f90bed82c09d677d497efc49802ecf3c7
:dc8eab0d1d681e10308abf0143f99820b72e7ff28f017847b55ab763535cdd62
:e04872037017293b947f12cc6cbac9d12cbfb777627b1f81164c6ba73799cb10
:1d2f3304b4f58fb91750e4652cad0c58531e2c0fe7e546344381b2eee12eb04b
:4961017ec427611ea4a8e9ff7efb8a5e4946c8e3a8eb0cb75448c81fe8e6f3bd
:b53fe4c573a200d47530aac36be368d51804e9dc34c029994ff10c37ec0b6f68
:5f3f449ab2521df6e862d0684a0564ec82b2b173504547c4407709a9df31acb9
:4c54c7e0249ad17b45519a8fdbdba90da20b18b3e457ab67465950ea8574944e
:fdd2e971d053142a5165f6e812477d7171521c758b0b5cebe1bdced10d070c4e
:049c2403ff147409bcad0d73911e90d9fbe5a39f203fc29c57e732fc036f66ad
:b8a38ca5c60a35638195d454ff8399dd9c2bc0d71da2bc496b2f78a7a5ae884e
:e3490c18b024cffe9de401a90b3f976a0aea15da1a5b2adb39bdcde6374c2e4c
:9d5f23ab3039af538c9263d3b3de47c277aaf223184bdfe781ac77266b05baf3
:9b478f13f23e0daff3a323040df3f3b9f8c6d63b6284903e497f3ea2d5b4cd93
:86d23e8a6dca501bbe572fd84674a73713da2b92e2ae38ca74e2bbb3423a44ba
:9a212db6e0f4472a6c36b38894a1ea3a71de066301d2d89ee461a230b7547b4e
:2c86976097a06f05f9260d042bb54433ae700276c6c2749ae758ea1e1ae21905
:008ae49166cb1c6fa728bac0df37a829d956b06d6d68740472f55fdd1b38837c
:a6b8f6e6ea7e8763a61a85565bb962ce5ee74e162e40b029d6b80c672fc4e729
:844da2b7fe9a5ef030d2c7a7d637dd6516a5963412e741dc15f8a2aee0eb9910
:f416f883bea8458d1517530248d3cba60923cbc78e306e47840f287c0de37f61
:781e4ead9ddaaba9ec30289c1099156e04efb9aa13719bc131b73598e92b18e0
:4be06a3e715717e64c0f829a703668bf221b21c1491541b0f1b211468e38a310
:dd3d08361983d741b13fff1cf425265b6c8772a6ef5fe748a89d21bb6fd58ce1
:06be39407ce350e4828eb42a2a0c156ee4ed24719817c4b808df7adf136e7d70
:ff004ad198987dbaab5f2e5b205edd9df8826de008e1ab1bd7780bb46568839d
:0f16dd59875457bb6b2d194335665a44857a4ba2ce025d23d257d15862183419
:a67e897c1bc8fa4b4c37e6a59617f395c0c92c52b2916f014eb39ac2d6541648
:fe47d1b85fe40dfb6052eea63e849edefd44d88b77eb71db48d1358b0a243eb6
:8627c9a9a1a2932e5bf852845faaefab996c32045b10a6987f9d27b15c0da51b
:a41073ee0c381393e947c4f1fe3406860987f1ed9a3938415237a99acd2b3ba2
:9e152515dcb1a3bc727efc6254c02d922e5d939b9a5e7bc45037e6549b18e5ec
:dea3a9ac60f7f657908ccc3e50596c443e317da364e0b0b52a55a0fbc3a9e421
:dcf0b855eeb847135fa6993b2ae65989ee58196e70981e6329190875dc67c2d3
:2f0f5b3f949bd9ccaec97dcc0637a17ca62fc9b72129d3edcb31020e23cdb8f8
:4a0d4acd49e0dd446f4381af79f93fe2d47a908dff6b435bb1acecabe8727aae
:7015a3fc29b0146ebb79081b6bb9d9662c8a69b3616cff1f060b6bd123f1164a
:aab73a7080e34d80924fbef5872996b36a099cbdd225ef4fcbbd264f94307a42
:45094c1b0fca8f67b39ad17834e3d3e98a4ceb5499b92831a167d6ced5321e4c
:69f67b6a8cdd9f61f9392e8af5e74e2a8d17755c4505bcc3a2c682d9f19ac42b
:ffb689521ec9f5c13c284c7e35ad5b7d2b61099364e70e79125a4f90762dfb27
:bde399941c7ca1e4ee90fc7d1e4dfc35a060365f4e507054c6341cb3a601934e
:f367101c4ae11e86549efd0423f4f06066be1f40bdcf09f480e2a0d9440e3d04
:45970df30ae05615d977fa137044b9904adef9a10e7f2c7d08ecfcf0883a6881
:95ae5cef45ed333afc8bb00d9e1e05c05fa4c7226668e225d3a2253174bd8643
:8406601bc1f8a9417fc85c7d7facfab8289b9c371383e1a502f6498c4b5dc211
:cb02d03d4b22770aff947762b39986aaf8ff097436eb86e024d09d45539c434d
:c2c6d9efbb9f175f780f47db9c3e572a3933c0d823dacc9e929ad966e785acdf
:80c1236a50657465fff9f0c64d2a05bd4840d340ec25c82c98456718621a88cb
:ef2ae49e44ad3fd35a5d63689e35707e84cb53a162a44014e2949b2892274257
:85855e95b409294fb557edcd735e48bab0ea781f4f817b21a2f6eb153ae383d2
:2a3dfdfa1caa8984bb3186a684c1a638b38004801cd12573135620953d2a8a61
:a1949fc38cd34fe212ebc49302727e81025568fceeba26ed5ebaf1000cb811c5
:c7bad6cac8d033a7114de8d84b137504c254286843d239c94893b9cf5442b518
:24f0859adc84d85e2d639044e3e4be21b3246748de5e55445bb61492a1c5b611
:945facf18ccafa8cb849a30e140a044c772d5bfa6b8d37d3f76f09c209cd6a62
:013dac8a1e00863f59af158281ac3159576d9053efd63e7963f8794eb86044bd
:7d2a0fb72274ecd96eac8aebc4d9e5c234ca1c48a0bf056a346af1e755b1a80b
:c7b730371b3b7055652b61bb40a1bee14c30bceaf6e9c1b3662e8f3da829bc43
:29591cbb94ed1f996b31ee26a8bf41719bab8d821f2c49cb1e064a61078c23e1
:a928b4fb47a9d3abb141dc9557bc72049e264d962b7f8958d64f39f8bef6b5ee
:417d711b784e6b5b0437a73e9e36829ba0823924ccdce10818f423ca62f27480
:b808a887d23c44fbe9fc3d7b89b4c678efa242105073a042da663878637d102d
:5636d139a2b95ff8dcb6b67249fca94707757f36daa4b4e30777bceb7dac8304
:8c702d746a46fe1a3d994213b8e8a40ebf72bb8f49b86544fe0f11b23d9eff99
:014f79b5233662b5bb07f56227971980c3a93ded4f2ee5b47c959dca25cfa711
:b85d14472595a8b4d2643b0ae3c4db3b042704d7780eee3aaab422cd16151018
:5d40da515b1ffbe786abaef1590752501653f15c83e90f67a60900bf88daea12
:c9a3d9746b9f8349d4707af0b4c4bc5fe1a7a9472e7be78a60773370667ec5b2
:9b7ee474720725bfb3a94342e6b815e8f0f9b8771a50fe5bcb9d475762542e5c
:339256d072d468bd65c5fa1579e68f274ed2873d1965736e3820c1ed6e8e59de
:0833863790e360143c039b45559d8eea897bd9ce8baa63b9b7a908807ee876da
:cbeaec8d5231f6a20e4094dda0905ec3c678a1579d6a0dead6520320aa400cd1
:5af48500820a0c9737d0f225e955c6e48a4fe2ffca17f6764351f53af7733e2a
:e7d2840ac7a2e09f15ce0ee19b3c225b1d70895421751bff3a00ba5e9fd40f3a
:556c55edc6042aa08f2f14dd75d7f5187c123a76601102af042278d30335352c
:f06f28ece58e48ae9de1ebfee0c4dc228d51f13f74629204f382fc99d9b7f977
:41db871de9d1438ecf56b1670d13f3ee5ef320eda62070681cad110d39057127
:ed764863116f6c8d6fe41984b2262f6bd47c3294782579e7ec4c47be148ab8b3
:23d14be0e6b0a4b3cee60df34a8a1273bbc35f4a56c99fa0088477cc59698c3b
:64205d6074e9a3642439d83c4dccfa7aab9a145a224b5252006be034f9a8d0da
:11eeeecfdea7ae3a895427f0d994aa92c25671637122fdf0d0c2b05e518981ee
:0b2b5c4cdf0d2e9cac2a67a09f03e799751221ea1d70b8767b83cb6c777fdce4
:31627a8680a2f3b99e9f3f51b947a30197bd07cf8a0a62af8b97bb3f835fb564
:ad292c78fe8773f7f23b284b364cec53c646a4672fd64cf0ee9da0659da0a044
:e25a07c745d29babbf4fe5e9b587a407125f00c3bf3e9fcec9d7ae2744db8ec3
:c3e2391d1917de741067ac48ea3bc369d0f4810a10db1ed7a29d7a8c0030c176
:658051ecf9a5558078deea33b49f4ef0259797c7ea8fcf65499e806a6ce08756
:33d05e8098b7c6679014d8b33356d6dbc506cfdbbedabdba2b3668d68a81f3c3
:191e43cf3ffa1e310862f313a1362a8ebd6cc4217f8944c46844d4e73d8419e1
:aedcfa9583bf592c99d61947c1e7c5e066746394588a1c15331f8ce138167ee9
:326ec9cbf8eecf5fb8cf0111397f75eaba67d8888e2fdedd39d8bd4c9a9d43d2
:757ebb3f57b81a73df57eea74b1aa7f6b498ffe0b68cd3ddb1cab516caa93047
:1d05b980a5eb244230ac74e875c9a7304e3d37dd6be3fefd23609156bd0a44b3
:d997f22c3118bde8d4ec7a48897fa9fad2454202e23f46e0fe7c134426ccc9f9
:ff4cec27d77a76fa650236f76cb85875513c11a0fb5b98fe4046c9ca7d892f90
:3914a65ca178929510b1336072b5798d3eb917cc7336925652e0f9279850bffa
:2daaa8f0c171772d61bbb652ec3ddffb5990b7d359cb80c320dfdd5dd586e773
:23fc7fcb6b6c50d528e555bcaad62d0d2c21d51d9b7437f047e2f650c87ef7ec
:df5aecc3daf7c24073e6077f5b27524ae3683515a399846acbce79f8108cd748
:19b6a8c2ab9af5405286d4f5c0bd3a5b2142652f1092ef0f5176b70d325d9d6e
:943c1daeb95c3c6f1ca16fdab7de32e19f08c2c3dde9f4dc17052dde457bbf91
:01f6e82418b4734307df1153d74775fee198f8b154dae2a15a2fa4fc838e2d1f
:f24b1bed742a343b69422b2e9edc7e6d181e330c9d7786359717642be90e0e23
:837eedad5a4a6060073a0c22664c6b696035b83b90810d20f018498a32764bf9
:f3a3365b6ba59cf41af863ed0d1aea6c9e8b81b05595dafaa6d47c8abd76eb41
:58bc60da80882d7ed5e794864798d2660a1e987e59d927da4fd9c9fb70fdb3be
:95a3187eafb36b463696065008ae2908a44d78527c482e0eaf2c345df6a9286b
:38abb45d4e48c77156f9277fe07de05a854bbb498372e0a1516ea160e9df69be
:7ac974daaaf4a0895d18d0d6d64c2573c9b05735b045cc5b6945dfa8c7fd8ec5
:56e991ee50d9f758347ea5f4e8e1fdda9196884148d372abbbd8e07d5e832784
:84a04236db155c0f3daf0a67a992203bf28fc0733ce1486aa0765b3a6f6fbd06
:0ab9130103bc96a431469031ba0cb32db13819c6b13120cf25e34109681a2427
:9333ffa90174f7089bc57835403ed40aa4a58a21484d8f2b6743d28cfcbbe9ae
:a5f2c8b91e95bcd7c89fafc2eafb47b194afd4c8491aace5681e679b48cc5338
:a50af0dda85318653c09f4e4e1df39e4c8c0bf6bc113514e791fb4ff0a3dc435
:6bcdc5901fcf11f6b0d37c600483cab76dd6ced8e5e4023a1e62c3c39b8a87ec
:093bc4c4b629397f69fa400e8c4cbc6808ce09018e14c88ffdb18f8be21ee410
:b66fa0a118c5a3f52fbc522a8b1a2175294ced6cfd497098edc6c4081f2f4716
:b6b857712a73b9e4cc9f7ed0f03373c059150bf3c9ef2979c48d7729b25af282
:c56b18b45c1d3befc1be9776fca94c79eb6ebdf88654d3534c7be56e98b8528f
:08f6dc65c7c5f6e8155dcc9363fed53ebc5689a939a46c71ba93c65f3fe016ef
:a701340099535fa6f5b7a41f72519cb58b9553b1c97481406da9d41ffa4728c8
:93fab728d37a191854b31282fb8e24bb4216ddcae8a511ef34d3c8a17f4eb93b
:25db8bd1a088eedd7beb8f4a5d44ed69a7b25626525e53a9a956857e85525e36
:ded329b40c6ab99068aa794dd03db0a426b10d751dff4968aa6daead5e7be772
:f8ad2486e555eff9a9e4bbf2d1b07832c903d344b77c3eaecda0365f1e3e66ac
:822b53c72d422e647d0fab25b08a2e9f5bf7d6b98b65a0c5d0e5efef049985e1
:29a510a20e068f3333903dbacf2ca07369f48906ca3b7a15fb3c434a411f8c2c
:1efbbe643daffa93e48052faec6fc59799d686b57592806c2275d882d4187b28
:88e3c505cd7d14c188e176ba49a4ee7860efc0751b3fd83d6a3f5419f67c6324
:6efd0e8335b6d451176b2f3c115190fd12b8be83d6d0c823154e8c54cab7310b
:4fedb623b4bf56e809526157a71a67185477367f57c2e5ec0681065dc726276c
:6b16da21fa7216e216a866860dbca9edc8d2d647a29f0d119e8feda3a2004164
:a8fa4e4750c7e2f679d06a2b90fafd2f14a2e7d7753eed13dcef999a2d024e0f
:ce44b54fce28e062635127ee36bda947e0e7bc125face8e3487af2fbcae36f06
:2fbf1157b30a33d9824cca534181ef4c177a5a2c6ab985e91304b9944421adf7
:34b979b24ec22a2a864f6db4a7c5dff628eb72b316ec4d893f963d98a1268433
:3b653484c9e79490c9571c34b237f1eef0df6b3f1607cd0f08bc4df781d496f8
:c8ea204ce7881460ba5de2dc7a24089cb04d28dd8dbc421b49d6a1495d69fb4c
:73004ad2a99e99c27d8d1b0abcc4ea64f35decfb9b64d0e79677cb407c831eb0
:f936e7e05ce95eca11bf2a50658cc18bb311f97ea4b6c9601d1fb3e03520cb26
:ecd169602b548d86432662632378a155e034bf78a1d83488fd09df8119e36fbc
:49e82a8ab024785232193ead50ccfcfb81efe1891befad84a21d290ec024583f
:29c17a377cbf79b33bca0992cb78c25d47b66e20fd4c44f5caf4f4353f2370cd
:7bad1d4bf2935b3e883296473b570b63f20cbd9a0c206749ed04fa802ea5b4df
:c91598019e27ebb9f4f83edf63444cdcc669399514b6510d89a6cb07143ef004
:6072959cd9619ff7ab07198648ecb2b5be35228599bc9da5d0fc6c26ed9eeba9
:0841a6b81ef52373160b74d5ec44724f0d15b9efa79f37b2e2db6b788192f691
:1824c6bd666127476e3ccc7c7b666cd805b98b5361cb8cc8f02537938ac907bd
:6637654d873d0292d97e2b554f3158e3c7c8731851fd30c7085432b926cdd71f
:1cf07be01a186cd66a0aa430b3625fd84f822feebb9eac1528b9cd06aa8aea71
:d683423d739277730850bf753f668d96a59574f40efe2f52137e0b57b5bc7864
:c8bbb9afdd77c12e8a718d6f60cc855da2f7bc214e46a7b6022fe28938f8c462
:465554ddc12d8f0977a604c0c8365c987e0ee7fab2b50520294905f1c01f75d8
:cf924b92ab511a774383e7238b4b31b5a6865d81f08dc8055fa2c8da17f430c5
:c1adb4597d9b5901c5b7a268c2c1ffe10a89a57c2f50f427b14dfc306c55ca6c
:5dabe1caa194bc45d12bfb7c9afe30fabc0f718e14f8a8261bbf46a22cfd0c61
:fa26aeb6b68abc5b2d09d5352e116018a758a4cb58a06264cbb616c84b35b916
:f17d7dca229f198006c36742986cd7ab9a9e5b4da692dec5153cb87ebe9b40b6
:dd555454474aee03b7ca308290e925e3e65beedaa85565fd8c3bb5861999223c
:95ca5c273a608ec2438441b396ac021b863a7d67e590981967cf417efacfaa40
:31f2cc9b68a6d0e011a00b7f102c31f9aae057df77020194b87722ea9f1dbfa5
:38cb6b813a733c3d5b95cf9ae60a077ccbe52e1825a09ed621fbad8ac6302d2a
:6d2a9245fc894b427f6d9306d96f1d64dfafe99d97eadaba773ec6a47a4e4a22
:ac15f41f10800aad43fe45ed71a9149f5f3c731376b2867de6f22451f65561d6
:e88e670fd805c76d559f6b962284186cb4d98bf72cc31405652e999e5299bda4
:3513d265e9ae54a64023185d97b55a6eb087f51bd0ea27fb8a4dcc125234b0bc
:59dd10938f675da720a151d463ed423acb1383ddc4b8d665769fccfdf58d9023
:76c5b81d3d5025e725b4affabd8214952341d4e654a74f5aca33696845a798c5
:fc96d1741f58e1d81f406c6232cd73181b8416e0ce7f1238e8250e970e9505a9
:11faaa7a6c55ee24ca3444ea2eca1521a78ce5d531a9724386ffc29f133bd5f2
:c3d6ab3bdd73847567fa4c75410db4efd156dcf97b53196729ed225b5f7f2024
:414dbedc1c677426f7c3e24e62bc35f26f41aba13da8e7165ef723ab2c38e61b
:93c583478183ba66fa83051cf6f9b5ba0c4db01fb681e8a41493b258f73dc53e
:5f042e33d5b4083a0276d9e6f08c7b099cab34efb209d74c9e51d8807c388395
:2d52cf399c6e7a91fb2f2e3b8eeb9230f55f083dfa874868ab66973036dc1433
:ee3cc1db7949df916964c6d86421b2bc6ba7d457e4cec60545a7bf6e99b58cda
:6c7ffead682ea822e6554d7612ee4f78cf4c36506a218576f0c222ea2d5a7be3
:96f600a352d82919178fc4c01b3556399076f6279ba8f6ab4612cd4cfe54a456
:34b3347ca64bb82ce3c7bb650f9c5746c7c023bd987e3810779e36af18fea481
:e8e32f14112089cd30643da0d77c515122ce5547a7ebbd6e2cfde94cddcbc4e7
:9d079abc58d9878336267361388bf22fa30a908db61576af3a3a06d1331761e5
:db495ca7575e44652e9068005e9667d3b3c7ae9be792e4db43666aaba19d6335
:a2447b7a6e44998606aeffa128b41398c86bd0cef589f38355162ed24ce9cb30
:3da2fe78b74d05b86385b9d28b3cc5d48d1c0b8eb2e5cea4adb5e61164a0442b
:509f5d62ab4bccadfe522d445dfc64fbb7ffd9b0c42d4e29f0f6c639caf4d133
:2676bd87790498de09fd5854c9022b1a015ff42f08573eedee38dd91ab34a8a0
:15d98d24fdb21e03700d8a74b8685a8b64a5c7f995af9ad79b68bdc2cf4a0473
:d3b4604a22359eccd3621b4f0f6a2de05afa8d5556260bef2d6109403e692277
:6e14e7dcb1857a866e3977350c4fbacdaf34bf2342a3057a8af12af1ebba42ff
:af185c9c6e4bd6e13f510260d589c20a643d26d841e932ce9f80986d276333ea
:69e3243d6e2d5b0866a792093f5512460fe5a171bfaafb640363839c230c8bda
:07eb514cb1f52c1b810133828b29361797a6af527912d4dafcf720670fdb0385
:2d07892766ee880d3501c727c2ae0b0928ee8aec7aecfc8f5957723012a70318
:1b60913384a712c484e68040d1bf15865b052421a6037b368f44fa663fb1d70c
:a40d3508b369c75a972afa010f31822502aba3432cf901d75945f9ccb3077790
:9f5f681cc3aeeb9a1fcff9fd342b27b474ebadc550d39a811dcc16af9ad0f4d8
:4bbf6d8eea1da31b7ae4087ab8fa5377663a2c3f28a596ac35923843fd9eead8
:1469f618fe4268dd865e506cdd3084659ebd9c47636f6a4407bc5c5b2d2a2f17
:9155e2b479e831b2f08da73beab2c8fc7ebcb1f24a5cdbc17f913b7a283796ef
:c7c117b927ace78095052acab3324c62f804f4d3752cd6898b20c8698205e50a
:c43a16f53289f331fc9640f51b32d48a577d8c775045493052739efc2e4f0ddb
:abd15b818e96b185486c170b63d3027c1350620bd9e9031bdefa7bd3913b5856
:5f857a8932506e59e4ed28fd18135153db0563eedcc2e485f777f8301caf048e
:1d9f90028cbe9a2036ac65a600ef121e65f3de811b2b39547d92edf048051b56
:b498e4efe0874cf1a2c6a334da053a2af6d76c8d158a34e1fc7ca688d5ebb6f8
:3431b2a84bce39de5d188c61e430c54da4d7068db13196b5cee7ffa2e92eace7
:5f451a2d8ba7276e40f8a554ea1e6abe11e20b960e5873d8d70a3028099f6a5a
:d24e0eb03124e36001381e827c590dcaa8e48817635e9c4adf353028a4080dfa
:72f794bd53277e5aa0de7477c721fb264b8da116a8a7c5021a4f0f67acd60335
:5396447e3181415ea07f493deb7d19c075482cca3ed04e59aa3bf4cb5173aab4
:ae67625a9a437b658f6fdeee5c2f4d3db420e04e0508edb7854135df1ffb4d5f
:1a7e3b2ddf87bae4dbeff8bec739e331167f05cda43d34b1f76b80a7433f5e02
:027f9a1430850ccf651beb2473a262caf28bcb2a9cb95e6850a2fea3b36cc588
:f709171a2df9f828b90a02379131514fac5840a1c17007ce8aba01449488af1b
:cf628869d076e67c13cb804784a9edd23408adcfc9a1a6298ac45f1c4ed4bd81
:9621c8a96715c4da93e30e0b4e58c593d305b4f9d046d0be9c3e3b72c05acd88
:fde65b5182f760805f2c7c546b7d3137e050902dc5af2276015830f0ef8f991d
:a9a0b49412d0832d6b0844c7ec54bb52c85fbbe2be09600bd03c78c35045069c
:09725905054a7f9b8ce9a0a34b64c53ab74aaca97abdd2340ad42abd0510d58f
:0548d167e141c79f40ef28b8e6d0fb6717eee473c72adf905fe0bdcc5fcde976
:c71b484b2b9578949eec7a0e73e2f9382fbe8dc72b1018a9bd2e482df75c0833
:b5e200b1dce5bb75c0d2d81f6c1c46207ac60d84239bc8afadaaf3cbd3ce1c5b
:dbb2a8847e726a5d79d0acbda8f1bc685f8851823cf66e179a67c1a09a40c8b9
:2b34eec548f5f34512bfce7db7a46c28d85a48ea6e2e933e4ada54d8e44a7103
:a9d4174fc63035085b7053beed0f7fe34263e7f84d052b4c97e4835108bd53d3
:067ba95ac0402dee8db02c031679d1e7a032a6e577403248e4b4f160732c64fd
:7e881a9d917aa960dd8b7e5333c5256b74e5a3473e776ec65be7ad81a33d60bd
:778c4d95ffbfe63d3b14159231fd414e0ad15f894aea858c7c167f184419e1a4
:5a6eddac73223d273c4c862fc8661b51b5a896b4962aaba5019a43e77ebb1d1a
:727845b555dcfcd1d2cf17ed6cab90abe6973a2f58754d558b164aea6b67e3cc
:0f57ba0e15b2dde8fd403cd4e3bfcda7110e1b40e8defc0683bec9093d3dd0cc
:942d343f4cbcf4a6222ccc149af62a45575bce1f242e90b9c2ab06b96ab7f30f
:4cfa85f51b1d71bb5f259a33c6b8c9c52e60729bb2a0187b8d7cd00c3ee5e7f1
:e59822a3782bd265d42e73871985c608cbfdbc11cdf6ca952d9abe760de94543
:63b5043552738e4819ecd539c77ce72164103f53b4d69d9dbcc30c3ec4a2b944
:126e40dc462f3e16655287f1ed8fe6e377ff8da7f6ea1b08c73a408b5cbb0dd4
:f0d9a3ed2985030c30bec737d349f9e6650b43f239243bad76dbdc68d17f4e17
:d5b23a10bf594e5eb557b24d23dcc36ca427ecf46927614d3b4bc57cd772f10a
:41bb3ce2b847db4b9372d4f3bf5af8c6cc8feb0695408bb6da365c517b894871
:7b9e7c99a6234bae9b0a93bd36ee119fe802465f7d40ac0c898bf9ab4a3ab83c
:ef00c933202fb0e339c44ba76c3466534d947b8a37ede9b83dd3512451298910
:88d6774f047d9f79c7a514e91d7d1358e683822e7625795dbee080c8f8545bd5
:a583f2a8838095926d3fe8a762165fe396937dd70754a9fe49809cdba78d2530
:ae7d259cb84d5de9ae94c2e822794d6bfa200db72dc4dbac0e6e026c5557a5a6
:9605e2f8b4fe4c7f38af9ed1e042d6049cf6b026f08ecd2fde8d5bf069846c92
:4b32d3789e02fbc44fac0b0e3c93e3cbd2a3fc8faca09d7bd4370c917fb7ffd2
:0a180b29c01e6415520cd2effff7302c7ec7358a99a177c2bac265b705dbee11
:4d5a5ddb204e58ced7520275105bfabe92ec84bb762cd971125a047412374d0b
:fd657967140c64253b9a653cc2830f46d522735cf7107cbd0a3de2c43ab8a9b8
:f8fe664fb0c3a3354470b91e453e6a396dc4892597ce052f141ecde83360f8a1
:068d6356c8103815429fbd8369d7551b01e837abf25c4cb5c54db15f9fb6ff72
:c500529f07fefb1767514ad9a9fb381973670b5d771f386ec1c57e10f5eae849
:a8918a9222cf001570329fa22ab25dcbe396130673d3c3e65f7d03a3bb0726b7
:0e867b530145636c548a169c996533fd1952ea8bd6b8360f17232e8158c58950
:3f5c618016be68d15529b27a337e787507eb9fd678e66cc63e83df2ad71bab45
:049fc6554a56bd94475e51601bcda396036e045dac7fa94a79a50c3524f24b62
:f0755b2d9a687e76d2d41c7850260ca40864602c41938d1478b9672d1c8a7b81
:ff22083c0788dbd31766dca8ee292ee4488073ea2a80aa6d119048eb717da402
:a474fe00f677cbf0601d04d38e81d9402747dbcc63a571e4eaa836fbb3d05c8d
:a2b7b9b40a1dec2bf26bb9fe8181f882607f1fc21f3ba7af2a973fb3f853106e
:5c94c6bb20238aa740b61b7f3e2711cb7fe806ce520f915e615a9bc32c7629c9
:bcae2a189e272b14f730b133c8e18a76e0db7e580567c9ddea59c45ab2c47b21
:d36e0f2263db3f5d78c1dfae69d1ea176718093f449622cd6f354fbd06e437c8
:d7de8ebd74b0dcb389d9bd68498831983f18df25370beb12f7beb84648c8203b
:427777de4c5dbaee92cc51b86e55f3a132ba73ae980304395666a1e2c1c4975c
:53162083ccb8471cd6ef163306d49347a54091c170102b662f68a6da3f14ceaf
:bd3bed27511b690b316f9a5424b5b5cbe66b0a5a7dc4402335be60d1fc1d5ae2
:7450712b4ef234a2dff846d1906bde1e4d41056b68170a9abab2901edc708bfb
:87031c713ded7c09776e24bec8d1703a147b04d36224f1fd24decb388a6413ec
:c52d0da8d2d8cf378bd9a3a113fd33236468ac02d87b0c9eb6bbe49faec01b95
:15ba73fcc2b7466c95f69e6eb53fe9b7ca432ea01af5b4346cc98f6ecb47629c
:fe29889871847574b8525b9ecbefbf0990452daaf66e089e13822ec8fc0a0730
:04607723ec57a77156159b65a9d7b18c7dfaef903ba3bb858066b5ec2cf9f655
:cd68833ffd09b788356c7370c1391bb3ebddb38d0780d6e0941218b1ae178a5e
:6d2a431e8119b2be3c6adf8e32c17d46f3ea97957b603333c7f6c1a6cc366d55
:ca954a925d10eba4da4280380408b5869b9f907fd9bdbceb315bda9db96c7296
:57daf2a39a461b5fce755545ddd0a99c87366b39417366765c10e03b817b5952
:2ad48dce66d1f840d1fc06d3b37bfe54305c7b72dca9ed976da82ceacf3ebd1d
:522fdc90373c0d8e0c5583e202251b4ca6f7d935e0eb471909abd434cdac910f
:184019edfb05c5830d3b7019f920d433f23a8de14ff17534663133cf2c29e53b
:cbf27fa4ca3a11bc56d2cec747ad7d7ecb4d6e936318aea65288e9e720480710
:33afba6451b7177826ac03bb6183187ffe6bf203f8b2bc586b186aafb0e2946d
:ac337d2108916032269ab11da2fdb67b4776e1b0468e235d79d8b07d742a0354
:115bf99a8a909b71e702935f803ee31b0448f0a1db6bea20139a09e8a596555d
:d931bcc664db26b8f9d236ca163ca49520933cf40975213a21cd8b6c9f6f493f
:b6915cf81a54e440e0e3feaed1dd64b887dc6a6ccc40d01c4c0fa83f6f59b0da
:10fbd4497568d5a08d6c438b0f586691d4cff5252dcb0aacceb6007c60dce31e
:4a13c00b5e9ada1182a53cbf0926655f20adae8d0676b4f688f0bd5bf547f137
:81fbddbf77a7e6f3016db4decab26b733e18eeed54dd146181d9558c09de6521
:3604c8986338e188b0962865a3cea92c81a80ad6eea0d51e386694edcafc8b60
:14848646366456ee411088d13dda52cdf2786b6a63c3bce229288f5040ab26b4
:176fea6fbcb85da12b8e9d73325957ec3d40a608716e879dbf62af3200976747
:1d8cc8c02a87e6c99653474410a31b80a27de551cb11a7029f6bc580a53574b7
:edd849b9d2e4ee7c1d0619b10ddef06f22b3b8801a3a9d45077afaaaf5ff0f62
:f826fa544418b854b1e6a77516012455b1f8b257d9bff8aa264d167e058764c3
:8598781bb90f0ab7d0e800c8c0c636df1a96ffa1e7a654f3120616a5bb7f6c87
:7b1903e5d7f3fad34838e2640adedafebaaf2ae089aac5e2ec688701bb28fdb2
:1c20136a3b88aeec8393965b1fe0988eebfcf21269785a1d85e765c3e7047178
:199777b795051db4ac4932e2a4699f7fde7e834606fd83f36fb3608e8885c84a
:166a009a4e1759bda474ed56d355a32c0abf08381b7cc4e0e510134cb3b94787
:be38a430cc12bf6f5f558d7075ef369b2fd67c39d8c33167cc8399df9f023911
:f17d2555a8ccc10d74f155c59f2e2fea2d15e0e8fc529b4d652c47de5eb8acaa
:2bbb9715d00dde424cbfb314571515b872e74f5a1a383dc399c7cbe4a0cc3835
:6966a7e1eb3b6d576f7210bddf19125be81944940f57c684452db7cf1e5b7947
:6d8e4e4d6ddff81e6af5a83c890c4fc91bcd48acf145814a4066b85889bb0229
:57d36a180789b708d7007d85ad52549bd5ad6735bbda4cdbdad477541c4bbdb9
:36ad72b84e41d8e3f7f53adaae0221a53a9754200f6c79f0c7a35de4265dd40b
:8ea493c714499e163312cb9a9e5202c5b4141df4f403503a98644bccee85d528
:32b44134f42c1359ceed5df5c94293b4c9d691ffd74435fe57b0676e114b2c9b
:41d8d69e15d1382ac525f5e07140604b8d44c76bf3ca81d4dc82662bda740f71
:bd3a01d1036ada09dbc2a6a6d3cb17a9ea26fa8a3e6b31c8ef31813f40c34e9d
:59075db857875b25c292191f344d599e8a5c417dc206184b66c81bee68548aea
:9528ca21400019595d1e878fd39972d3aef1e0eebf97f867d1ae584176300a23
:27bbcffff59a5a56f5d229e12a1ff68bc066ae92e2cc8532e63d07e13c703143
:1e942331a0986f742d745c404649bdeaba747f018d3b5ba4b60b26365a6bf909
:49369333752032ecb71989bb68c5c92e04a88d2b9e2f1ed41dca0f6db554f97c
:3c93b8c074f98521eb11e202dbe76a02f151b3ba6f6e9fe3012870d65c04d4e6
:b2801b7b6fcfadcda22c4007181ce666358dadccf9201a7e41809ecba3a58866
:886679509bc7df74442de3bcb3d0f2bd750aee39563a8e94e5c30ee4eafec1ce
:90f8e3c9e9ee2c4a4a52822f58857254af423b442c8ede5c045f6388ba491a21
:ea6dedc9e228670372876dd41ad11e20af94c594789d40f7a91121df27f31351
:e31e0483ac2f8cee54bfd7944733ae6881c3ba187e5d03792c014d1c5eb79252
:c5df3429f716363c6548592da8e41c600c5e8729f6a4a17c6b4c8a13b70fb060
:ea267b7a9e7012a8b17f12c1f4c5e9603ecaa2f2343d945b90fb667e3baa29f0
:b4abe0dcddcbd55c37a4a761dff58ead2ef1a84373f5ed4395bd7cce45a690a3
:60ea7bb2bb0569490df127dd3d8b9abb9213ce9121f108675b24533c177022f9
:d01463e103e49b7edd16e1aa9e92a89c6e17c5858e7d80bfb336375d7fa0567e
:462dd626cff1b30e3782ff19922c0aaf93f844c72afdd67dcc31bd0b57d25935
:f66d01e26d17e81974c09acda6e2d52c6d6cb7b53e09666a2ef70fbdd1bc3cbe
:37a4be2eeacccc59ab6f12b428aad49c6193c1f34c5308bd429acfad5d1d5743
:a12a20e469706cf3bc704eec965cdb49b80da20b10bc6a534453993e2a0eca65
:d79102794f6f6bee6ed9d41fb9c8fd6698af65eb25f56a051145fe9022c502b8
:faa6d4a3f3f1a39d4ef73a0daa801287ca2d9820a361f7201012f2e6ec50a715
:d7d85b99ff94a138978d7ca2ed42e0973efb70a83d2aace40c5447f11417bca7
:5d84a469273f3cc09c9178371e6c728102227c51ae2c1d51ed60ebc42a5fc323
:6c65a93f3bed99eea5fc48d3515d8374e82bb37d2430a094043e4177736d91ae
:3966a8c9f7497c01a3040208cde53550c50f068e16338469b5cc0104751166af
:5f0f129cba00f1f9e6701de16ce294cafbf1fa14ba376fbad29102f48696aa77
:acc77e424bc10044b709590d331b21f5c0695296cea42269a94b34a6b2e59a95
:8874ed7cfa9f0b4b56a1a9b2f4a48b4d5241f2d6dd22ca6d382a2ba66acf1518
:bcfc500f2bdfd222d37993e3756a5b6ee5c28ef8d3e1e2c975d9b19644ba38d0
:7ab1091babce4aec3405e9382579edf3bd26e06a9bdcf577a36a8fcfb1815795
:3bde018b53483106dd0e7610a83acbab593178d3d27092b81332faf0ba99ec9e
:d52f710b5b4d4f03e4f2d2ce5670b741508536fbc560b49327becdeaf9b8e212
:9722a46ddcb13fdc2d6d1302bf3809d6acb963ef93a2169e096f718c7ad33fc6
:555328a5481f646ca0d94c03651c4cdd967d86f13625b217172f5b064ff169ec
:0ef870fdb455731d1ee4fc0b68bb4ab472856964b4e79621cffce492f771102c
:dd72a1327fe3882ed37c19a5ad38e46bcf6b6f815bde26c2c0d6af5a2ab5b21a
:019ce91c4a1990a426b920d918dfccd2d1cfcff5e8216d36725b7bc138ee6184
:77e335b97aee982162fcf2e243f4e0a8e295b6f5c4b984631413e4760cc193b9
:aed0bbf11ff2a259d946cf73137c397679063f611d8ed01399d97556262c5079
:b2378e70d09a9a0a8eeb90d79b01654fa584ed6eb0b08fdb2e1818582b62bf6b
:ffd1c890d960a803a0ae80ef893bf1594868214c2f397b8988264428381124b6
:33a6814f467a858510d1f0c270af6bb16f2ed65254c4faee1cd42a1d73b0bfde
:ae5e2e89fcb9957f5563ff7559c1f4a7761d5b78d48f6f085537f4408446441b
:82314e1b514633e0c56fde852efebbc84e282b58acd2ccfd582b0fd93a808966
:00dfaf927803226bca665fbe7c4bfce11a031618e5a3ec6e5b5d15dab85e76c1
:9710a61488ef5a8ed7c16bdc78fac4d7bd810c20f8a155b3bf552433d4649efa
:2cbf6897ea8b31f29277af280b69a921a80e7ce819a1915d1c4bb5f9f36ff93c
:2fafafdda49322f96e8aa5be014951f60b665de710ad3f5b4fb6c0eee446b4bc
:9acec07bba27bdb1893ac1d399790f1e608ad8b517c02526a4f2b8c1e3c7aeb1
:b83c31035b9e03f5df34af46a5bec572533b167af55a6bf43b97c7d5a4304065
:fbfcf40ff00e65adfaa8d9fe99bb6656979c832204899125ebf6c14567e63592
:232af813d4282d7782955d6e3f8ceb31803039bd1b418c546644dcb80da9f56b
:ae23fc61fbfdfbc7b0ae45f4c58f8e20a9b21a9b7a95e837973f3ccb19b9d014
:52359fc8f3eab81d8dbc2709ca74004c591609248b064ecf07c741dd34d689d8
:f290fb3eb431894a749677aa23bdaa2e488eaf22a2bd49706da41ad33c9c2a9f
:0cfa1ffd314c155656038282c5fbdd51e587b99799bb56013bc153f4e02d3515
:35be83c09cf1e478cc8049ade0b6636660aedc4433795b5c7b5ac97ab663c97f
:df99449d2a6547485abcea51e2762d0d01de8d7dc5698a994edccc9c5ae5debe
:6ab08eb820de1f69143bf4ee7ef34e9e04eadd8727e1a2cb62965e5bf7b6e254
:b9d38a499dc8633a27aa82c9511912ba16f39ba7929fcf53379b4005b3fbb0fe
:0457e69049c5fa36954ee2651153384c80cbfbdd6fdb121ecb71fd351c54d901
:046ded1bfe29c31ca56d8bd1a24fb187e3fc09cf82ce848a1de12fa2d9d4d664
:1b973db3860c7d67a0bbef61a594df38addf22fb6b8accc0668028a7228c6566
:7e876c287327dd83d86187ffe6e9d1d27e934b1cf48cd678b2e99c149d4cd1da
:9997a1a421d7420b3eec86ca109dd5ef87e2bd90a5cd7ead38662d810f32a151
:e9aef5153235fbccd63f0c42e6d1da531730bd1726c7e0d00e0b8fd8024843ec
:1bc0b2c5c763650e98371060e940333f01ecf77aa32c5756091bbb15207f433c
:c80bbfb3bc2073e5c19940344f6733f7d64f0189ec7072ccd20ca3306bcf6052
:196abf402794b3929c56a94c410402c604d33f22eaac5945d7ae6fbc0e2e4cb6
:7a4da7c291d454799a018d96e0aaccd4dd2ad941e8e5c8db0be4302302dd3141
:e061f5de53b927e6831d76d98e2d5905fc157cacbac595300ae72ece90fbf2ee
:da77b511d516643c47e1db58bae89e33fa813c112421ce4b142be156aee797ad
:504210f696c28bf431aeb54c82451bc50e82e7282d72d7f0f0b319aabb5f3347
:13c8c0a2273f5e6de977cacb1f4090dc2bdc2e695f1f0788352849eb12d17de7
:2a7e7a90bf4d1ab5f48c0d1f94219395a14c86eda7e064fbef91fa042eb43867
:e7faec8d8052d75dc89bc0e19c40a3c31bda3c3403a406427bb7061b5c3862b1
:289ff61a45ced6f6c4ad10ad724f399e920f45492c54612b692cbb6e27b276d9
:7f69fed0ccc25d5fcc31494ee94ceca790f2c6c521faed1dd3252a51b7f7453a
:6660cef012ce3b99de7687accce0047d37c268d53a7d2480ad2f649c402e4a04
:927d9a60f1ab83e0639719db11378443597e520e76b3a31a872802a5cbbf85df
:a05a3d77ee5cf9549fc5c0e9c70dadb61e451a247f8a4ef1830ef42f14925f34
:5947e275366401e8a40d0b2217fa50ed70fd9745861bb1bb259e18e3f7e9de85
:f7dd3ee0617e048486ed96c3b10ac4e08ef6e1f79e9b2d4eb62a77c397d6dc1f
:e68c514180647325f7973fa18e49b763f22e805994aacee79d96ec65778f04fc
:a741a1b63e54717fc67388b98f29c598c43ac0fc528dfc2582eef107d67fcedd
:318ac1a720c71acebb2617d673d1b04db01bd7adf94f6333b9907ed93a1bd5a5
:1a26a31e8c98e5c1af3d2f7cd1d8c557e043f044f75c69cc001eb693e1002e35
:ed6fe668caad467595727cfbfaf3a057e989b803b28e2eacaa707907146add44
:47e6a059758b449ca3646c9d94fd99e3c7a34de1f37276881e4868abc97655c3
:e2f1bf4b9a5e3f2a845bcca2d056867e368fd13a3b3697ae2509b48e86a369d7
:455d6894ba44f6a80ee4a368eb2ee1c2ee4ddac4f6e3a4010ee6ca6582b6a6c3
:8e56a5ce6755a9248fa4f59ffde7a265eae0436f9a46e2236311b40ca3c85f5b
:de9c7561f4ad3647406d2eabf3622d5fe08e3d9c29271cb8fb49be8107e6219c
:aca763c68144e33752409b1f6f319e7eba8c7fc6fce943ef4ef9ad817b9b90f3
:943279f1c6e10f4c5ea42132864ad61afe615e44f8b08dbd7e789e2b4e6cf07e
:5564ed45f019ca5ee014b87760ae138d28acbeb96dfae1f436fa8568b9e822b3
:03f6a91766f87ecc125f429447464251ec7e2783b8233ae0245e4e6beb332207
:2b64b2e91ed379da0b97970ae62e79dfbc954cde697bc0938842ec1e6efd2af1
:08155ae867d2ae1a646c1bf9a07002bcf7154c268964845c81d0c480da01a6e4
:378b8b1340d723cebffa1bb3227184a2509522411adc7524242b8d16af05f342
:b754a6296ed4e8c4cd94b661c54d78da45228ed245d587d75f3921d58e969862
:69fec3ee600e6688a4df8099f12cddb2f4bc202de64ad252bfdd46aa7cec68f6
:dd55a2448a6f3d690fd11f0bdb64b8fc1928648ab9abb4aca2b311783c9377af
:dc82f145c4e7da32184def7f3c9ee69bde54e9d4d69cdaee696b5d034f2a0f41
:e42adf609fc9f5a8446cef03c8d7676693561a4aba26f4fcc5cf96f744680ed1
:6d7d4b2bcf25a709e063d3f386cf61a9264dbb45f1fabc87748d2f8fc1bb3c05
:23d5c36da7206dcfbcefd6e2e193f0c8b2ea4313aca6ac117313c84321c6f818
:8b12f04685066edef4f3e7e8ce719396261639be3a106f5d09c08bd928c54feb
:29d6fc9022bd6529d35da2cd4a77f82357dff70fa5fc1bfd34265d6a6f006e7c
:e0f707a104a62be8fb6827c286e0c4fa9c1f59ef45fd820b63d7a944a96c2ba0
:0684237ffda209f3b70433b58aa1e3d64f06aed728fa6a7db7baeccc4d8d78d1
:84a11802793c5840e2a4daf3351fcea23f76d7c45e1f099e4fd164c237b2437a
:d8801211555a006eeb03fd3045f6433e2bdfaede5feedced3e584a1c75278867
:fbb3e67ae1729dadd4067e890c3c93d4e80fd5462368a39104620092c687cfb6
:c354d35b675e7f0ac5ca6c81e2c217442841a55b3ecd77cb672365533dd37110
:7108e4c5c7df705a6d6ff911727053ff33dc57690fae14720a9df5fc6d755edf
:b0bc05f8404399565c284b3ce8363382a80e6914fc616abeabfd1957f448b176
:c093d5665c9d07ce31cc8d5252bb98dd6a4d1ece3dd4a7dacd7b4a1a74f56656
:15aa03c46b9090b1e01817d1232c9785e096e2a87c126b26dd10aace3f244f00
:652d3123fef60269e78582f29f116c4f03cf3a9260ea1db2dd29324244def6c4
:9adeab861ba466382e1f0002b18325649865fc4a709c7a5873029086cc980d8b
:d528d7d316107d8ac5e2b3275cea58f0a2e3748438ebbd6cd40d123b82458a5f
:d22b9e7a80ffb8cb68b1d099e0a10689429b2a38de304701f88b83ffcaa10020
:f3278af1b751c1578ad659e1e0be7a02786baec30a580c8284e4c2e48765bacf
:c03ae8d45ffae33465de3d4ce5130db6b0ab4ccab326c99b16fdb5d14551e090
:b31b845cb8b9c49c2e61d3bab948eb286de7e6fc3a333d0346df85bec5a14546
:eb04125db7ed9748eda99f031991e781235c74f0c540877372d599c741c3d6f5
:f15045c98fcf8b61c732fef6b61db84abda0ba2fc2a3c8ce48dffe6d9550d52b
:24ac489c68ee675a998de807124825e9acd57697309e19fafc9d953d054c451a
:afb28941eac61d6067afeb1b06144cd09d2ddee26f21a43eb96ee10fc2de347a
:6c658138c80a65cceec9cd655aff9af4500215197d98656c83553f29732531a6
:62e6411e0119a4fd8653933d461921f4645079b67a61297620afe63841e5c695
:df417caf2ca368c017d3642098b12a8e85517575e5ee16d822552e0d6498b15e
:f01d4bc3bba2d6eadca2136828ef6e8b5f8d5a23b6dd9b5869430b63db4dbca8
:a854feaf2fb9498a3f23ef92268f43bad4693e9b6d945da695d03bb3f16ef366
:5c1926a1a5f32d4043891c5a43cd62f715477fab4ef840260d5aacb64b427da8
:8dd57e1d23a293e31b647f9ef67add84148902cde821cdb98685ec1112884ad9
:d8d8f9424c524168a60ec49668f8aa69ece7e39241ce8cbfc8d2eaeb35db7872
:f2fc55989ebe294a2ab5d6a5cdbbe9398f48405cfd57d45ad064a0a43a81587b
:1fd9f83bfd484bcd18f4885fea95c19192c2a25482e927fae9145e681db10023
:491997fc21bbd113bc1fdc5c428400e2ac4d8a1d2b29cf87330917f11ba97de6
:4efc8784a3b0120bfd24ba3059a873ec0cbf68c3526cc67837aa3c1de2cb2e52
:99e1a8f8e1ca4d135274ccb2c78f39aa14278eb131ec4ed5aec12f85f7da29cf
:79cb456a15ddf86ca772f7cf5134e2b1bc10cd891ea1227a123d06ea6f69999f
:ec8b445751b5be8429738d11dee51c66f03aed1e90c94f46352241a9cace5989
:f0f6dc8f08c60b2abf777e1ed364744d8ba07588d2434049f6e11b00e38e0461
:26d3328923d9bdbc2733e0c78550afd8e4fa2a358dbd91117e9e8aa3a35b1c0f
:54fb4ba606cdf646babb55eb6dc9a30b7751a7b341a52488d0faf86aacfd1d5d
:59c5cb206bcb029df84c281d93c56e44856b20229f296dee73cc4dda3e80f93e
:73bbea64b04234cf790f0f15ff4a807f89c31db4dfe8202c19635f2f1ef5519e
:8a282a065fd8ebee2082efe8170a3aeef5fda1c549df8e5f07f5c2bfbc5cdcf3
:2a8e63fe8683a4cd2e6e970961c4f62c7356babaec8aacd15d4f44068a093b7d
:9f188854fe5983f3589302cf55d37fa0ecc94a01fc2f78eed8165c09c921989c
:9ae2bd6d2a15ca5d777ed1994cc3d9a6e30cf3ad323216d8651b4e4f2897854a
:a63e91a79adf6aeef005127dfbac99cc33908497d4845386f803dccef62d51cc
:2595515d3ca9de33cc76a7fd7a9af781dfe3f3cd4514a1a8e0bbd7d018e788bb
:33563ae8ab1dcceaa9955b395bf13f6d8f3ec5c89e1055bf9e9e60060a5b2ea1
:26b060dbd8c6c36f765e5885e3928e4d8a955d65213eb77e7d842ca25038fe24
:1c926fea26133d45b3516b17ffe3ec902b04eeb745390648c2afeccfaa175339
:f6df50a0964a9417635f3f78506e739d6f5934cdced71c4cd5e896af979c3f54
:7af5ee53b57c25a2f670640ce38f1d1f065635fa8fa1bee4e7fc08567d2b622b
:faebdc83fc92ec766e7082138d88053f153b89bad55d8493e57d37a23651aa0c
:c306196a684586a3136b7cf341cc6671296596cade9c2dba79c6e2731fb1bf8e
:e28d36df32da21ecb47331b6dcd0d8c29d2371481c777f05ac06133587531bf8
:07b87eeaf1af5eb636b2b46080d2151bece8675604b1d5d0c3b1cc0fd4d5a789
:dce7cd3790f22cd8ec16ef17f34316ba205a7a9be0dbff3cdd310d88dcb33c78
:660ba68b48e693440c9dd5e9d9d76a8d2f02e7f009d9c3d0b796d3f5c38821c6
:669960ea773565d5b7b3a260e570cba542c4cb938d5fa72c88a1a496344264a9
:70ca6aad0f5969e3a92ceaeff58ba7a636ae230137410f01e03936edf38375c9
:66d084c4254a5836f53f2aef233cb466a9b81721a08ee5f9f5af5292c27ef5d5
:815f01aa7cc20021b6ef5e061074e48a96cd55bc2637ef91d37233f487f1c11a
:7a3beaa516ca84d1fe8001d0fa011415cf3518461acf5b46cb77e5996443f10a
:534e262e27e065ad5b1882845f6b145b9d07821da8156bc9c691a0c8908402e0
:eecf5771244e0e23fcc5e2ba774a7af1af8dcfd1c9f569c36d5a26af745b89c8
:7502474207faafabc34d5a8220dd0565d1788a09d349d20cfacffd0167d012ab
:e733082ba322ce45853a99001d736dc247cfa5de56d456d7b81bfc655e0e852f
:31954ab5ceb2f47b85ef7b7756b4cf5dfbc3ae1dfc0bd1bfad4937574e596de7
:6dd65216d536a6b307ea333b23d8e7fbbb7a5fe774506910f6998c2df585e0a4
:ea0bbf517d38abbf0fc6a98d226af706b1db5235b4fa993930ff6cd70140f0a3
:710aee1e262b9fdcca98c48ab784f1d557f86d3e427a3d2b5103670007521dcc
:34a823b91443371ffad447b079f57119782724cf251acf54c448fee236afff65
:023f05ce4e4c0c0f0716706acb34a2d70f47861c67125905971a074de3d3ee35
:48f191847354d2a5f0dbb973c938054f7017c2397326fa735bca39f3097e9498
:a79cb5708b8fdb035074b0a178f7c29a93abbf5169132f9329e9fb21e513d6b6
:64cc36121d0c1d9e57937b65aa4385749def66bc348b40bb68c03245c733d8d6
:75ee2cc986e5cd38cc327dddc91a1fec5574f51c3783e63259485e80ecf48c45
:f14f7fe609018b5e1832ea5a98b9c07ef68aa661accdc6d287c8e1e502b67706
:0ff86c390a4cbb10ee553007bd0f21be3f5a0a85877afbb59fa59fd2b31ceb04
:142345221b64a8959b62dd981469508dcc8a46c5933e23bf22ffd182d8e4be21
:a64332fc31b13ffe381247bb2a0bdc1f52f671c92c5e39b636832cfd111660cc
:29b06895125fbd32f1e41623aa156b131b29c6a905983f805fcef1f67919b133
:3af1aabfb3451dae0b56aa012d59d3f009073d3b6b76f1b950de565abf7082d3
:0e0a64a681a6a50f4f926fed9d024fd76f054c234cf4dd585b2e912ee8a917cc
:7f3c4a605aa2f8449a2e0fd17836ca66f5a66540b0195ebfdefa9552ac7996bb
:a2e47ea5805327d9271485918d5d35675d4cd5fe8bb5a8c2ec378c5e29ecdc02
:83cffce16015ac1b57c366e7d697e6e0cb2bff0101c46a3597fccec0073efae7
:ca82d2e9fefbe774e3c54402924ef69b428e48dd91880d5fb0a1b0649e4a5e83
:8686ffb0e985b474709e6edcea6ba33a98bb0250a35556a54cdb3190dc9f49d3
:e61311f631b8938b2bff5ab635c184c6e43b3853eadb6abf840f4ab79d510d5b
:69674bb3afc18d5e03280a0f55b32dcf21587a65c8e0085655b83187675a640b
:402c30c7b0fd3474aeec9c536be518847b067bdd77efc94988ee0c40794458cf
:dc59cd2d123e5cf831e9ede689f30a6e47c2856352c25d80889096ce48ed7ade
:4af60827a64077ec2de98a50235dc4c2f1a54dca914ce64d837b002cb9b17bf3
:eeb6a1b7d38c6eede4a17baea7e34fc146384629d68ad2ef468b657ca75a57d7
:e30a540b39c15ea2f44f40c20c64c5773c59eb1fec6e59de2a2a67390ea3a025
:bf26918714f1fa86cbc187029020ac1117a257f28032869887eba7bb321c9c5b
:4f2f50489c33512c9ed07a9a6a545c408ead33f80eb2b1b2e11f1a7ee59b72a1
:08dadccb6166b276298ce79a47f8a7777eb57ba985f0c340b759b49de0775535
:cda8865ab2dbcb3929a0776f79eea6bd3b6174abe2aea996f0a7076dcbd29672
:3c8e5e79bcc8ecf843c95b31872e048eaf254cba45fd1e6a626b35c3b96f4b5d
:cd65474f1eece4f1a5fcd07593c31d36a1ccce3c87f7e0f9b6ddd4dbfb594456
:8ee8a6faaa03f0fe8fa791eccccabe17fadfbfe5901ae90f8078df7fa8a07103
:3cfe81bebb6ecd658393489e30870cc1ef22321c65fe637945e58f70c3543c24
:abacde6265cc23e47d09f7c641d5c5062de52e50dbc4f06e8feb51d7472f7e85
:b684a6cb576a4c6a2307ae416a553f94c28ff56016a214395fd6b139eee3e287
:5501a0a4cc3b6325dbaa85ad0ea8cce604821f4f168140805eab48c51e73f484
:d1df527e3f44b72ebc0ec4f4585f11d9e5f1bcd8e1c419fd22bf5d0bc7afba9c
:802be0f16313b91a6424270af8478faed1fcb3cd7b71c2d9804a30c44ea56481
:e5e45caab2f6757b6a8e06f4445134ba52023daf8af055f3c2cb1d4580ba192f
:f94a7278ee65a7ae3e118350ea5ab5c1eb9108e1ed161dcd91561d00968b8930
:29140577f1a0754aeaf7166238f55974697c081ba52aa8b68351a2a3da4983cc
:56948e31bda8c0fdaba6c6b4d88efba70fdf2037ce7024155d1676114a64ccea
:38118fc6f19cd1f1543f095d9d39a7be4d304e830390e5e1655f322bacd0ed91
:4f73893b91990b0ef57938a3ae1339c96b2af6513470ec9d7a015b66c36c142a
:03898aa6b35694c292cf7a7e8664ed6459a9296108c6a7e5e308749c4ae5acfd
:a1a0ff23d479fbb9c6c347f97f4994739f638e7d8b16894aef0afe12ce73d310
:bcbd31f53630861e39e86c38b9c6c18a84c4a7ac99914c79ae3beb2d63418bd0
:accaafd902a256ef3f59d7a3e3c452599154141c70271dd7280c4bf4e9501146
:dbb824ab725461c586178d2ab2583ee54dab00143d53ea7864fe281ccc6ac9d7
:16252d7d31a9c9e2d5bd5566a98bdc8de10c8769acfeeb7a3b6c1767ee29a166
:2a6c194f61ee969e54b9b2b80a38c57432cdd6d21e2b1f6bffda06fc0078da20
:462986a93b54c3e31679e942e6850f95dcfb11afb010e4e3a50e1c3668bb52c6
:4e6e68c8dc7643440080997b7d3fac71e5a42b28dae5af969f33f493c8cd0839
:faa565e9151cb4022226de6a839953ecd52fb20d3f81d5edbf28ae3dc7d9e07d
:b42af79f12d47eafd93236aed99e79c648bd4d0d5db91de81c5253de7d0def37
:86e32b3051b4ed1a22db96a2a7bfffc0169b2035482121de98eb89b53a0bc741
:6685f81f26ef76bc45aebd7a88c8c21d1058603cbde06861a77267d89797bfb5
:badd03c9644345231350d86cf06e39749648c8f5fb34c9affdba535575081639
:fbc8538f9f1d2ac471a662a3acbb206515c896ee83f2949997e030d51d8715e5
:69cb13aafb75d1cbc8776f0e4f5c5ad3b3013772196c4d85be5c54e5ee3fe413
:4887782dbe48f7b27e03434d66ea0624f87d6e36184805a04e059f55fa95165a
:2b4b3c7dacf89fadcaa4f088715e646a1af4e295aa7605dac743ce20a73fbfd2
:25d0a81fdb7f039959b610e5c934f054bd2843a0fb1d9c9c09f85e8be7ceb0dd
:a36853f5752a9c5662dad8d0d14ef2623dbb5643a51f4197615af2b244bb4dd5
:f65699fcee3c73ea8694df86988aec3814d9be6df843b2b5d1ebbe0d608afa1a
:452ac64e21c895b3aff054dc30885c49e1a4c5e626302ad431a000bc9e63913c
:bca8a04aa70cc3086ee71d09e6cb42ebfc5c9896294823cd15b056b59eb389e7
:1bb3978334adaca8705f788e96d5e41b5652a9a60e38bfe97d35bd2e22a5a232
:2c3450d09c3f748e9c14f6e2fb1e25483da667646a15446309191142059fc04a
:90d91300cfdc94a714f7df7cf41ff23b74d54378e8b967fc7538337f6d86870f
:1c18152e22c99eabd599ec3aaeab3d827d817f72557a6973a06f043526a3a19a
:cc95988ad50f9010ef4071c029e7fb1d324ada90ca1cbbecb444396ceeac4548
:b11a2bf928f8dcd93c3cdb8f205bf1a02644fa8b1df285d010f648c0df1e42a6
:e06262dcc2ddf36fec31de5cb07d83d0e72da2da31504c295ddafaeb02a32557
:2cd01d915179b0ff8bed151de8dcdcdfb335511830bccb6829523774ec8a5d92
:d2cc8307c017baca2cfb3ef662772747a9ea98340b4843261ef12d947aa3e1c1
:a13d3940a8ba5418de2431233e40cee9a23861f9d16069604e1bfc41a5135c77
:f82a7d539549be0679f9f3931657c4fd1b2b8eafa0bb615348fd28c69cbfe668
:82326490d611528093bbfbb12646b5d6b7d64923a5fe8ea2e329bf922089ece7
:a0d6ddeb5c7f4810d83a51177ee53791dfdc8979d35d6e956c4ea26fcfee1bfb
:51ff174d9e7896090c60c80477023d51d75abba62c97041147d7477f91f84cd1
:2c30c4f63a8b304412e22a726de4fb03259ba6a318029a0561b5d8dccb20fef4
:1260fb9c948bbbc40c120b1fe30cf3edb2e4706644ed606badf64ad57f11cafb
:72ec8f6be187b94de16a8946c36d5b5ffb8d2fb4da31dd81c7cfbee50653a010
:b1808c0dd0139fd3294e12db1f090725bc5cf43448fd076cde53f59bf67e0d33
:e99c8fbd799dbb52e103ad58c044d67bfbb56a9bde2cf462234b67e77f36a377
:95cb488602778cdc4e2d23094542a4b3eb3286547b910da23f2e4222f7a6b82b
:f872a2532a788efd389e0ee8ff3a5aed076a38a2c048bda9ec56a7ad136e7e58
:1fd673bafd7a0089c751b2bcc4a505390fc1441ea6e542d826f0710c60170f6c
:75fcb2cc16d1119996537ef4b4a98e790a0e86478207e69d1cb16d6cb6e04dcf
:d63bc5f4b0d763b4d7440f93681b56662ce93728e85328ba373056a2eaa1a542
:91555ff71d03ccd8ab2b9c8784d45c0b0aad00985ed0ac5ae2799571e30616af
:d8bc1253d18018ae19356d17414cfb7c2c0e47425215298ca22b4f752c10d027
:f61edf2ff27449279658800f4f307993188fe1a884bf5fde9841df593ac7ac30
:8dcdef0a04f624698f193e2dc4fa46231ef5c49125aba46778fde42633e1d9a1
:73b3d1a3f361786782a9a22f1be02701426ef20d4438745a4e041fe70b2c96dc
:79a0827bf556cfd5314558cf9d811ad72dcd1435345aa8a0056b0fe870372706
:5d0d2ae1764e0fe8a1404f310eadeff34a34d7b4504da186a0ee01fc1e952693
:4ec0fa5d06bd56511c327743214344f721b2d199c6a419ae6eadfb1c652966a1
:df879f9cc9a99e9c63f34fd53d6a4d57e74bdc1eeeed4201a77e338935b4d7a5
:a35c0cd55790cd44880191251eea4c997d1b5faa342fe92934254afb84bab76e
:52d052c297d577b29b2bc1baff5123fdf24920c4f3490d23f76249f92ff4212f
:e05b653bf37440de6370e692aa08850159fb53075f432ed1e5b8efcddafeb020
:d20387601a05578a76ef7fd988e2d1bfa878f9f9ad1322b09893198d09eabe9a
:989b42c1dbfbefe0a575a67dd4618b5a31df7e47e5bdac61280a7a5e02ed394f
:9f004050c66b5f66137a271522a28c5c309143d8283ed8e6ccbd0d68f6675989
:1a2df2a1caf280e2ab48faa90051d3b3371203c94457e19775efe3209e6bd893
:b47b13e36017a620cf57814ab811037032c17fb498b018a692c58ad98d1dc998
:35ee1829dd9cc40754da95530bb217e05c4037a2e6d4c45f6ec9ad7a264d8020
:8f453338498db4dd7a0f3f12ce4b8e804db4910560220b6765898da14faeca09
:358533e42bae7cd8ee954f1dcfaafd1bbc5345017fe6cfd9fa0d6447be05aa9a
:3c7ba833715f6961ccb00d3b7358df461d035b90cbc34ead87b0571410626703
:8dbc46bb018fc838a30305e561bf72005468f42e7e0bc167f453e141510c933e
:4ded58e5de485c510a53161707d6dbe0fba536ab3e587ee5bc327ca690367e4e
:a0f896beb54a6fcdc77572b91121a286ae8019946b6800146472c5de03c1df0d
:1f97dfacfc95fb1fc5512ed49c1ec4f36f6639180c67b103ed3dae075625f735
:421b895b67a303322446cd161eb294e90c9cf47048dc6abfe60066a4e6a15429
:c0257cddf909eb132284b4ee7d071a0a4c8d83db7a3825fff659155b742b24a8
:4ddecace447bc921ad6fd3456cec5abb7b2173160baf1930b5c45b659216ce4d
:65bd6979cec6958013174134652ad51294e82407be8dbd21043bcb7d1be66d7c
:57d567f604dc6c13433395e9e21d25ce9ca7003e45825f1909b114ea08adc9cd
:768c4f0de3888b1fce6b43ca0c1a4d464caca066f55d31523910ca42f0aecf1e
:e12c39b6800947310285ab547f624ce1e1c5a0776529763b707aff3287108265
:286b508eb7e639e9736220cbef3324e17be6adeba0fd1b1d8e44cc8d18690f51
:479b8fc4a968e517b58a57f6775ea57df4b3b1482a7651b0c15b8e84e817e0d8
:8db26936472aa8cc6fe34445401cf4b7a4807dac212bee83b33cafe8b5a26794
:8f13eee58b043908c7653c5d7757bfe3daff15f4792cb0b0e9fc1216fb48bbe4
:0e9fb1a300ccb2da3996e7ee12087ee80067d313384db91223c31d103b4d80ad
:95eaebbbcdf7eefee49e69024f2270c78a7bf2c72954ffd52168bfdfd2a9a015
:56f28f7256c96213a853b18e1e5c659a271e0e2a7ad869cb08ac726cf01a7b14
:5e17e8f03fc86d2a5a993e88573f09e46e27a0c36c3685bc7a99b165e2b00491
:6cb19e5b52600555e717cd06cf66bf1cab3b422ae7b9b37586ea94064afdffd0
:981682b39d7d27b876c392f1d700270fffaf2c0e9447fd631aee26cc9b2b22a9
:08bd727193c9e3f21ffdaa67601252a4c7ffe1b565af7154f8743d6dca96e1b0
:61d4b3c524b1c29f1421396a35a83fc04966f31cedb7e0ae9f57b2be5744f9c7
:b0f567664a2331f0afb959de26ea75399c1cd5a4484dd53650762fed48f95329
:71f030bf3a4a2d290cd96e5295154822d82dda79381d558c0fd991d50a7ef5cf
:65f09a4f40b500d15bfe6e1ba6d0e9893bdec42db9fb9c6baf3b6eb5ad811324
:bd1f1294239e9c9942c0252f6126e0bd87ef9b4c6caf3edd52c54d8cf258b69a
:8eafa86ee817493a4d83c1514efcdc8c2526dabd8b3d70ba1d4c9b2e86d075d4
:1c6babada77ff2cd56db039288aa030f00c48df2fa80ae7f9c9110c31dc3e5ab
:8dd1aac0be9d33965a70cfb0b22e3665614e51046ed7ec57d3f90ba6bfc6c948
:73df4111e5a0694789fc1590a067a1c9c3a65d13f115dce2c1b41111ce0ecd1f
:1de3c54b69036a0bc441a503e0673523cb8f191f004fdd018ec3067de7b7cf75
:ba9be0e9b2d07597af606470005d2a9c6fcf55f6d9726fefa9131395b51fda0a
:8c7b3478f399709c4d51b0acd26b4cf4a158f33c78b5b6773d8cffae512ec6a7
:4a50d126adf10e9c52bc3478534e910963d16e54c83b8321350f546f0fedfbe4
:866da267b5125fb5a91ae7d74e0d6a7d58ab06978b655634a2bd552743bae95a
:793d77d4ad6d71a0f4d662314db58d251a31fc15f0b525b526e16a4acf219c27
:bc4ba8221147351e07bca8823e0013f2f2299ce6b83ab1bbf79a5dc670f5dc39
:028e402c877317272d86e67925e963d5b49516bcc828c9054bdb314cbb56b3e2
:2ac6eb838752593f9679357e4f31141ce784d40df584525226bdb9a9b764b14d
:af815c53c000bd4e222dfacecc66a08e98ef211adf0bce8ae84d44b62cce4eaf
:0939adcdecb114d85140a31050a753197a520fb51e5618afd2ccbbf517899e44
:545add90c401671bc913983e09a6e426b170c98f355e4ce21afc42d4aef87956
:ba300690a80dda7a05a4b60aa25a3fa52c29efa193619ec18f53cc6c9acbef63
:141eb992d3ac941fcc7a4bec12af304a103a8ae23371fe6d5c2271a95ab7d460
:631ea313c0e246d4052564fceaf2a772783939b887f40f004420021c4748682e
:d090c46a4296fc129cbf6baabb3476fb91d894541b2f11f6894a3c7ac4cb5f51
:5c4f9b16e38d3ff9ea3117cc98da070293d9a5a67d8ca2ff1122046e4dd0af1a
:963b3f15e0b5892c8f80ab353e5aa7ea1d4d2242bb3784c167a9f5c66da6a06b
:377b87042b7924b982eaf9b0c1658f6c79b44c6ebdbb3a0c9bbf33b72fc544ac
:8c6ccdcdb91d071cc9b49c85306f1549a40d03e24c90faff14ea7310cf5f2142
:733f4d9c7102d7310df597bc797b595c51ce32efe15266609f857a6ea35b3563
:a683ae6ab52e8ea9149870eebf053c6bbe2f29f87da761b0d123775f19bef74b
:9a5971308a47d73e6845e219930c1e5734d7dc35dd296586c54184407fd21932
:121ebc3a003026d4077457a430acdd5d45393ff505cec318b1e760134883748c
:3561af969404d4972073601fbd3ba53f297e77a8c72bde6edf6ca23f5886c275
:3c7f5f84541b441a856146bad047a9663aa069226516fac1ecca3acb8b767c61
:5da5ced299ca5c0e1049b3892732bb4e49966f5f1b71b07327ddbedbdd1ef9af
:9af1105bf37684f58d32ab2cebfbd3d718e95a0bd4dcdfc7e2efbac61aba9640
:e362bdb192fe225928d7f94c2dc68e53863df3c4eeedd46c99c184e126fa1236
:85dda8b51697358cf319b746129a37ae1f0fe53ca51007ecd172d414784cf54d
:86f5878c4ac29cb12a9d37993e2de2ccdcc3adb27b1efc327118409c29dc56d6
:48f54d095902358a7e4157bf03597e037fb91bc60ea5b8256740eacac3a7ad02
:1d6a75a4cc37f56399895ace4efcb508536ee5f2f35bb563f0655d6d0947dbed
:f284bb555ff4a3e762c8840ec3aaf0a8b44fdd76cc79ff0c123e1ef0bf6a27a1
:8eb943e10dae70902a65258717fce6ccff1105acf8d0ce9e68e0029ed50417d3
:71ca9b3843a264fbe01f61aafa40003e9272d03f28bee8852dae0d7fec6dee11
:21350fa957cfddb85f6c450bbbf9f27a2458b4106f91774d848879914aeba414
:a548490d874fe823395e02d670da4e83c5060b31e87dd82153c4070bec7dfe05
:559ba381d3d3d50b8b1358dbcfb25365fc869d514470a23c620b11d6461e55bb
:06448c3b2994d47d37ee7b53b56df06eefe91f4dabd426a080e24d668f4bb4b8
:74db007c68a48db1848176cf21ca4a59f4057c2ca4b81edfff72f38ec25589a0
:b1af32815ebb225c343b9a9104d892d50f8a71217267ba9852db9b2d89400f8d
:0816f7d36dafb98d991d82f50b90a27cfb83b20a2c9b38607537d81b4fcab157
:7a86c9605271f117aae0404be9d2280887447eb8be0e1f626019c00f0c0f2d69
:ff11d3aed90d8bd2c466481e96b2c794fc2a78b09a036d18fd62972077607223
:176a3fe99b1cc0c9e400eb03e6108486b3c5a8652309558ee2823535506be851
:a5365f5586668fe830a2bef5ce2f034d65288b325c1c656afc1eee587e0ec086
:28424159c7759c39d14df4ac6aa7f4466b6eeda20ac50dbc4db64d448a7c1a66
:8890f818f83f7ca451f53b8a1e2b0e552126ff61401fdcfc670c1a5e53a8ca84
:90d82e68b9a650b917b8a0a57c20d1aa4222dab1b2ac7ce48a4c02b9aa853222
:778ae814c53291f159cfdc68aacc5c603de737bc974afa7e824521ec649cf9c0
:d25a6a132b09f22fe0bc31e7250d133bfed58d1430f04805de51cd48159be7ac
:4ff62eb8645ecd83bac51e5259d8c2583900bb79023a03a6923f2e87926ea5d3
:f0aba929346cd02447823c65dc7d9d5e2f8d64a3ce19bb8c10ff7ad8df8bb437
:485f03b6d0cee8522e5b118dbeb226ff6a6fe2eeaead7bdad2d4d154deb3badb
:33dd98ec460f121cd308ecfe81e43db6be5e6be314d0db1ae4092fd529dea3ca
:db3ef6bce022706b6dfd07805369b5e2fc9feeec44949883586d922be2a87ba4
:777a999bc23b48efad050a395beead8df6dd7dfef2b131ed30654b034123ce82
:891e8bf6d8f5f9b35083f11796f2b981a7cc36b29e109bfd42bf848916a4d0cd
:dd41deb6cc9311da80ac2a08df9520f5dee63c80c6cdf4145880375287ee54c0
:60e31b76bb78c1d2366e0acf085c56dccfc860d85bd6a436d19a1ba3281dd077
:e0744427c190b018fc85635c9098194701344e394b39a965b7b51f59568fd0bd
:eea71a3c5e56fd754d6cf596bfb30d54a3789f5d651675306a23e29bb13737bb
:6f6840b3c22e9d85773f3c00e662ce0471be9485fe095fbb763844b499421ab9
:fa73bf7e3c3d2389e1543c26344f16b99795e6b137d140e596e55610e5f4c9e2
:d2cac8fa0e5c4b4a25d3a5fb80f903080f4bd720e3b5afa840ce97785c791c29
:bb7ced6d2fc68e3921e2976a0b2fd420c5d6970dc313cec27f667d9d5e2ea2e7
:0206162f5c024fb9545680c5a53cf8ea468bfa027cc4e6025eb02ca098dc8963
:25d18c855ee6a76bc396973852c1e1472a68189a6d9cc5eb91248315a66046bc
:3f7dc78676854f20150dc6365db7d11ee10a205e918e9b7bdc4f000b3988c5e4
:7c5f7687b2698193b09ad79473e30dbc342ff33b53197311726e100235ad16fb
:603caafb6e4d9cc5a365f3f4c0a7dbef285f235ae37bccedba23260955ed1eb4
:ab952340a49bbd540ddfad03221431a6f2fbbfdc0ef7df8eafbf46f5f57d88ad
:b0aed0fd50e62875d40194b4845fd78251626b83a4a749c704d7733314b081f0
:16710fae1bfbe71011ea3d21e45a35c968f16833a5d26df1691cf77cf02c228d
:fcea7af7ea93c4d6c528dd40f67f973a6a8414535d8120f841974d5f6b246e60
:391db2a9972573aa30b9fcd21a9d6d73b7fc6eec21bc809c4fb84ebb0c4f7a13
:55352c962415c6d059d18c5e0b7d2d04479053ca608b682f720e898a39186404
:77cf746c48f828f5a49ce18b8d2d81670f9e8c7c9d617484209b9de89baffc9a
:f463f0f34982a761194b3a410026d98385a75b413036489cab73687c9800e603
:2f229be3bb7a8a0bfe672a7d6a9b964f5f7f13de894ae9d35e2d615c94425a40
:2306a5e25a3781557f28d0fe6b944ad06f493f839becb2186b5588b9f0a393c1
:11b73ea4908bee13e74113f0668e728b3879ff2814855119329db2faa2339836
:c5c39753107b86bf18348e237337b55f5c4a4c302691b0ee95b97aa66820ce99
:008922ac5be39321e3bac6f11f281731eaefd76fdfee0fc4588d73472d76e0bb
:f5a5ba3dbde00fe46dd8d06d8abc51ccdaf6651ffc49fd0b4cf89984c0ddb20f
:b80c0a0a2c8b6470a53852956b2151c21e3626f1c8e010433d05f2718efc3db2
:a2ef3408ff3a630b522bc2b4636895c7e4763471a9e073d7482ed7fba89f55ad
:facfc5354ffd3e4b62fde753c70589935864e201934ae8eca0768224ec14146e
:75f176e90383f394e2a63e8ccc84c8df27303edbc96471cfd3972c5db7487f8b
:68152bb64cb753afaa91c7ab923c1311977068a185a9d81b25f45f171f731413
:9d08fee2ea1993fbecf67dac2803740d14e34d1ab03184854b2010a2fece27ec
:24ee88e713c18e889a5db199466b6f37c6ee706280301382d94af8c0bc20adc3
:64e96914915c3532175d874b0019e92d365e1e93bdf8406f5b4412145e63e2f7
:97e7b26a0992b49297701844eee4158e64685a3954b71efa91a5ce2ad4b60084
:0b548129cfc66a16a650e6545a63c249770aedd18e64760e2b21c5de9a0ac200
:dc3765572423cc300bec548985b50f636cf421eb4ed2b0eb0af6d71cddc09b4d
:cdd299bfe3e23d52a2fc2a60f786d38a529b60dc712b1b9219c7944c1e5c474a
:d76e149a719f42f13d753173527047c56cd1ffa7138778bbfc946c5930c8a8c6
:e5b4ee7b397d40073ef456b2b755e8ebbca97a744ed901be04c7ab13ea34f398
:c55d124fd02fd4d73341bb087e67ccee4e08033b6d6ae9232c1e84fe202ebe1b
:d5de8d3fd07601e7746fdda513d3fd6b146af66df731503813314e7974776702
:84d9808172cf167bc3eb1c28cd0e9188f1a7d1a76f075f102c012728a2a70cdb
:5c869d9aa283c3128b0ef77e82931586352b72d37f04a847da2ae3184619391c
:d66b7eb697ce2ef2021ed54b1cbe55052b4f697d9dec29452b39f0077801b614
:b33ee5370a9ff9f5530111d1a5feb53474a2b2eeed8a98290ec5812c4530f39e
:2d93389f480196e7383438de2fba734898b58e1e29659dec6bff0c2c11eaa453
:6041a2e2155c1677173b52ba7d74ef7bc3a4f669ae2ad8934230cac9def65021
:da95482e4d45f8420c39913514771e3837db2e2af567449c94d343577380193c
:b561efb37ab32a00e5b22305f6ab50cc3faf54811078bfa47512f03f4345cc57
:eab24e8d5ec1b8b09b6628e40211b66ec2e06806068492a559af94fff6b727f0
:90223a9b44beff6d0b33a087df6146fb489bcaa22c1ce8f91e260bb1789cbb60
:831270ed2e2e7b56dabe3b1bd013b4a57e0a183e78be40cdca5e8d1dd64474e8
:d08311544671ea41b614301e859522d4b1436a7cc8a5d6e33957c153203c1d2d
:8ddbae0c34f22de13cda031cf1e5143b99fe38720ca5d4f1930eaec66b5c071e
:0e0d8f9a8102ca45a567fc98a087ae15cdbaff26708e165475d6e0d0b4772f12
:f08a6de00410934607870c9fee5d83d815e34b354ff205aca271a1d2aff49964
:35ecf3dfdef5e93190b8b27f5904afb0d41a8eb06ec888fea59cba9d4f7e66e9
:f0b9113b12ce89624af0165d31e3874be80f99426023146f16d016b671ed1f23
:534660b565baa7362e91aa8ee0b4a7062bf6e6289d1a40f3a24fe5dfeb4b5b30
:db028635bb85ab5209c8dded165294a47b84324719e0002796927f3fc12405fd
:9a53941f3da984a5a4662d4058d1ed3174ae287ed29ac4d3b7a46a9ceeb858da
:3d903a6ebabc9395e17a7f5c00e0f1445c55d0029900ea27a073cbf2b4fb376a
:fda3661b05b759bfcc1a62b3311d8ad746e5b07467d2bd23b41677a7ba74fff7
:ca89aa1cb3c5ea171144721076682b174d3d3e0f8169996330cd14f15f053390
:9aa837e087772b2742e9cad5f7959ca174ca9ffa95376396da5026c2c7dfdb3c
:00f44b08022196d00bd91a2f4e416ad43a48e600cf3dd2203e302436d60d3f0f
:d8a38bbdb6f7a8ce7a1a99f0b893ee0a130d6d5968452f37562762fe5f5c2bbb
:f7165a25517e48565f170bf1a93dc95bd9906f60e4bc68bb5a0664e53092eb27
:693cc72a3ce986b0aa01a2cffbdff5f277a7d3c2c01b6e9ec9f20f7383608654
:da144d4c5991f8661d4fad9f45ce371e00fdb0de4f85c043d9360a1771f13bd2
:e7f6a5744e76b4c9c5657036a7b48b229267d9750b1f0b1787482226bb1c4b86
:595ced514569a20d08edf7d9a33f200ad7d5680806bc5eb27f0bd52236471c41
:ae60f6fbed9d97e6a3b97f490c80c1dc409f93d2e484389c83dc22be64592685
:dd920b9ddb365881f8d46e486b11f5bc4f92755ede372de3934f0041b6e2bc00
:60dc598d1f68ad9e122ded833a1a80a61391776311173aa81e0226210dfd2fec
:869fa7385e158b01f8a6b4228aba6eb601277c869ba6cd9f5b27080e8a5c9ecf
:1d5d067f2bbfa9e6f450b4db7f01b9f1e3cb7ea0de2b79643b96e09c1a5148a8
:2b23cf5d8f830e162f6b13927b72f2ede928891887fdd12b47f397871c6e0f0a
:bc5e23be0db9ff4205c9341230bc33a2dc766ee8167c113db137e6692924f91f
:608a59b9fa71a513a6ead11a3ba5145e99d97a00c4bb647c5be0573fff81bb30
:0e8840c668eb26a11358469d5068a5765a0bf63ed7dbc9f50601dcfbb11c788d
:071af7b3acde4cdc60709996964d72c24b29199cf43880360fe3350dd1053891
:45c71c073201c5dca1a8c2c30e9d0c5bb39ccffd010b5ec931d57a4b79f49463
:b8866782c8e4761af2935901d2da843669a24b065c19e1f97ce0ed56975f91f8
:541fdee941647c84ca046cb4ddb5871e1d4061cc3082e91c132488c71dbcb49a
:36743bcd17bc43def582cbc417ee1b51dddb0f158130159f4a14b9bc3f3dd8e9
:e305d24b3bdfd54f556d679382a9cc8ea8cfc95db48ec4ed58c118eb0101f7ec
:061af25970eb1a8415e0916144519ce29fe45dd171e2845603fdd80eb7d15006
:c25fceec6cd5cfbf39c3bf9f5e722c4cb736ce28945d2882d0d90a3148da3cf2
:291ecc1209dc1d1134467223bdbf20f79d8b42614f070a21c07a0941f988b0be
:0cb6fe5a09564dbb7440abf9ff5a6da026fcd63849dd96ce5cf46392fd5ad097
:cf88750f7962fce2b1d56000fbf54619cb43ff79159a80ce5f5abb196e4c4c49
:d0b5f8bbca7656c3b00818fc678e047ea6c092d85713d5c6704717ba9dfcc748
:c0bc87513003bc74d2a8a48dd061cdf6d90da70d8609c2987355fcc586bc30bf
:31f1ec8596dc4cd38641760615f44db44c21941c64b227c255027fd25d674317
:13b347301854c6d6b41a8ff3ee9bb9dfed88caad075425dd007565bc64953b5d
:2d48ffa7e78d2af774261c554bada365b03557cf4c38381d3bc8735d35bb4391
:04ac78d7e702d7e218ec4d3e685f80736651f82b8575dfdc94cc937a1da33ba8
:b12717ab9d13a813486001120c5057d42dcc1686a080fa88dbaeb6ad7d0d1871
:8ba94be5fb95375ae726545aba6eda72e4f09400cb164bcbb58173f68025a084
:833731468636e4cba9f44eaa6c86d7208912ca4cbfe3a22154511c0215f2ddf1
:7384f7e654358f83c4f776836d495738f0b1b4c5b074c3788804bc3803e119a1
:408d2a8e5d0e4d88e44b9162d41d6b4f8f20fa126862630eb9bc29b48c97737b
:5211eed9a9bad011ebad5ef25ca5ab3975eb5d2b82fb49db430b0520ac5966db
:5e78197ea2dcc8b8d7aa6074a08fd43798a6a61986ec7c6c20ae3a2f588b3e6c
:7211a7c787dd7747da25634e3afcf3abefb574e051706a4e84e70bd9c9226913
:44c26e2aa209adf9cd4c46f7a06ada58e540fc0fc1c865a4a519165b241ec526
:0ed5cfdb6937d71e2cd42502c8c9890c6b7ea5176e0685a86d56b60e77ab3f7e
:9c9e55dcbf88e4c779d19af2558054d5ec20f7ff34cedcbfa1c7270b844a68c0
:a872941b9e3b7cfd301f8a19b5aa252a9955d8be603010de647a600952704335
:00dc244ef53ab3a2e3ef87dc4f6f69f958fb9ad97a84a58abc14d4dc64f31511
:29be59bda7923d7507973c1301ae9cdb58eb71e5d9ef1117bd91ce1888aded6e
:dfa2b452c5e5cf82138e9f9dfe0cf51196ee6365cb54ada0f504113fd8353ef4
:756ff96ce7138db79f750f12059dccb633e081c62ef2cf5bc0fb28d454d82dd5
:450b5cf2017e52f0a51dd3adc1b1e1a7900487413db012d1221a76c77c3655f0
:4b34b6ce9fec141010ae35b8ab6025be54c0107acf88f0801296b05c5783b4e3
:346e4a9b5c171bbf5a9b09293325e3d13a7083226e2794b96e95aca8a7819ad8
:80e84696aef2e578da37e95fc527376a13365123c5f9099b8c96586d5ee68a85
:b476620f7db7b7cb30abe61034bc66e887bdc60637fd572bacfd8f2496e9e9f2
:09ff51c59c25da3393bd42992d7c837a2b851dec5ca5290d8d414da765af769c
:f830474006bc58d812ce58c7bd7be7a9c87653451b1c7f13edfe0d1a05301845
:3063de47ecc170d09f1c7dc8ea7c091464561707f747bf11855567e54bec2728
:df3596c27fa6eba47df687dc80c0cea96843891f3ec1ac214a1b0d4e6819a916
:ac926a03b0e2889fababf82d6b7cf07f7d99229e53b1c451100c6ae0e473d1aa
:e6fe2af11659b6274366ed8ef44ce8386e7b54928e9d58fb86a085441fba41cc
:ec5b0f3aa98a3e29336d03c9dc390c39ae971eb849eee1f1f8f7018bfc94d0f7
:eb40d292cd0fc04a1d34a3e1127ff9d551e008d7ea2168edba984b5b7f8dc258
:508196da56c6c71e051e4f9abd2cabbbd89e29ec4b809daa9214ecabe38808d3
:5ec8112946937841ad6a3a3e7d73fd232ba970c64eb8c9f1b0065005664bcff4
:2a838bb5651579f840c8a257421876dfee147208b10943ba02afe5f31adb749b
:6fc0e870efe9bf870f8d4e127480b702aff1d2a0d4c22518f8c99b11fcfdc0bc
:d55f15b76700cc475828d3d8bf465404ca257ac865c5dd82dd28a5e11b959462
:f753fe69926266ec6982fef796df4eda11dcf6f14041f0a94628bbbc6fee4c0d
:4c682010ecf07a7e82ab4d37ae2a8f27ada45307d2e4d1668ba10c6341f52f05
:3a117e4f703425a4a61152d418fb4a8bd692d260b7178fedaa5469ae837d006d
:21afb3c4b063d68d00e4b98efc62d3aeefbd79a068cb5a7386ad0cc2e3576870
:a4caa21ec7a56e69fa0e36a95e1c448e801582a8166087d4175fa970efe9fac5
:68706e1437e99fa91df72af91fefc8d68fda77fce43f94b8f324d9baedcaf1fb
:bbc73b840fff3ad49af07ef33c355f0d8fc0ea168f703f50cf74346ef68d1b50
:9c5873938d41241beb0f57273c1ce89eb597d3736c9520a22190b3f0a9577067
:b15a4a13c0b135820cab7a750eca2e18937db497f30a65f5ba3fa4cc736f8538
:3cf5de482a2d0c3809c4f731785579d077a9786f6d15414220b651572a9a1b29
:34caad16321a8fd492c6cc246b82e3b86d533e22adb3d1dd8bd65abfde6821c8
:1071bc3fca6dff3192f72b1efd0b4795ee4143c359f3cef7cb33d61780219b06
:c9e58cc1b31d1917bcbe8d77be9b1fd97fb1356e04358525e3ef7191d2574f8f
:f2f367829c0c6ee62360263e388a88599aaf91c228c283c31b904517854d7ec9
:8433394ce9fa592561c5f52e581cd4e81bb7c5749def99351c70f22f2393896c
:a276dfe43b9aeb7ff7f7d38bbd7af9cf89884cdbe009dd1d88fa4e14298feebf
:ca9d7e9c0e1466e12a69b810e8575a3ba47fe346a61bc8d27142a67f05e35664
:c54e16978fe97737427133488cb2f17074e5b27f768b1c05748038d3999e1342
:8e0adb150cd9c8179dd60b808a81db40bd87a68f1fc6f2500ca99d8df178a746
:d3f8262bc125611285d0fc264fa0851f21dc91717f91e403b7a083cd0db56c07
:c2a091bd3d3e5914643d1d570a5f2abb61d5e2e0452a229cd2f226fa5bfd730e
:031e0dec9c284c48d63e7024363aee72d6693ee45c90d073400b89d30b682514
:1b3d887f29b3dc62d0c84d32f862452dbbe8b46eae42126da7c82e596da93bd6
:b26304118430be3c42fded3e224fde60db7f6912106db3328b34ec39f1eba084
:6f4a1a8b3d6a4646de436b591bb9875eb15323a44b7fb806ab0a4f25bbce2e1d
:46e142f37cde3a40d00cc8ed5b1e511e8f911b95692c6ff397f481e7ea197158
:e73b3391132fcc7ee8071646d18c02074d6cbb8ea40f9f33ba48aa30997e2974
:0b7f0b417c29fbd55a57b92e667c7e483022ef33eed37e933162c8855ce6e15b
:0c61bd08d64bfe134171eb1f0995d9311a9ea1bcd1c6bc1b9bfb156f4dd3ac44
:33a9f1899e8c285c281eb2ef76ae7f237cd6409fed01ae4f979905dfe13b927d
:9ce9b00f9382f2b1fbffb7c21d504f0f8c94e50e904b523d3bfe8db6eebe5d33
:cbe92b2cc18c65d2ea306a8c43a917dc753a8b3ecdb050598f5887d9a7837aca
:34f6b588a0328317519d939fcd87147b3b896743b0d2c769b8613319d696551f
:fcdd105fabecbc83330dd505f0cbab98be229c487ed28624502b666cd1abcd7e
:97af5fa53f5d0f7afe7db6446ea0fb137123d74d1a6af6377c6283650dbfd8ac
:2e41f1d69593f2b8b71dbe103c67ebee1f43cbd5eae632efbe1c2e02f2588cdb
:ae865241a70eccf753e9e30c3fbc6402c7e4b7110c121eb7d7de8e554a55f7a9
:4ecf14a97d0a1fc4915b4a397df1951b308ada7f3eb89b067d0d67baf82f053d
:80dbb809a7f26cb7d65b075edfc7039e65a8bd337588ddc6648914151f53a92d
:0562f8ba5046283a57242e1e5be5e543ec955ad37849e4bb09d4ee8736745162
:1442b5268c0455de59a320d5afae6ec89f90c13da6335aab147294ad549145ce
:53ac2cd936ffa93cc05e668a5d8abdcb59bf80bb6ba4881cd82fc329b3f6cc8a
:afdd52e6cfa52d4446bfe134a158a14c05843aea3f8111a37b437185c110288f
:e61d3cbb0fe102d65229b3f623fb54eae5ebb0bff20157ab1664c9aa3c3e5a87
:f1e51bfa5045c5fbf69ac6b318b95eddfb2fb945dad137eb295161f46832ff87
:f8b5b185c2aa9a888d28ceb123b3389af5a2fd96fa7031cd2ea739989cef10d0
:325d607e077757294281e938c40f014b6281c6424ec551b16b38c46e5c950bb9
:4ee9370792cefee7126445ecc1a5c12dad57982711518d0f2d20cfa40524ff04
:40ee780148ec8c9a7ac60fc44ef85cf77d4f7b88e67d565845c34f0f2506e7ae
:3a6a41c43986f5b28c015d35e481b3a365b47fb44b102b9f8c1eb240f34e0945
:56e8077df1496776d66d9c8c8335ac7914cb8692a702257f294d903dd663dd2d
:93f84b508d620b96cc169ad450cd2f6203e13a44c8904724cf35afff856a46ec
:b473ff431867003b540278f568a5755dd29459418d722af831ccca087bc696f3
:ce173b1b51bc882808857d1b240e84df7966d29935109c2abe6291fdf8ccf06b
:14db51bed567f83dc59a57c236f75a78e6354cd07f672c579f26772a4dbb8515
:44c0a270a889b7477b228e1dddd026027c17f0941f621588f8e07b5431a88260
:c147d1cbc4acc66ad135617699a370bf0a2ae664654ca63afb55961536050df0
:879f6920838ad0b68703d2d345d78f51886804d7af5b21dd1ff4f28b47cf95c5
:8ae1762d4df695c46094525a7fbec29f30ae5d62c46fe44803270d4616b88cf4
:48cb658bed5444b8d3dd08d79855f6acd9c5affaba617c8ce8dda71594905730
:204e6854a21a5b5cc435d9bf626a2073f3dce387509f031513eb511a604ac925
:33caa537f799e31b5701708fc253a80278d262f9e32c3a6da19c1b2bd3c87aa3
:9d47c3d6a5fbab27812083eec62e0fad8624a318b4855c043f1e5ba053fb5052
:be9fb82b0664dcb29907bba7f6291a165501d973bc324477e262f9cb3af99544
:a71e38c3bbe816cfe81aa6e4b3840c12487bb44ab7b47724137df950ceb42016
:3e8c3f6266b0c52b4374a816c060052bd9e2f700acd594de6e2cbf98fd2e97a3
:eb86ce1600288e514524dd53e96a51511b4599d7cee079717d7ad2e291d16b2b
:7152986c16daf260aaa5c0da43443be8d762e6938e9d6ff1a82fc526bc9c2444
:68f04d8266a66d2137c40adc601726f40e1c3f6e12faf8c57767cf2dfcb28383
:230531b97ed8a5653be400cd11037d779452e2dab483f2ad89a743931f6111a5
:6fe00367240317ca35e906d2825b2e4cd7f593bc0d8c5c6f734b02f6cf5b52a6
:1f1e1080380228976c7fa8c73775b50f833e0319db55803b41735a5b87e53278
:9c06bc02871dc1ed69d6613dc0dd6afe66cb4650d8bce9201a6bc34a38d74288
:b3fe707fb98534ed109b194a33f1eef3df0e8f42edc32d01bf19eb102ee786c1
:b10ceb8b31730b39055760c399e29ea28705544860d75cc7a5e65a37af92a864
:42174e8501f4ddbc6dfe597d779d82d2a55ddb9bcc5d0519d4d5d45e5334eea9
:64bbef044d5d3829935b127d6e261abf9827fb15217520294bf823c342197414
:575610690f8aaf578c5350025d8cae15ded4d4e5133f8d7f9a4321cd6415e563
:93c9022ecd29933e6bbe279f039e98ce0dcd70768d4d309e3a448b7f92d30722
:c725f1a36ee3b9970b994b9f0bf26871c339c98067815ab7c4dcb26dc2c5cc35
:ff34197ab2dd315c7c852a76d54fe995d4332e9287fc5e3ea5f7734495c89531
:ee1244e02523c584955f7bf16b6bf244eae84f018b55c50fdf2f0c09de2d51f8
:297c45d8425c0f6137c10639a7e791f28efc3a07ff9da0f7aad1df9525508e67
:ad37f1da1776f1eb8185d4cb5586dd4a2c17201aaaed0e97e2a544bcde221452
:e3a277baa6aa8fe9c3f83f2c71dabdb54cc88297fc9b3483396037d2a5d8378f
:0e12c4f53362e8bd36bb0d164c268463ccc19590b57c3ff4f05ae760ebbfdd49
:905bceea8489f4ddc69a68ca089e322d370e910dbc262d25b52e3264e5d145e0
:46f2a77f726de788163de1f7c5d3f47a7f3ea82f7d4f95212871cdb5c85725dd
:38720d92bcf3a34fba8860be49d914fcf721172203e5e0defa1cabcac8afd1c0
:81d0140554ecea42d40cc4f578f6e54db34a495468f78894e70967bbeb2e9006
:329d6578edd03abd055c79d8c053161b698fe4d0a24de38e8dd235a0107d2a5a
:a85a3b3b62436eecc5a694bf53a405e604a99a62aab51168b52172841f1dd139
:3bcad27a1bf54cb64b9bf5874149eadf251cd3f1c2160506e7b3aab09169eb97
:1444ca3d10a1e92a7e569bf79d7a359c3c462790726d0d779d379547804381e5
:dcfb04c25929036823dde85d89d03aac9ad9f9f44c3c2cea1b43f6bddce130d7
:42c914bd7a9fe54d8fb785c07dcfb74f75fd32a77ca10a4c24bd34570c111f63
:3fe3f609fe38a52bb4528b7267980d27d27df42611f7b5e06861c4d4f2de16eb
:a938741f249b1f3ce1748216c1b79b19e89fb3b3cc340e7fa1489aaf2b8bbd0d
:b66582cefb764e57d5ceaecfdd09f25ed141c88b3765d83e42542e55518f1e42
:a8e3a5fd975e930e38b1088e708f67ce20ec57341b4fed6f3d71220434561fd4
:f5d82ffea29905e9a9fd2e98866f5da97947f7cb54a86f2348ee4999c10646f6
:ba6ccbf53b90258ed4fee0ea93bd493745b70596639e67d19b75e70d78576618
:2b8af133ef3b1ab83b4149e39fa75423caab8da25ee50d03d44bb90c200339c0
:f440c8c17797f735f683055d85b41f24fb8bc4458d4da6afa487784919dc30b0
:2fb306a33328b06f8d3f04f93765d6d6088af8168da2ffdee4be79dc81684ca8
:5e6a886e6888bbe481b014082cef8acb197c23810eb6a5621b6d73000a0fd3b4
:5413b147fad1463be22ec2f7828d428cdf66d433d5862f654a532ee73945c5b3
:d2daf41895f2c0a88b7b25b8d073ad7fd8835d61a5a92fea77873c45b3afaf49
:c2c0abe352d83fdf1736f91d3061c7c43ad668a74ce6bc34bc04e518316d4bd6
:9f1908c44e2ee5e5fb81fcde89db174573449b227bd24897a4161bd00c3d028c
:ddab558bee542f894b6af0c69ccebc99c15fbbd4d8e7613218fd675d287a1910
:7b4dad72c003100cd5748b4c964110f71bfae44985ef0aa8b590c1e7191b599c
:43adf99212efc011272051a10498711807bbf7f3b529cd0576b926fa2c839306
:e5b07168abf278ecc0144645cf22d91aac878f5c9cc28b3f512143a22c5cf900
:2c0d96804f5c48626e2e5d5fba99c508be2aaf681e0058f74941e8cb0ed51228
:b4ac86d7dbe9ce19e344aa75b05e1829de2fd82b5f0299dd1014bf06e91a58b9
:cd68127d8b162097d427301c838d099cfb70ab7c8d8cd12095b8bc4316bcdaf8
:3d8781279c24bbae29b0d769ff5922ada9d66dd40cf2fb0549aa9761f0f7e9b8
:506d653566760c6ad88009ff5945592dfc507d21a0ea68a1e483301411012cb6
:0ea647e0c29019e35c237f14eb26a17debca3abaec968c697eed69874f2709ed
:ec25a54c1f3563c4a271806de51e71712b578cf33bc4f4c57d5e231a9d850ec7
:d70c61b8a431ce8dca9c4d87e8aaed0993eb2ba5a9b275f05e23c65d65cda5f9
:8f40c0ca544199ff5c739c216bb48570c5639765c61f1d6bdc1bec1763a953ff
:cbcbe3b07ffc29fb1f9ba91bb91aaddc8607fc29fc7ade477ff6a81dddcff215
:e32d9b64e208ffdca9d06ac7e7ded664e1d59378163b2199203e2995fb5174eb
:c85f3db0b92f11a59221b738ead0d5fc6df30713e87df6c801b6254977269b5c
:ce7bf206361c6c40bb938eba75ec1ab6970109078b1aac2bfc262435e2aff0c3
:93080971d3743f86a051051570ccaa4a11457317d6d6e2cabd20913da4f20e66
:0523d3931ef2efe5c4e2c68a378a510ad3908e0fe2ae5201f0fe39b17d869794
:48933c470c467e0bbecf47aabf1a510577a4311141bd4a76a3b4b52bcbcfa4c1
:0bf6547b46311cb5270f6b98166781a0754a5b3824e879c7b07329457212ade1
:ee36417109368234af40776fd6a6bbc80819cb352292262bf08269f2c48abb97
:8f1d9ef752a695baf50c06484593a3ad48d572416d68bb0827c6dc5b446ae01b
:8ee8a4ba249b37743c138dba8f68185ffe0b16dc275c59004cc49437dab782f8
:3fc924d4d1f348d1d5ea79d6f7ec21445fc8e21e23d44ff31b25106817550004
:9ea246f70f89945d76ad30b11cba37ca6c5cf88034fdf40bb052369edd3d3cb2
:07475056ce28dbefc734370782c16c1c47860ae3a8c985bf3e3c0e864ca97f84
:2e82c349a26eb405787f4a74baf4e2d0be1120a6d65b612e94db0bf299e6ad3f
:bf180e03c72cc180749349fe2d2199e6a3b0002d9b7c9843e8504a3e250616fa
:aa4c64952134e12f03758557af4f77a15d7c3ae82bb9898e7596ba214bb11aa4
:4235b809808471e7ab745112553c6eb651627ce4a5bc1da4832187281de8ba70
:263daff751ab35680d3a2467d402cf5d7a16a7794ef2ca6585e71e5bdef9dab1
:f04d5311ff72afe389ad9ab9c26cbe087220b195bd79ef841f1ed989ccd84357
:96f2a25bd2137d416947292198bb5c5e96201a886d9788acb53aacb29340d81d
:57d9321cf933906f03d2d747af40ad6e0de13e1bbc1ee1e001f604a170dc705e
:541ee5575c968dd9eaef5051281550ee022411f27a9df0266790f3f5221e974f
:be37f66e5d5e3e392c241b9b6e0ca3eb4ebab6b0d372bddfd4ae1b5cd28d385a
:658c04fb9abbc915c6356f68b56db6ffa0a4a55f54dda2f800836e68bd90897e
:c54e06b2b1e65817c0bb26c01215a2237fb345c3f24fb008a72bb30919fa8550
:d8a3175b84460aeaddaf2589bb6c734c5d59bb5e194d3157e7fa34bdba6e5155
:c6a4a58df56a60b72472a4908ee2b6fd0b7a38d7e6efea7ab614ed5717b1848b
:3992bb6f82b65fdb177611e8d8913a2ea8f1c9b2fa4c08e0b5955cc183386a8f
:db61e5dda3ea53bdf08481d75888fb359525ff7bed3ea34b4a4e07eda103d9dc
:389bbc777ba6717d96b1970193fda08186336191e0ee359bbe404ad4f6029754
:95f1c560abcfb4f9514c9571e09f99ee42f62bca99d82964260002652234e6ea
:07d21a709f5aa7a5186953a23c1b7f21f1ebc03d5c6dd0717274ebd92b7f6e4a
:6d3f4e8cbaf5e20cf3602f7ff2c2aad63124629f4723ad7770d226d0beb69437
:f80f954de5b576ed8c153bd8509a860fbf041109f8db58cf35a2b483bf8b616f
:750401064c9c19395a1a2fae9d2ccc0ebeea79ee08daa61a88aa94761ecc0a6b
:b1bf11c05fa1391efa148b2f2108aa57e76ed93428b4870337a15d7a46e5a512
:7dd04663048e17c371f20e715c08e299fde70d133398c324b97c60604b79340f
:27ed83ae5ab1ae1ccec78576b4f23b959f4482a960ef20ad8565836355132f0b
:3beafdd65c43d4ac8ad32a8aceeef4b5a28af69c54007ada129057e9fd9065d2
:1827bace88d4517fcba263f4d1aaf5d82261f011345ceca11dd23c2ef3ef6a9c
:a5af97fab57fbfaebab0518ffe2b92180318d14472d5ab68f5488157d893223b
:b0c077d9170c6bdc8eb53bded89bb86dce37f0611a8a76b7f0336a32c9b840c3
:91e08b8bb7764299ee49db841977412e446d00753e0dd643a83cce09687dd2f7
:b146c002fe61fd0432545ce4662e74750d34572721061235c5a80282c1291d30
:74313da44537bbfb08eb53afa225a8e8c3cd2fb08e94d58d3f8e68b15d53517c
:94c495e75698cfb745efa2b7c3a94e9425411bbe2e9fd5904b371062c2196799
:b22a8117b1a5ab428511766d8ee5af66264ef61bb34cc565c48bc2d5a5892f42
:f68ca33a3f8711be5107c4fe8ec6d04babe7ce17370a161b545a265c969879bf
:58681e8a1e3ed115ec6e3cdd20d37033a689bcc50b5f8323fd4f26776c90c151
:98bff5aaf3fcba62ebb8c980aebaa28d437ac56dbf642fa29aa7afb9b20477ad
:9755ecdbfa5cada51406a38b378f339639fcb05ca4831fa5773e7ef8a7bf8fde
:0e6378a0122d0a37b6aa3cd68190bc0d4de747f253ca5f55e49b8aa0b99b39c5
:1d9bba22b42ce9c731764cf0737b318b45e94a7b6e0f23f7042422cfa0387b3d
:cdb336221f4f9a36998ea96a2763eb854be2af0b07b83dbc02c2a72efb1e4e42
:1419447a4f6fea744de490b9b96881ef3ee4b13bd2645612b6478128936f8ebb
:49856a9ded3f98fcf7a68c34bddd4284965a9cd07b81886ac448757ca4cf5679
:f46eeb74a02f3dc92bde4e3556d220dda8b2db8a09f9c40a777d785e6a4918bf
:0b8a662d7cfa884f85055bf87dcd30a555331045ffa22a5f39b09cccd53c3de8
:6fa4463040f1174603eb1e7f3179fa415c5998af80c4494063b94f3186ddb208
:3184b2773f1529315836fe2fae15f3997589223a42ffd2a9c962ceba749befc2
:c6b26a73c535ee912d1e09518b1046d955ca1172423f37c95c6a4ca4f5677242
:6a5c50cc32f4c2f60fcc796787bf5e1c8e4072285873138acb72a2ead4c719e4
:0ada2d1dfd7f0c72b679e9feadf025ccd7b43d606e71dc8fa4a4801f9f2d9962
:cbbd6b89de1fae0472d771716a1b173f5c2183650c80f34b9c6f803636537240
:ab477ae11ec5595a3aef8f4ee2690f4d200bd86f3d02610c90d3199fc91d03f7
:9cc3ec2f6d5aa2a0b1c10530eef4f3ffde3ba114b02e30d3b923e2ed7e03aaa2
:6aec77c7cfd5d1f0389189e3b92302c9645a2780ff024c87396e289b64d8d8dd
:987c15bf7b4de2c66840cae5279d1b9b0c0deca15df2f0056b3f4aac3da602ed
:7fa283157cff8b23e9d6c58555dd87c9ff9fca54459206aeb810ed92fac5ee25
:6d1074794869ac333924e2b15d1dc3882e04fc797a664cf9e10f1f0935a766c6
:874e7fd74e676ad6d416ec87fccdde876816f3dfd8d81731ff74dfb9a6d08c4b
:acaa753c91e7bb68a83e47b0dee94a25d03ff3e43d327bf0189614fdd077050e
:13d9718cb65f21f192f5554c6223e24ac1c5b53e7292758bc070d2e7393f6635
:c02627b9eb6eb88d53949c342da56419a0260101f8196e8a829456cd4bb400f5
:26a6e880d7146f8a4a575e30f4d8c340c2cb405542e9d658f364a19c17a0b4af
:3e56a1c1f6cf9196c898608b3bb397c3f410f8bef38b1e711bb3a0a4e67997ba
:0c30fcca208e50bdd89ad1ab1a569414ce6b8de1970b0a797cdf83a5e872b364
:2069a94f70c3976e5274a4363a0a22b9ebe617d78c43d5b3caf299cd23b7eec3
:e9bf113a8c04a1a50141b4736e718482107fae0fdfe8eb692dca17709dc8b14c
:d85ad5bf1e63518f94f6853f4af54a51f8464f95f6e99926c47b5d3ede3f19a2
:86d1cf18377ff2a89c3648d6e7192b8e508153ac2187f92ed909898cb5ef7464
:267befd131946ed4f81a92e2b086056ea2d1c70c7b438cab9f291014159602df
:8cc12a3983e7226bc17c6c4aa2bdc47b27714ad44914eaaa05678bad105c41c9
:a1c245ce0af34ae55f9c924d3e0c9039d93100fe292f53f32ff51ffccafe3b84
:a29062a41509cef78a9d634e85b0be70ab69cacf673c566cab6ab13e95af43fc
:4fdf836aedde8bb846b83a5def657ed1a7af9782eb6902294f179627c07b63b6
:31b881fbcc2398c89856b57097f167681888fb6b2ef7377afb2c2257645034f7
:76592e1c14841dde98f57cde1ec09d9d039454d805af4dbc4a0d2314aa72ece9
:131c4de2f10caf161e68804fcfaa4d5c33cfbd1ade8cbc1793b40497770165c0
:e18933e214ba4783a9bb98c0dcafdfcafe5c882cada42447f11a1700dc215fcf
:c653d53b644207bb0f824cc8377db109bdc8bd7ea81e0885b2896639fe82e314
:756192344f7870f49ebce1d1fbc00a4489a3a213790762d6201a3418f476e9c3
:7579b91543b9ad9edc19796a8fdf8a0b270f1d092086b717fe3947de014beccb
:4eb80bb9d432f628697501ba610ccae793dccb0ac229d92b161ec58f6a161e4b
:67280f350b8988aedbc69b37f89ab1854a974c08f986894696f18ae700123907
:616630753d090a704804ad1f38a755643091969ab52c633117ddec65b3095365
:690e1763dd05240194e199919ad37d567703d19dbc8ad9586cca0681d7f063a2
:78fb343c12b3f8a0fc6b5439faecd2793435ea1f81d199ada55ea8a9526b3caf
:e0e0edef5098e62ad8fc537f76edccfb354a09843082d4a0c0b3f3b2378d0f26
:4462a2820574e426cf2b5f3dac547cf1f5bea4f874c0672a6502666db401db5b
:4d6b4cc157d37225f4247a4ce0060b3ef06b11c01b3888526c293acc1b67a4fe
:1d9c17f44b9c8384f8d17fb9e54e936035e609d5a3101bc8ab10739e589558f1
:89bc1acc5dd85946ebdb17fe290f71e10075adc2f41ca49ba3e2cf6f39574ad8
:e4bc0529fd6d9c19bc3a93079eac6bc30fd801ec2fc23e3d61c539f2fb99217d
:f0f34c055391db754184451532f8e638eada3c748592908f5c092e24cf818dbb
:9ed0d90aaf0798e77e0b3cb75e1fa719ea247fd586d52ec386d95944de1289d9
:253e3c5b220231536e0e99294752dca159f13136d8f6a170260e2a7908cef059
:be80f742c4dfcdf237d7506b87e0f7d29f958cc99e7539cbd5a645ca78c24650
:03a2d55544229fc249fbe182445254a89e65381ae4413005da05e51d79c3ab8f
:9a0c636210b770f8d37e9c5568f0975c69472c56ba07ade07417f49a1f16f172
:a5e7f2f7b898b56f7ee41f53e7d7007c83fb24f47f8bd3bdd2771677f18ce8b2
:3cafa4e675b9bd5eb96b4adbd5668e70a369b5cd58a8f64299c3006eafbabb2b
:839c676039a55fdb9270d617c95390585070e58cf31f192368d28497755dc759
:4c24f361524cd6c4cc0c3f3196e68f9d44ec0010d4c0297973de7184be5b0672
:2b30958c304e783170b2bfa11a9971dadad190174b26d44952aa04ca418a9c10
:96e0f7b095e7bf50bd183002a7ce1772c84ee556d01f90a8754734e1b17bfb3d
:ac8bf11dd296397fdea82aee411851e1e2dc9e5d74315ed860f756585f4de1c6
:962d4d30c6ad19bf7a3d755b27c5c4d71091aff0dd216509b316b912779a6a97
:03ef49fa8b11c6c441f4b782be686426948254cf6769be659f5fd9febba24d8d
:6c430a39a7d741bdfbf7a799cc831ebc8316d51ee511cef7836c753e61c0e39b
:38c1150e2c4fcc245f68d9f4200dae4915493905b3a2427f65c10c2a11c32cf8
:4e96a7630275aeda8765a72cc66fd38df7e62e28acc0b83699c53b09b20ec8c5
:b7eaa057c2bb2cbea8a8684bc3a08a683873a55b5dd2387db4c3e56093ba9583
:7d85bdb447411597d21278a793bd019127e0fd90ecf4a80eb0b582c17ceb5750
:12312e304e879070a7d8213ced8e5539678ede479a9c07e2070547468e19dd5e
:d4a793fa70fe9147cd6ab8a0a58fd3efa24e64e5485b1f36823d468511d973ec
:ca91182e47f6dba2d20987c570d107931e27965cc4258247062092e3f3f5bd42
:68003fe79b42b47bea6c39cc944e58f519330997b9f08be6cf9beb0e95fe412a
:4740e10febb21f96f821544eb9ef03c8518fd5b07dbf56fe12fe26807a215b18
:427996cc83efbf7dee15163f722c428b0063f19b97b825a161f0a6c19b86d693
:735c0c7be918a206e68ddc541b8b67d461ec65a8b98a4f02e72401e661cc8fde
:cc11bef796decbdafe57d91489a2f4f9f4fade1d10686ef614b1bc74618d8db6
:c43713c898c8413f426045ea922193c17263dfaf0ed5f39883cea5fa27129e04
:c7899ee89c7c7add62d8b4df31abd7be55c2b5416aac7010ebf5ba254ffc727a
:bda8ef071f77845ddb84818fa85480005083485102223ab3c1f0d9047622d67b
:8225a6365e1e966baa49ef1ac33662808dd3f2545624d7df0648904c3bc963c2
:519e4391dcd9f5a3a6cd22e5b076a2b53c5ebbfdf3be2f162d15b2f35695af94
:3bd0485215830cabfb6423cf9ed0f9ca58a06120ac0a6d74fe1d5c69f8b3b8e2
:0ee263a6e14bd887048583d9cfc5c7dfee71f7b5b93cd58f1d4115da52e117f1
:2e6796cf294b9736eea0cc66e3fdde7436c63d3f517095d5f7d99d5fe57d619d
:03d07c63911f472d716295490877bf497909986726fb43aca15d12af4742d00c
:fe80146d332d074682d21d36e7d74149d4b435b35854df423a9d85c9a88884f1
:b24557ad5b77c6ced80ecd43e622606884c0889d84748c2f0d471fd81fdfd0d3
:8ac5a0d8c6cd7f38e6f4427f33c4ccadbfc91bde2d92003c881d0b2a8547c4de
:5b1a18e9215f2350894cb90dc3b3549f2c9a1945868bf3a4d728998cc0c0ecd3
:0700a358e1d39c0165ebacce8941c71eb16de6d9a3597de40ffb7583c4b07f7b
:18f19c4eacfebc59c25c407219832b44dab81e199848d8c4177f70a53a24289f
:69f080255ea6ac1d7586e0e87766ccf16556dc4ee0eafcc2c4da460732cc4956
:e2fb719d9a2a36138103116a4de4598846535d22fd13d9c8ba65a785367d1436
:e70cb7313739b75db0ce08d562ce949c08f600bd1be64e9f377f9ebb0c6ac2b0
:bb79e27ac2507e39bd2f7457883b7273cee6884d0848176a38600b5c82930446
:7f53ee4903514a081d30880b275a2366e929e0878981a736d3b65b6dc6539aeb
:10c5da0b7394121a735d85479498e616c7c100e1055dbd540538fa0655e9355f
:ebebe15559220138f8e52ffa23460b9c7e4ecc1ffadcb7a60014437bda35d5b1
:ecba894a8f8e2b67cc83c41b9f2cb5df3c5c77d27319d9fb527f7d75d67466ff
:db108c6e67c521a8c8bf0d8ae5c96b7c556194c1d8c01186d38f2d0814f37fbc
:76affc602f83ade7d77b8023f3b682b8fd948778e5651d162b6e6e2cf19f85f5
:dbe4447f94b1401ea89cf827e72be3e0a7a8043dcba6047e76f6bfcf59f2aa9a
:7e24e5d96a5de9ec73eeb7ec25462ec8482107f832d66f49edf80de542991023
:eccb7c340ee50c193eb0cb20a77be0fc0dd46bee2e89d61ae9789de367fadcae
:ca0e039b1f06616402da165f5941c211b8ae098c644e265461784cd3ed036e5a
:d35f8d3dea6947149398f9f29081be7acddcadce3971237e6dacceb8d568ef28
:0d268a21ed150a593e8c3908e499b9e501ed36e1d0fd1e1c834b55bc3b3a63ae
:e241ed07877bd00e42853a9d663407bf3683ed1ec7adb77dc98dc42b1504ec15
:0f5fa2adb196e5b2810b7e5035edfd33f2f8edbfb0a8bfc184fecdbe5a23f4cb
:6a1dfa18244fd7f297aeb40bc64b332c8ed145df7ef7475cddd511a2ca6b627f
:8a2b25ff672ad4f1b4eebf7e4d603e852d4e62f7aefc2f851f8bdbfd8b5abc40
:c1cfcc0e6c93a5452a2ef835dd95f718db088aba327ab439c712ad104fb73a79
:bcc034894bc9dffa136a659d4445164bee72f5019020e8bcc9c28f25749561c7
:b3d64be41688d7dff3e6cf861a0334530bf45bfa7e505769ce532fdd867e5609
:54dc8697f32a4475a2331e78f2bf8e74215a7962c13fbf8358a089b8ec20c02d
:809ca2bd2c73deb0dd9773e5e72710d2b39353ac1f782a707f245917058d6499
:6bc5e401db6c41510a4f5bf5a3809ef7cf099b1fe0fc9330f9011157ade04eee
:655bf4987db8163d2d5dadceaf0c39b950802146c41f0753e788810e91befd98
:ebbb476931dbec34bac2542e508caaa12569f99276bb06cc036027479dd01536
:0c5b617fc789868e7059d586e01cac3756f338ac94e6e1136bcff511fcfab3aa
:e73ac0be0071b8b268991ac359e5fd03c1966cafd6933406defc10de54560f2a
:92f29255bd988653b5b77eaf31448815d4ca96a3a1e22259957c49b5bf99738a
:0d60de31a20db8b49f88872452af3078e3772ed94cb9caa668e4fd0d053a3bba
:c5c49c3c3c7f81948f1bf40497e9ae683c37588682bcd7169f5cfba24c52fe07
:6b2930c6d95de2a3bdaf3014d13f36917826a6e0e2932ea6bf01d78c37ce6d23
:1cd4157e205cd70caf2785878e37811639f5e38c67d1c46caff7718559db56de
:14ea44072613b14cc053c0564d97b2b73e04b0e367df551a311b3af29de094eb
:e0b9483d28650f4845ae3395e7a336109b655b39239aa639f498e17500f080ce
:8f76232a30e899df56ea0c6a198fb67af367804c0af6088e0ac0c8624e7852d1
:fe92b570283c711a4015c0dcce97d5f8d1ecaaf2580e1e2d9ead223320b0b45e
:28064669c21756501dda892f561ae996a29b54beea27b0afb4b15f039e371d6e
:dac1b997ec7464391e738b6cee8c7e41f80cc42f60faa6c77c1c1c76746ef192
:0ec378afbd5bc4797b347dd5475846e5ddc129867640ffe38e88424a626b6a66
:6cb2752f8ecc68168b04e4c044fd502390df04bb21cd948cb6f00d53e82b98c3
:49fbb60ee70742d0ebd9a5c26095f9d156d9dcaceab4302ec4d1581038fe7f94
:55309e84c61ad5b5b976e9c2ff46365824e4b5846a388f08d46f7a80bb9b62bb
:01ab499d9975ac0d9a74593c6749f177938e46f6eaa047efe7ecded8604ad94b
:91f95981731eedba6e7b7d9a671f6bf2ee7dff91c680e8c2499924a084f48a85
:7dd487985054909a090a9c0f32df3b82cb7ed7d4f4d55fafd6d1b93396bd95a4
:2ed9785e52ddf265b68a3c0d0ba492ffa9a2dc0bf3c7fd7df7164312edddc2a5
:2e036bb2dec271c1c67c58b7d3af1b937c9becba0c70d166e0aca5d4e72335be
:365431799d2ca7a5b43a25e9b5718559203f618dc7402be19f5ce3cafb22bf03
:85e7628df9554103fd6338cae7e26ccd6618eb61d08fe14a2daf3fffbc3b5442
:7422ae3a1f9fc2cf517b5492e308010fe8446b110f21090c133206418087d592
:88185ccaad31320d5bd3911d56c643a5da9461ad9024b15d01dd67364faec631
:eefee38cc9c007a67b85c1af6b5edc68971aca2a78780d3a98fc76618ced186c
:7a0dce3663e4700e74c90b4c599f2eb450be9b976d626842b3580ddb74b74e92
:ec5a3a69b43f523e4f6fdd25991f46a47431822187f772ac247ed700c0b9d7cb
:0fe8b7ea887285e5c80ab7087ef64c95d6bd6eec83e27a85d0c976fc9ba9a500
:cddb438d33318c2d03933eb68029dbb015f0a35489c3d336c125be54c911b417
:539d94f92939b0b90cd97fa34a7a7cd8c656057ef2a6ee144218c456d468f711
:a3779e5fe9710a88059f7ed8872d4a66f397c733d51dd3b0cc42250826c241ae
:4e6d263f59f8c78127d8b19d34db9c7420f729be3d3653509d4020056ae77275
:ee853e22e9d967b4967c617cfddd8f381cbe37af051b57d9f0cab6cbba7ffd07
:f7473834a5e82f84fcbcd2e57cf51c514c50815a70d66d50cfc6aad59d85a627
:a69478e770a3155cf740c1e05ef3a28bcfbc75b3e9d4538ff9f680c39eb7dfe6
:63993016c478738e133f501646a12b4604dae5bc36516a3227a60c6e7ded2cd2
:4d871044be3f8c2d8eee5ee4b2bb913f96e4f37c0d6f9f105035b8971a74142b
:4cca4500aed95efd66f2dc0c9fa09aab154496d410c5761108b27d58ce3446dd
:02aaf973f83515623c7c25b6aeb669079ec30fcaf7c4adec49d96f9e649a0492
:49055fad2385ca7046c120fcc75bd2a010bcc9d2ade0116e1506c2821204a2b4
:a87335f3c7be4b19bf33be84c49f26ddd93d4ed22287f1ad52f1a9146d7f6a8e
:b0ebe142d1f3b0633efdbe6e642468597723c4697cef560576feecc09f55fe67
:2abd3b8c3a5bea3fc2dfb2736e9b3c92ac6d112650490a6e638f65451744239b
:7de3f6526049097aaa893912350fabcd25a548d5524f9dca2e064e52dca59848
:16d4e907974b9597f4892a825be583947278357103458ddd0432bc51fce95e15
:066caa91d764494a4613ec42f254f4d2aecff53a9fb84d37ce9ae54da0a0b286
:d59f980217142af3f39ce71d05e0f49f4abd384e511bb410537d204069cdf79a
:3bc09e293e0c062adf43fad09d46175f201a14950a5525347658be435448395f
:62308f3e0553e501c5f47cdd2012483c4a768c69bb2018dae0a0615f0456dfa1
:3d254da74c9bdebbd42e1e2a45a1bc6cc2144593aff01e22232a2030e370feaa
:aab9c063e12e16223f1e771d5be12fca757168921ed925eea693d9cd704eb7e7
:7b70b22ca2a229f4c2e1e75dae67db9c23c563021fcc77c93d692d3d50ec0246
:643aac277841923b0fb6f264306dabc54173da169abc95c83f921544bf5a0e18
:94401168a48ead4eecb3cfe1cf3d17ac7bfb9ddd6494370311ed73d242441027
:c71a225a39d74fb01774506f12eb4522e03096d3484f47dd12ec6c77a5d8ae89
:f393ceb20175d08c6e4b5c833322d083a62716667dacc5e02d8d313dcf330cfa
:127fafe38c3b0ba0e341781aae90455955bdf75e0b3942b8a4bfd48de8249aca
:5b3af278d121bde32ca0826b73aecdca468f63e051742a63ef67f3c0cb56a001
:8fa8673cec2540a8cc6deba987ecd48834d7451bd6b9f00e7551df3a167e7f81
:dab2d833aba0c4682e53ce46ab8f2e68460f2d3fa2b6349458e955c3df1ce2f5
:bd2629bfc29056528fe5c9654c5d04f63e10b802ea4d8dd5a28cadea91401512
:5ffd7670a4885bdb9240f253f4559f37987eac2d417e10282f1c75e306d8dca7
:5724151e2cf175924c8e68ebc07cb3e79e9fdf41a1ccfe7fe5c4eebde6c5071c
:7467e698ec279d5b1c8ec6adb25ff06fc8006d8a4fbdc83098f13ecb19192523
:475f6aa5f787a70ea80801557201f4d6424b758e29ea6132d952abdcd191a61c
:384aadae814222ae1f61d8bc18e1669a5e0343f623c2b80b8f98de99600ec6fc
:8319f0f7c3a6989e58b2f158f128183d6f293f5dfcd5e305053f606e6393b5f2
:ba5186c939a8f4af07913da662efffa73001395c57a61e43595f7d92109ae95b
:545cf18cc31aeb25a10f268e9873c3d97a2e7aed02bc83676f3d4cb47390e596
:2ec0412ce0c7535e31056280d6772933c1826aca15e19021fc79c0d14007a217
:310703daf7a92528c3050e73f392de4650eb27cb5b5668aeacd634ba044391af
:259ed02e189bc4eade5b017dbcb77478777af494cb86f2a002e01ada2306ac7e
:5b6cbc88b16f44f7a4c21d097f80610006775acc9f7c7e7ce4d6ff2f4683b59c
:93c719bb0253ce08cbb2032e5c1377dd78a0070640c66b0b8d01c46cf00edb60
:51a12a4b4c0014305bd19efbf1b2d3709faef5f376c3c0c3c8636fc6adb8fed4
:aea756c98e395d492d7d6dff439a2424e55387b56a38c9d744e2572ded67caee
:6dbb637c328d1fa5ddc68633409aeecb13774e9cb3905b112119209f634dd0c3
:7c1a2449ddc55a8e91e0d4a92799b6d5d8d121f5b563e8543adb0f10ab474036
:7418ca08597d0dfb25c7f73f2f6fdc5f5daeb9c6bacca8acf0316164605ee37c
:d10860f0e93419729154c43c67a77d7ec6451db9fec1fe0831da00b43cea6db6
:2341c18db050bc8fe785513304d5dc23d43eff20792c5a12c3c9819ff51963b0
:31f044c489f974b2b3fb3ba93096682ad72f9b256d9f08d243dc5b64ac0a00cc
:51ae9cf6765983b75536e6722a59a5112a3724cc5e1fec5a4ee2dbbf9be10634
:f8a4d6945163e5d58937dd4fd18ff467a1a655d408ea4fc5dae7bf47afb81136
:a138b49e4f507f511fbf414e320b177f317bfb63519bdaf104907e9b99fc3c05
:55b3641b95acf762bb828b2bafa889f868ea75c2ccb66c0aeb34dbc614f52f8f
:530e45ed13bda8e9a4cd75e61d3c58836c910ed1039ce3814728e50ce030b6fd
:1f7a4280bd2498f742080e6426a00ef8a29c889396ed83bbb98c350df31dd99c
:6fd1bcd2b1874cdac8559415104acc51860e630be46d8eed51241c743904a44a
:bad5a575c9e325fa6ef717866e0fcd42277d1198c5480bddecdd9c3b6c39164f
:1f6f3693dd327816761b82096ae89d6905eef0075a47346d5c553fd0b5a77e8e
:7addaee93b7e4fbfa4c9fc5593631038a5ac8022ad1e791a4782b8971dbe7c4b
:b5e48e2f144c1a71398cc3a5dbd62fe955842bec3130fd6a3af1a335576d5bdf
:a2503013db4a0e314d27595e658c2e6bd26faeaa918f7b1e60d027c5435308fc
:4bf9445e933117c41bd6e95dd2b8aca1e7436da836a827de944359ec4d398bd1
:e2032d6313128129699f3111738bfa76a0c41fffd7873fb6c51a3316a59feb89
:a851ff48fac5b5548ed98b661a15225ace6c67ff012764d7d8eb0c33719dd7d2
:64da60a4046d0dc50619b45aa9ad2b0be1004f0090ae135afd3bd94295eb039f
:99d5da18038404ca62a0db1b8c18ab07b253719ad62ae3a856771c489cc4c468
:2b52e31051a6fa956d00fae518fbae928658d94d152a628eeed27000eea419a7
:5df5b5917effd637ba82cfefeadeb2d2625c31db48cd1224585f4b7cdd1e9b18
:62541604a185a3fcce4e2517993b67856a7e0e3778069ea62388367190bc9af1
:5b4370db0080c8ba38e1242d2b5cbd652e6ecfc39884e42d6352587b4451c7a5
:04391d06c177ddbfc53082c4795efeed71f842196625a42c99de0e908709383e
:8a49c466d5ee875b12172b1289bc6ad0e0f57a0ed9f46f46d4ab3806991c56bd
:f101efa0865e1d866717a4ec40e124781d258c06dc00fe74342ecee4d084dbee
:f8a058537768600903d51281f6dfb294ab07e777e6c9c8e6d3b6f73eb47cf0ee
:5c77ab942c9edff3840e19745439965286cf3668806fb5a128c7c6035d449cc3
:24f473123de49553602ea904b3173b815eef484ecea8793ea2046a9c89d166a5
:98f1aad08f883f77bfa063150a329687bb907582954d233c9084407fd80bf081
:7acabadaebaa008fbd6ce37529c19c7f02479c18de3cd7e61c76071550897e20
:6f98a60d92f6a0b3258d324581847d327691b9445373e5ca4d8229e43ecaf2bd
:ff91b9fb3c6478244e46cbe909f3a7387b9020ae9e29718c811b858d2dc6b80a
:8bfaca688b45c62b40130e8d90ec97881a53b0a4085797996be46d45142813c5
:fa1b1488478f838bd2b234261fef96e6a12d596cad636c9615a29dd70eacae90
:71cc624bed09999607c304098a8d62caa067293cd94d807be4c7a7d1e214c430
:23b0b7ca428ac37abb9318a6b2b3b4c436244cbfc7331575a11b4b284a2aeab1
:15b9ccacce88664c2e68ba3c8912dec524350c8459713b02ab2b57514fff492b
:5d02347aa88048bdac7236ae627dafa126cc623f517d6f2bdfa466bc57216622
:dcb507dd21d0b1139d79d40740e7eaf5fa2f3803dc78c63bf6dd59f97405ecad
:4c74cb8808c6071afac1bd926707e36814d4917710a62a55abdcfbcf0feca877
:d43eb289ffa71d2df3bd4f15fe80c001370bb3b10cd75f8ce5fb267c9d668316
:c36c5e451f936f5e528e5c0b5edfce875cf25df71c5829d9a461e97183d1b204
:cf58867419b157b428f37407fe7ba05bb9a619d5a60ad01e9f2876c9a68427e0
:a88a98b30e1d02415a1ad6c09e53824eea2d3ffd9d7f596474bfe7405ecefb6b
:13c72e60ea863f719c1425e97825e60104961d8342ce3836414433a60aa5b0dd
:946a04afc57a9b2b2b30774d45dda5ffc72fc51412eb2eb30bf7a0dec8d8d6aa
:2f0d6f4e5eacc2f535153b7d4910aa58a975f9f579949796aa5b2aef34429c43
:e6a868217d9edbc74fe6bab8b8795e2e430aca8780f4bb0dd7329b16ebf47951
:14be55559079fc3d142dcffdffb7db40126063cf43f2d4b16d96133bb8510454
:e9686d08e46392ba40eb2e4e36fd6570ffa79ad75b670b0d7673bde05a860d1e
:122cd6fce56b1d13e8dcba0afc43c4381bb659c7fe93fe28873797cbd69e91bf
:3b6c74cbb76cfb1d74a91113a750410744c45a2b8efb1fdf4561bc01a9b89738
:27c11032c842226de242fbad9ec205feb62f32ffc685171d594cad76a9a78db5
:565420cd1dea27709c666b6b5d473fceb1b158e13f793503d71663e68dc0f52f
:c0675964673e07e3b5ed0e7c5add14180e2e917d970f2d082d9f6acc47d6bebf
:0fbacb9239460f123221e889dad0611ffbb04103979a0d7c4df3130348fd4605
:73b9241cf8a3935a070b69c502e7e77bd0730f3b701a6ef26f55061d6c506425
:cb68e4ee2762fbe428025934e0d1570a7be5ba314a443da970145e0797b28f83
:49ef8e9f7d0b72ff9f204e87a6d93dbe61ea22cdd137dc4040115b113443abb4
:f60b9e6a540ae3be081d5bc517670dd97a088cee37edf97c191d9b81626284e9
:7c42a8dbd453644173c4a4b9ce9881eb61a0fb0e9e260671fe929b4b0bded8e8
:77217ea153bd55f23caa7a61a7e072352145956e25168492301ce392df7e76b4
:894d90f05cf63d3a2e57daf0b9deee6682738e84f136afc57b88c9597077f9dc
:0e2994ebaf1e6559f906d67ab0aea9e25c4624305734df44f25da71baf175586
:c2da8aebc289aac72184283e5b070f9cf7e241d4b621601003d859b881ea33db
:3058c55464f1ea5e73188f1ae81ecdd34b2f775bdae5448c65e36e0aa2829b9c
:a81c9f9130b66ff58e317bcefd087754003e638cd293c7c9a3c5d7aba287c4f7
:ced3f058fb69bc9b619503ee2d2fc60960da63301c3a5388c1810848e9748088
:f1163499a9059d536df5485f0a28eaba0da0d1b368769cf0cff59d1da6fa9c69
:afe70f376732cc08583d3fb06c7d51938b0b79bfc9a1b997d2a6ac31ac1ce372
:3cebe758642181dbf30a67593693e147b6ae03daa78b7775753c10766911bae4
:98b0c117b7a5012750ff4e47a44e2e739448da00ed01c11818b9dfdec0cf0256
:e51ca1de83090b494efc45e276c1aacf8fcd1c50bb528a7c41d86dc278e54acd
:9180c1d1ac1a5dd7d832515e74e3a2c33196b08f01e9af1dc169fd5a440bc447
:d90d42d41f7017b25bc01a34a6df65f34131e11e7c1acd034c78efb5feeb85bb
:72260342cb43ba722df1d8259637e6aef98c21b0946fd954f664e0a8ebc4c50b
:ded6d37418d6309ee1a14210b36eb1f32b702b97cbb069538b6f3a2aa67c3a97
:2892611fa12ce831e82fcd819e4cbeb648d8bc5462afe48192802ccffad17d11
:d832f01d850c3796d06c0dd0a3b3c3f4649a229bf0bd924ff81bc7ef3989e787
:678c15ff630aebb9c95d2ed7beba4f262a54bb3f3223dac4423511e1e3302534
:1608a7a1eaace375303d8bd3586c95b7d16a903227c48c25e4708d1dfe703790
:a47063915ed61ad5cfcb0d97dbdf1594bba935e6f3d274023b627844a1403ab2
:a9db2a3e9431d45c88e0c03177de29c86ff44f0f0f2df9350c5278d7412ac303
:69dce8f7f3e1bd463aae14f1072b00007cdb1c19977254161c69f4c7cf2bb41b
:abdbe50cc18ce6d4742a73e66ccfd23b5afa75b29f64794708dfb965750f630c
:cccde36df5d9681bdb4cfcab04b18bd185f4249d8385d00ed16179a15f168536
:f342b2542e1dd0b704121a4077c4d65e93830fffae15c74a6baa7e6fb39bf743
:2f93b546b6f7de1c6214a0d6aee7a0051694ca212408d82337c38d488f2322ee
:2c96cc725e4707086ea2afb2340c77220fb6e675fd1e0b27460018eb75f639fe
:c67492c9fabce6157a4ea8a766d1c3e5ed7852f689a3021a982fe456cab9f9b4
:ea0edad64e914e006e980c92a43b2c3bcf8bce8a01661c2a56aa794c322eb03d
:979c347045770d74675ed249b8f352a6e03a5cd85dbe051dcfc4bd51a5e4d015
:99576851893de9cb5b1f652da70cda0337d833bd13c849ea519c130cfe46d2b1
:b81f3da1739e6f2a1cd2e3c4ea6b474a1fccdf9b974fd71e0148bac4115b89c2
:8d8d5b79facb5928a1f09ae6bd97f982501b7f22274b94ed3655e69940c95981
:669d601d3dc6dc7da322f8785688d3ea0e2062d7c1dbead022ae28e160ddd24d
:eb75f51ac2487d9aebfd134015ebfc277901b2d4f33660e2e14cfe4917958ebf
:199429384e0924d6c729bdda1be1565dc43c8cbcf767417e21729446358d4822
:f0803d8791d15b65b09feddd00ce9e7c321450ffeaf533a8a7448486cae68115
:4066012cd8c12d3d94e7e2cc22aec582768ee5b2e7e332ce261945505c94ae23
:1aafe2a2f22745a63605d5ea01e1771a2c103da15f0b8de8697fe57692042b8f
:4deb64e7d3e2f3afc06d38cef33c25e265771020796554f933498212b8d5990c
:82ec93254d257490b66a1d779a28484a3102bab32111acc960002773dcce2239
:6bd3dee9abe1b874a2a75083c4ef69de562774af9f4cd9e4c85356486aa8d0fc
:db9949c2de3d5bb04f603abea7bbe28748c4606ae55fd4936de0d56283eefdc1
:2284828c14ccf540a723573b3b1f4ba400e18b6bafd553649cbda100bae7c2ef
:e0a832d4e61960a01d7f3bc7a84d514ceb7f54d93c427458c3adb327966fd0f1
:eeda75dc3233780170549dfbd3255bcf551c46cf0923170e8f61b860c2a16d06
:aec59e5769996d389c3061c92c486cfaf5a00b5b9b383cacc69ceb0154e0564e
:a24ae7c67da4bc7b0d7c7894d5da8fdc7cf60e2099eea9ba5dbecd992d51d4ab
:84f623b97e7fd78d02464df45f525d979bb235bb24365bb014efcc7b286b7a7c
:b81eff1b9f9dba680aec81ac84765a5d9e9446b88e907be4729f38e3a9d0e4ae
:df56144584886fcc05844a9e4b96982c0ff2bf641d51e16b528062c45c599e49
:04c87a6987db64b02e5a4b712b3a871b96a8eb446a6481928dbdeaa4fcdc99bb
:68c37fe0c62bd36e5888b1671893e1d8ce9ee952c5cefb30dcca638644555218
:201936848a2b9e864b5ec4ae16cdd73d26b5132a7363801cee004cce4791e3aa
:6e4c79146680cc2c91f6ea419c8fbe1a13e725679f28790adcb94ad2af52b997
:cef8f7c118b3125849ba38f00fbe0d208eb14189ca478b2ad34df0b29f04075d
:b1f45d98abec105da68c124c206b54786f8c0a9e7a93d8a7c90d5ac3eb764801
:9f2fe724782354040ec09a36858c034a875f699e006c33dbb8919ca69c14b823
:1186762118168802d15657186a697771505a997dc38e640f2092efbf09ce3e73
:63688018ebb03ab0e878248fb79c043a492860aa4e2af15485bd9b19e797ec94
:f0f799ed21a294d84c6e04da99be7ab97b49650997b7f9cd1ecc14e56339fadb
:fcd5f20d606d74edd33ad22cfa5f1752da7e4c29cf54d9395cbb64cce4e26259
:57acc396d29bba07cec4014447605496f3729101e5fcd5227689445804d5103e
:610052e269a199ecd04e4c91092f14128d51aeec7f3d1ad1442a409281e9f485
:d12f77c4e78af01d85cda058070a7ac8901fa787da29d3e4ea3103fa9482af53
:9bcde42d07428bb7b33e7051b629762c04b17d380e20d96418d2a0f539449be3
:ce2bfad3024595d71352de794639f5143cde3b8c714ee6f0ee73188c9275fd78
:414e247d7a2d930d57db2e82c0de7cfdf6b06a95fd22b59134c3f54d05549be8
:aef323badbcfa098ff23e203a9f0ec4dfe9fe786c076657d43a60d4a5cfbf87c
:1bb39b97fd1803244f9dd8736c3832161f4dc55854a9e92c135ab20ea91991c6
:745ada575b6d3f010786cd3ad68856440eeb63b9456f16d9f9b30f58748eabc9
:c61a4438b6d8765bcaab865be3acbbf3770ae44a9a09f80958c803ae4a02bc2a
:010746fd8e0e80369995f404292a735b1989b83d1ec909fb0c70def12b9484d4
:ccf3cd8c7adffa5b71600f0864353f04f025fc19923203a316d2df500f1a946b
:a2187667d8b5f80037072870f23a413d9a9b7e3f14551754260d47ef06aa473a
:fce56bcdee9c8f3077370577d7c39c95df0f1c4912d1ca3bc9e1754582942363
:51d9d0390f09b30f3618258ec3ff1314758a55fb5a768d1ef61c5dc63a2519e6
:019ec55ee6c78b84bcd6f976b62e954e6c63148b02ee538db5533eebb0be1294
:0aba5239894ed86ea301db0ae586b58c73c57b7350eedc3a7d118588102be1d8
:69fbfbbb851f018e90e3afd679b63de5874f4e73409c5b3370b23e309860e3c0
:9512146cf2dd5d424781f7d55fe3de6244c604cf53b45a0bc8e0960772114a6b
:163521fc753fe32f5cac57ca6723e38026b4e38572feeeae83c818e46c56521a
:d8eba5b286a723a0b46ddd1d8b50b6694d23fe2f56c5548896bc78e0710133b7
:e426379214c1b8a35e61ca01d3b6ed005a110da0607b7ed95092c4a9a12ba1f1
:dc0704cea34946bf95568241511a0cb23e7893bbf3637aa975f93b148a0bb618
:f6d58ed6febcd3aa3bb81398a85a68606ef61aaadc4f1cfcbbf0eaa8c906c1e9
:f368f0fac8ae0c2282bdd75e7937f0edcdd8231423ecc1f7dd071abd8476674a
:d9c43afda0ef3e335e9b1ddd2dec16918073fa945c359970b455a722c29b7281
:46ffb40664819c6fbfbf9ea3374771e5c5705c342fb3c3c6cf52fe2c18a6d9ae
:5c39129e62348a0be6e322ddbd6465cef3ca70244be5749aefc206c0bfe7a0ed
:0978a6d18c685125cf80c101ee8942177531419159cb74c8ec6aad55126df444
:2cc6a0bf4f79bfff4cabcc861a3a18ca2fb67790fe15c8752818ff2f88876fba
:343444911de521f818ffa6ce4ed087dfc9c7cb7e621129b1edbd1d9be16e85f8
:d317775c8b86ea064404eb5c53cd6fb664c4f2190c67f5e59f676bafb6525266
:d6316b8e04e5a149c93d543f8cc3997b2136e299aa55258814fa93da92f1d933
:72a1e91ee3b883d3c11dd5f8076272874c210818245ce259fbaf7ad55ecfbab0
:389407354591f59305156de45dbd8bbefbe69c9699fe58a2edcb6fa97d155f9e
:7beddd7bdded5a9dfc4c261f49826274548c9ea3002baddada595a4c954f19ec
:a20c7b2b2bd6f88ecbc6514d453b5cb3f56b803e8f3dc9d3435dd9b0ba89d642
:f788c131e97ca105cd8ad5560ecfea742181186039c8ec52e15e1a1ed5893950
:9b196b726c036d2babfdb58c900d5a1063268f2153646897353c3ca16b95466a
:c18966eac90dbdc1013ecfa37c71e435e65b7038a6c3be8d0f536fc31bd5d960
:d12f17fdf140bd35b30eb2c5c5d53bc57501b98f2cbcba588781209774a3fb40
:c3707bc1ca75e9a88a8007d59d5a317f15947bace7538fecb57e84204371acae
:f0155a0779801a84d65366602b029d0be52e86cc979f3b52a9ebb7e8d5dd11e1
:4a69183c5dbb4548b89bfbc660876134e465dab6f9231c6cbd70d5b4fa5fae07
:256cad8df336bc05324dd0224186f7b5eff4f83dc609c7fb4dabac8efb402bdc
:a20d1afcd9410b5990d8fee1863a291b17f84943afd171eb77590971ac4156ec
:bc706fa5121c11399512e2cafb6362d734d0b85d38ac343b3a460a6b1eba28da
:50cae7f0b01baa3e5145ed99ccff537d2d898fd0eacef5321690649bbc0690bc
:13d8667d8034ca9b59e52280fa130768f9b4207afb861f874b4f72c42f273839
:4a5e43cd17a19f77707987c9cc69a65b4e06af245fd0242291920904be2a6578
:8a9074c957328108cd090d1f8ee9c3e181b3f9566f650f72e18c48fabc11987f
:232883530ede99651d4330388b0c8573be957086419a832aff51b903b6436407
:701ff678ea7fa8b006823b1c3d0f5fd1d9cf5b6ed0d8b4a43697911bae7f0685
:2894803a4a17bceaae796dd49fa790357493fcfaaa4de35417d91f1865235a14
:6e0c64e286b1d3edf69a783555e6ace28742199defe093349b7cf9f30679130e
:cfbc51acb41758948659934a43f41cfa575d27f6d4854f443aa3deddd41a204f
:9bc7fb58d04c82f8800ad0fc4915d4cad4a60342f71e54d6584df86b9eaef078
:b3e7890cabd78dc900e4096b49fb980d0b6727655d89f64c95b3aa5d439ddf17
:b61de6e8a65ca517e846268dddc94088251aa8ab161499431f7856774a7e50af
:890b41da66a01d68161fd6856f27b0a24155091d0d601dc3279498951bc0ca66
:9a981837f7e34deda81ea1f9fdb901c709f2c5925e33dac239ea5461687f4cc3
:f6a8fc2403bdda6f59dda0748a074842bddbfde81b06a80515b745ad62e4175d
:88185c0fd1f07560154e34ffb27f15b96ed468282f3fea083a8201b7eb678cb6
:3a94153ffc766a059567ea1f5a443c7dba0656cda072983ec7aca31163465b82
:2e9dacd12c3bf26df13dd66c03bad56e16167698474a4060d927f660d31e9939
:37b25afafe35eb98a56c57016f35726ae9c8e472cf45f32ca7b527a10abdef9a
:7843e6eea471354fc459ec936f2988fa52bae175aadcba3b969aa96efa328831
:3845ca65641693172a95067de550cb8db7d74abc4686537392755ea6c637027d
:29f8c93e0cc572958e65b86fac00e0a0d6d9b3b684f4e105a186e860200d7681
:bab31f61e4c4b39c3b9682ae0a40ee08876145afbe8f5d2ecc56883977a7b908
:63bafac49adf1557c5642c2f8055e3118f87a8cb8852fbe5c2da685665d4e4bb
:0f7b9f869c7e655c178e4d6879be961a659ad54dea688bb6b62aad777c6c48e2
:cdb0518ba50efbbe2058eb9d21ff3c4ad2ba6939ffe2b8b74c4e73cd6768c89f
:4822d4627e57af45165dba304228d0d769111201232845a0166eb6e476aa5ec2
:f8f431cf8bde38a26bf13e20234d36e36fb1440741be22c871e52ef64256804e
:d189f2da06172c45970e405c66cd7fbddbdace44ad6f384fc61c8009af11595c
:76489b1d0ce4730afa1067a834de0d60c7d7eae5c373ea51327245d3e34db5f4
:ba949a6c3684b560e5af18cb87eac0db55dceef77431a83197cbf7284037a93c
:50fdc159c73fcd2b9454bf9520eddf01c2e16375878e55e3fcca7982b03c8bd8
:f7eadc6bdfe9c6ba5f5fa3168ba743a0b157efeca6e6a7ebc4517072d5728590
:4780f39a9fffb6972431054c05a8b64ce601c76ba4af028fa79af0320fd20bdd
:e887e080db56765ecbe30e7e31c50ca118fc5017b7c8784614a92228c3304eba
:b47a81740343322777e507e2fa8dbd1196e791e47323291ec12cec76e13efc7e
:751e4f3b4a2931fb495b39d5a82a13cf7e78db0faf3d48370595784b0566bd52
:e0b5c56eb4504313d4c8b4cd6977a284ab64067652b53061678c353b3bd16a69
:4ec9f646a1b082937543bd78e56dcb424fa3500c4104adb28407509d0e569440
:17ed00b2da8b12f2bfb992a773bf7d279a67332ef7f4f43e8c8ba1b3d8f44a57
:41e2c03773d37f2b9d4c642bb3820a2dcf2bdb9609a64cf3b976d86ceda953e0
:e2c1cc99afea00be10d20ad88a12e9429184e9de4a8913c5e4e00086fc40ed08
:fc5d19b637244adc699da01fcee87d80346a19bccc06a97111a368e492f71452
:f662ed285d2dda9a194c02eca85bd5809f33af8bc0181f42386e6b8419c82aa4
:ed8a86077289f13c3ac61e4d464ad410d32ba55f6fd1a02e1608ab9ac9de3d95
:8b2e425b55901a388c6104a96bcae31c5e0d8b8698413fc90ac06e3d6e12e81e
:f961bc8681315f35b3472ecf2e1738a33c43408090f2e3ac33f78ec7fa204f98
:ff43ed78616b2cf7d4b8b03f54722b590729a797f5fbf97b1c3062359b030dcf
:0ab1f8d2559c74fefe010b3c075cefdd28af636903942fd691d378cec52e9747
:267dbec1183aa141a9caee2f42d1b5d6b40fd13a3c2a548030ffbc99ad52168b
:5dff551d1d71acee18b81a5f3be534b598bd4213c40e375a6442eed0bfb0ac99
:da5e92c470a8971e9aee8144f89cc27d32e8741680ccddebafe03e23eb9b08b8
:e8091db0b30f18de4af094b019a3a512f9b6ff0ad4b57d4810d550e3661f344a
:fc878f0558fb0fd5b3f730364e527c2c51b92f860346d79a7ead585ad51dc084
:ac67fa80a3a4f3825c869c4bb3d8ce1dbb65c1e2f5e70a1232338682525f7315
:c3ec19b85794a9c7e867863f8ef7339b530fd89198c1e2072f50ec21d4261d81
:c4dbce95d6eeb5becab6dc6001bd05e9584f177a67a9a4e80602c35768342b5e
:24c31e0775a2a0208d34fa9dbc4647615a194620f6e3ad3476ab84aad5b14688
:aca85f206fb9bde6816636b6cad57dc86f9074fd03e9ae8d6129d9efe0970ab6
:f1c414ad04b979584981b89a224b51332ba3311997a0c65d90e97be1f61bae22
:13bba1c43748a48c86d1fd8b17a8196e1317e978d1504b1218157a40660efa55
:b2eec7c84cb07792d27b03869e17a5de27b84355bab37cda06d106ea5896aa2d
:c35375ced18987eecf49603bf4f66c3de7417a1fb5d384f623fb08927fa2137c
:9a046260b0c1c8dbaa6b1d00c1a635125f0eea882a6f9c8bd05181bddefd2fd1
:cfc72ea26fcd104bc016c064c8240ceafa458ef712ce9a4feef3587bc4cf2510
:6f10182f3994826387538af9512e21bd0fcd83a7710b468dfa499236e111fc4e
:f7167c8a87f82e659c943fed6a35f805a0666823dab976bea39e0f9ee85d59dc
:7b1938d2ce290867d36777274735acbc66a78f361bd0787bbc8dba0f16c34e8f
:d5f219cb25c03d55da2c54c3ecbcadaa89da113895f6bc9d73b34acaa00c0d57
:a80fa042e5beddff821e966b01dd351bea11ebd76c1ad7ec0ca326eeae59b758
:c55b1b982140fe2b9e80635384177cf72853845da5b3a3139826ba41ffb75027
:3ab9f85f3cba8811440c84b4f10e0a1ff987e2735100de44e7528f28f55e1cd2
:a2a9394808f38181054bda01d10010c5e13e4bad042cda307878f089f00f7fbf
:a22ed36bb10acee62f573e324be1e7e0aab777173c1b80124bf8f3e0a3d2bcf3
:49526d40f315d3c0f66c49909c2477cbe61fc1c3a6d2d770b1c6dad1b289605e
:ace1292ef8ac41b5b1883c25b671515a8e819aa3fc5b4ebe3182440404cdcdf8
:2d509035d9efa42745259e497a60c163ec7d6e99b146604e4763b8e60015fe2b
:b2d194da93d6fabb91754eb985bbff91a340899d701e1a858da6e8699f2a9b99
:2523a9c676895fb63767d5989ea7f0b7b9fc266c79cdfa5f449fd29ad5993b81
:b7adf18f8b9a6313283d577675594b6f34b0bc8e0302bc9d8565110c8b4bcf66
:619a20dba9f070df626597e89fb61c68e07f3069b2c9ee8bb5bf1fd9150ed19e
:645fa6889d2a579f11f48d667fb219c46d8c2ec380e2a52716ce8e95903e8a29
:aea860b4b4915f563345011c2c99689cca52a769d34d1ff1843b55c30171a667
:53a91d47700d4cc0fe9fbd834d9e0b969088d0f4da2c9ea378ccca25820c181a
:eed909d77796a2d1f6daf8bbd203d9b8fbf605cff60596dae0e27190cf259edb
:c95074a51b22cc7741bdd5d87f9207c60a46cc0f8532c6b64de0b55f6f421293
:26a09a01f1c78d03e40329ee392c10a102d2f25f582ab55d8cc94a7854931dde
:583cf2e80fff62376d12bb9e764650ab8ff0c59baee95aad4f3579113d8aee8b
:55688b05429e9c08e8c90d79295268d0c14f9c89f2f5bfa31764943baa0e4fb7
:022c634e067cdb15b5fb513d9404e46ec3de8b77f031c2e025b2c937a317b8ad
:98a342c0806719b82c6bcfc489d5a74e4f9c2ebd8b886cb2cfbce6ddb910ec93
:d82b01ea801de9a75bb0d260299b35e3aa2606ff26381accabcb3e79e6ddf2b0
:0b01a8a6ce32bf452c488d5885e92a83b07610a53b7191ea8dddf2f6d721dcde
:6dbeefec1cff9fbfbf5fb339966cf4517140718a0ed1d52ab8dcfbd0e7e38ca3
:368a63eebfc38a6b5fa474e6988d2e927a2db16d83ee5af641f0b2794a971f4e
:749096bdf784f45097a706270a105fd25f99c73f9b502b501ec42792810c0aed
:3e8e17a7ce4df03d83d05bf766800266a70df38c6a327f879141d3854399c8a2
:3ab14d10e0b2380567dd3371e2d382b631419e17d5f3d63bee57fbb1e5d3d0d6
:c6cd389e2ab33bdd59d148a2ef2d4e9844cc14f9e69cbb59acec5e2b3b7fc74b
:0526452e850fcebc00a9ef869306b465948ec1a79166e8d05d2e18866868c397
:b7ab48b8bd4dba2c78bd0a0e7459dfe241e24ca249b2deb9296c4ab33159a357
:469c34b51f53757761411827aac9ce9a943f446ff8e82e789bfa2c5276adaf52
:bf1fd80258675798de8197d3983809b54e8618f0f246f0f77ea363aaca0faea4
:e7568538c02a5833a5a24d8dad544d63159469bfa8b52c85e1033739445a7c1b
:9df97fa6e9e6a9368984c4f600e8446ae6269aa113aed780cf974c0d9733fca7
:fec61918df084ff5aea32f8c23398f75eed3fe4262c0d42b06508883e667420d
:524384e80542f57a93cde1c13e90af42e014f5d1a3232da0f6857ecd99bac1e8
:1dfd4c048044a791bd09f8c37bb44b15bd5bc2c721e9bca854dac86bb06d40ee
:172c1e212b7909bd3e12ac50f963e978933524166e3097b03fb00d8d06bf98b3
:5986590101d3545cb1cf68d6f304bd2dc669f837e0be51b1ae9657b672360746
:d57ffefe8aff536d7eb7ba3f1e24b821331a523b32fbfbec6b0f52efe2b44029
:5da3a9d3c0d08135312092361172c98fe23960b951664f4fb5a354b7d81fb067
:885060cb7862dc73370318811a7fa12ded2ea0407976a5d758b866da46e55106
:457f7865f0d957f3ccaf1b89ca766f56914895af48fd682c879330d22417effb
:b850ea366747042ef8bb816ecee39a565bc405753e6267309c18ec22c1321eb4
:4859690d5daef54891ddb001d809fd670fdb9bca721db15a759186ec04102651
:4b9c3235f84dc29e775b9ad97dd5187666849c16c648a0498f64ad9fdc710a44
:321ba068f62a7e9263f0a669ae1e25c7e30f7f6e5533fcad08b76c98e5c3df80
:bb73b92369b9554357895057dbe88ba0aaffa06e715ba521ec652fba3f90d098
:8f5b682f2b38de4d9b61dc91915f80ab044fb3bb8f718566939735acfccfffd1
:c9c4fad59e57fa63028c13687b3e1026bd238d1840d1bae7719b31d9b627aa82
:ac0fe9396848810d19c9e674ff2732dcfec23c7292fceaa15426a7427999f52a
:924f30e05c561e22aca271dfc6c1eafae95a2e4e9085c088eac2859040568790
:22c056e6fc7497111704437aaca3e84fd6e9222782194d15606dc8ec599b309e
:954f2be9dc1964aa776134d64c3b945484be4a509a41aba1711a14875c857071
:423f9d3d81b526aa9e5a54606cffcf532da946b9a349eb6c45044bb4463d69aa
:1624cd7fa104b3bb062f5b20f4f5f84ce9b5836a414e7ca63769b23c08451490
:7ce3b2ca5cee819bc507e3c697862fd413fa8038bb2af9fdbfe7c571c22e8d26
:010f950e05506e78a00f11e223bdecd88f14908e2d8bd1fc2b0ff484605beeda
:daa0c5962e7c1f1ffc9278ea9117c9377c07f6a4a799150d534a6ab65ad42e51
:4e30bba0e34d01976ba4bcf56ad8b94313deee726c665425723ec4ce28334c26
:a98a547a1b0d8a387eed27f95f29725180f3464acf795baa0201eefb9171b70d
:f12c1304c69970beda96c5fd2a3c811a38ade761839a73aabb2ca5030c89d168
:6836038cfee18a494db172c186545535aa19d64d93630f0c641218c2fcf2d692
:0094b4c72708d3b0dd899e0437a35a49d0e9f819b5a6899315a813500a580b45
:7a0d03b7424187885885b05c69d09c0a3933cc24eac2709ef45e2a891ee70b97
:daa0945fa6daa5f061bb7f6478d814c22f548200baef2befac7399b26c72c129
:0674aefe39cbb7d422972ec541c1d81899857e2ba876c79292caa4d36bfdb702
:b177b824c27ec16b5aed655e0130b3ade5e9002904a0e3c00b961acef3b41219
:1b68cb61c434446d6d7e16df2bd1938cf1e6bdf1ad5574abe5039f7f49c105ff
:fa55c791161b76bd790e8debeb364ba9a5c4cd852846506485281df1e7439887
:f4a14bbfbc3eaf0c5868e2b689bcf49195cc4f7eb0a80840b111217f838cbd3b
:42394aac6184e21077cf92ce31ffefc5537bcf0327bb5249fb7b13f44ff4a772
:475659e481894a062f185b6aadcb74d3c287ad51f640a3c888b7413bcc423967
:4e81c8674417e4570dc9b20571da85adea0f46cc8d9bdb108e96b162daeb6edb
:3d9d4e441bf491ce523ebc62375e256ba419a1c9a06d7aa0711e3b28ead5053a
:9e4415a1dcf73d728a752f1f897be44b206a6fd01a2fbfb26714ac6b34f9c7e7
:325bd3a966c3f5b87aa3f0488650fc9d118bae93d8c3576f4141b66a2e5920b1
:bf7d75b1b1eaaa098ab24d5a72c9fd7869e79389b6a411b46fc8ae02bf5a9600
:821f0b0e5a9cb173f4bee7ff92014f16dd309d83ec8c4f64392f5b88c5f24be7
:82d48b7744eb950d6c52a40dd4b551e0471f62bc746461cd804c273a6fac2835
:571dead2f3deb8c3871f060d00951d5ca2ab9e7edf7cbb1a67ab83bff08e4113
:3b171712d3bb59cadd36ba9b3be222f63d2292c29153c9cd5210465463d43e37
:48c9e30180172023567d1c5836c16568ae95a5d6db9d564114b9f3297051929f
:e0c28fb5e0d5852c199a3c8fa899491b888be60c8dc098a85bd8483c24d8ea5f
:b3acee3c60a39bc339a94ae21f42a9ec35789eb3cc2c70c74ad6b3c863df7517
:740b28f29f86f5f14322fd562f3be53d497cb7cdede150ec66b0ed1d684f9ffc
:c1b17d3f0d345f04470e9200c089499e05794bad38fcf70dea231f96163ed82d
:373203abc2ea79f92b887c61d642e461f8e5e9b105bf121b2703f68a9809427b
:57ecf50f059f90102f3e5fc0aae0e7339fec8b0a2788da793c75301ee3126c88
:a4a6b215d6ed602d6918cc70420a2bfdbc0722b2af2b680a1faf9d633edd54f9
:dbfa999bdc8da79064267e6c7040ba3386bc6e3a98afceeaff4c86c2e352f2b9
:5bdea00a2d2cec9c7c32218f14fd0dde351b3e9a566afa2ed9abe49c2d7b0bd0
:6a35175ce841c78dd7b2d472196c95794781f46a768d2d7609a19be946c755af
:c8f739e857bb107d6cd971afcba91967e04b3340a007ab07ab778faa569ba721
:883e18cd7872bb1bda9b25ce97921ae5fdfbf9e5dc2be154b35153f8a8a32f7a
:3dae420580a1142caa9f900d6c55dbe51edd81300a53a4239a8d0f0b65ad9d51
:02b2d481e7d6d5d6fa5b4d71fdca9eebb6f8636bc551d166c9e23ef9c9076dd3
:108b678a6668ed434887133b9c9b1a9b0f9a5459e2d1a56fae17f7bd49581984
:28ccbdcf6a1f66c95483c2571b046576777c87fe342c760f80e754172aab1297
:64b8188502376e9c7e52efad4c96570bcc185f1ae5cbe1ce66ce4703082edf0d
:e7066cea188a93d7952a00632c28241f3015cba27e10dbd7a7354ec42ac914f9
:0040dadda8ef652ed7144473b53e434fa5079855cf9d8f32ad2bf1e2b6b37c02
:8dcc06763f14d46cee04e4e5b495ee66342f92ca30b2d9c97b9393d4ad5704a3
:c2309e027a44decbbfe4337cb937dda15f16e6d403808e0182bb6d39b806094a
:7b477ab5246e66f1c1f3ba940473c83c77f29e196b972a813abde561ecff284e
:cad18d0b6d4162cfe224e9a9d08e539de65be8d31e45b4eaad13b43c213ab2f3
:4b30f0e5975875f7e000ff58043a6b2e07347b0b7f9740a03436239750dfa503
:56791e43fa9b3bd7360519d4c3721c369fa8ace4ff097486f58bca9b06cbe6d4
:426239454ef02ab378f0181853bfcaddd29d6750a0c39cab77640a6ab45b63a1
:f4189945b338f9ca4d6609b33cbcf980e6598ffadec50e6f5c81dcdc3fef0522
:4d84638cf09543d1df233d5844a7c26ad7a22808c5005ce4a72cc6515ad91c90
:7c2eacd3063ee9c00f10b1dee2c65f08597e43745a6917190ef6102624597064
:dbab46e118fb738e0747eb4d654ceebefa421953c9b356d851f49831e33bd0f7
:d672b17744cbbc464746ee44ecafedba5d044c2a8dcf4314a9632fb4c553cac9
:b965f5c2aa769640881da547c0a5eba98bd0baf958761f25db5241edcc2ce619
:de419b5cb8502c37f9e5003abc925c4b027a1bb1d7f7ee793aa6cba665a9552e
:ea41a2cb6df7c9e53cec5e3c80c05f4c3523b2172f28a614268b0bfcc56b14db
:f553f0637acea23158abddbe88a803926aa4aea1c15ed49a4c238af2f72b7be1
:03a953a4b04ca2509ac99325c8c51739bd9f49c348ccc05f90bc52e4c79adcc8
:15c2a86b4b754846320c6a76716521d26ff3c3e7c034a4098b99d783a977c89a
:d5d1d9c26ab72ac266f9357e341d86ac2bb081bb4ef16fdb03029ee6b47b22d4
:b4711d2f688c309fc804689cb2ebb4c705c220edbb073ba156dadf946296efcf
:5d90413fbb7588ee12120304fb11e466822cb29570215d3d622f4df2893f7a66
:cf7d35093de4aff5be85a7ce9d4d9abd279b4a78334198bbe2f0e52f2cdbc95e
:082225b228ce90a411d877b40a4501aa41a9d854c7088b5448c3594bc474c15f
:dfe0d2e4f676aa4256573ca5d68049b7159f19028b7b4d278b2c8a67a0f17dba
:1a74a55f443da9c011ad4dc41bd9495bb362d1688894b01f3d31f387166ebad0
:a13c6727b6304ff370efe8d8cfc496f58ec9cd6bb7c784809182642e74afe557
:c8e2bef52e1b8c116d7b09e1b5e9b795ebad87c2af9265f78caaddcb9be75756
:5caca6a146b7626cf3aac6b9dad4385a4f93b605b977e90110e1da11b0a933d7
:103e4a1a9482b08124a9af1f25dba55a55a1ee9a4bff3a0da0d22bd0b2a7b978
:3f3e697dbbff175592043ad9fad1e6e90cc4547a1ccb92033461c4e3598ff973
:73fb18ce982e9201d121abe2d4a9787f81680e37f43d8f991c520a0082bdd211
:950874efa8923332db4e2bd5950cb51e47bf92922933aa93fff3dad641329964
:b8eaf1de5863f9530da3ea208819ca9519c5f8b1cfa18b4261f1b9dc3e503eb9
:ddc05f0ee59ce3f09f2e33711a696f5dabffb938cc9aa4927b739c088e76db3c
:6db33b2505aaa6b8a9b1870559dffc9790ebee6a8bfd3778867b1c5f6f32e9ef
:2010b7d6d00ab6c2d5a13cc3cc15903b965f2d5cc13a9c2e222edfac9a1379e9
:af61286fc16ceb83cf0b0906d74bf5f5a6d73a6a1e5f36a69310e605f72c0118
:1110ef0f1eec5cd8de60cf82e196c0e1fe4ab1f579a76b8ff96205d338f17006
:a3b3765ed774fc0f7a568fd4cbb52d33c1d8ff57355151df0d3b13e6fc269a92
:d339c6e28be3eaa53861083aa82aa58ab60b30e9b8ebeb2244fce01163ed4841
:28e56062d39ac84a38d73c0e103870c1f6eb45536269d4337d6f6687b60b473b
:1202888e4550aa5562a19e3998dfa339a02be06361df8058842601e454ec5937
:2757a7b51829708e610cade400356c676f4a0f21a8d6bc4476dd617bc50d69ce
:f96148f4d085f0f2b34d32e48c7bb39448c0390bbe4da0d6d789dfbbf64f81c5
:721b0ba632cb2749adba097f6aa1a470d70049468316c18d4f83bcb5ccbde382
:8a2038cf57172483649b243fc6e9a530d1d04bfd71e53142089d18a211ab70c4
:01f6e6496f3e05af7122379faff08f2f82e25526cd2973dba88c297b3c61c2c5
:7c499e665374f9ef5cf4b30212231b7a49eda3625c4e6c2e80812aa7efa094e1
:5e14ace9e997083adba6f1deb5d79952766f997d96bd963022db1c731ff56aca
:65107a7340105d52faa72306a4eef75781a608d4bdabc0bae36f3be253f53e99
:daacc7434b7bfa06fa81309ad1b8a116c8cccb9bf6a8b77743e64c700bc8e6e4
:2bdfc1d633db61f25302e6157e3b636da3a90eafe630572026df180e0fd39aae
:af0d44ed0d60fd7355f79672702921113ad0402825a71e3ca3c9bef0f6d53285
:27fc0876e2bd994245699a1d74a77ce008a943b8fd25cbfb133d9091096e56b4
:27194fd0b6af283dbde560dcebed654d3ed7d5dc938f42394da4006fdf0a59a7
:913b6996ff87ea4020d735e8ffa164a9ef7bd1bd40a7d7d573a1f0a04942ce48
:e84d126ef6eb0d06429cc41b82113a2f05f69f415a63431043372b1d7346d4c7
:1ee49a364cbf491b4a4eff663edbbbeb083677a7ced9ea4e81e0c0a8b1522c67
:7e0020df5357a8fa35e839c8b054edd2862c9d020785909037975665abdc1c06
:451cf850a434bfe98e275e6e16456da0c82e76c4426d6030f8108696a97bf772
:968c2f506ec603d74915365bd1bcd0ee972e4d67290148374856dfa924e60de3
:c8294b06a4a0deab0cb40c81e13a047d289ef93c523b0ae7b6b36b2a0c12af9a
:e9988d8eb512f39ea65ed826cf8e02ee50fde8134e2e05f5b57eb41d7e3d0a57
:76a9d903700a32f62d4bc8b63c4c919b625af9a82cb57d88aa9afd5457f09bed
:784e25e82ca5f2b972dec4dc605bcf5f6c93016be6c525d5c45763d8169c9821
:c6392eb63e9dc159726176e720d3b175572763b1be376194352f782718285c1b
:5041de22e50df482b419e778b9c6412ad63ab5bfa2f64219f01cfb14e2561947
:fe13ec67772b39ee608fc8ff60aa8edb154f556a33a10e63bd41727e6f7dceab
:2ccd74ab14736e4d7e56b9b870a291bca142610af58e436927cc4dcfe9ca52b3
:75b9abc1eb28422d2647072f0bcb23d35cdbabce125ee4901dc5bf084f8d740e
:70686f28fa3d3795741f37ddbb3d1dd39a60283f55e0def3c95eb1fb2b0e0b37
:88f25e56db5caad7f7bb2f15272b69a1b0914997845d04cc0d44cfd54c16bc67
:cad082be46d30fab385758457faf8b46bfbc6216543fe0bddcefc83de451d06a
:8e32c96f2c058e2417845c349603f7579c7b2fbbe9cc12b06c2f3b09f060ff00
:f8ce668f49ed76a3ceb96a0a8ce240741325c658ee1190f8df84e0233ffee12a
:0a46e941b2de61ff5cddef4c39e34637e574ea07a835d2c4b54a7ffdee5b4f27
:4495929360a2d086ca4e7b52591ab7879c02e9b623cd942f1137a022e5e64065
:6ec0a1d47c14cde61aa2e06eedacf6a605eca99ce32dfb8aa6503d86ad3ccc1f
:1437534e7dcf4e5db68534d9969d3d9928faadc7a394146f73bffe19e2dd2d9f
:ff5a0a4e58358a499d99719bf1684a23e680f3ea7524b425acf088adbb50e5ed
:cefc70e3be53586c3071b2c99f47acb04547a05ded383cfd3386c0c10c3e6d92
:27ae4342c0cff92d4e3be4ed262e5dcbf68637b057065196222e64a5f048a7dc
:f60fa49695f7a7e224b311ef7a131a3bf4d950b53f09e4b95888893464729489
:070c0470f3b2e4591b656de60bb9e5310c7230a487875ab770df1e8de5be9e4d
:bf90a333773d32fc35002dc6c0a2c749134d92af6a579956f067bebd6b1c9c82
:4bc518200e1bea6de61e2c9b707d1673c7deaf91edccf40ff152f78b0ffed49f
:d91bc9a15f3dbcf3c29a3cd4f047ac9aad3fef5a3b2fefad16bb62d4f4a5969d
:490fa372884f4747118c201f3e22666cc85c3409705e2d5801dc75165181c056
:5e161126b9e1a18a15614a2447b9ab5c202d8f929eb4387f07efe215bc498883
:a7b27f7589b64acb88c310e9acd75857688f3cea4e479120c68973fb3959ba40
:0c814144ddac1b5c90ffec009bd84c5faa3c0f8ada636ec2373b3b3af32d63e9
:5bfa5bb589225b19ec8c0cc2253cd46b5927dc096e387f5ad93aa7e1356c13b1
:27bd638d37f2fc995b1b1a80b74416a476e4071a73f61cdd98d9071461d2b971
:ea00cbea56e4bc86f0e794101c9af36e22a74a27843a120c1d2d9ac8900f3c48
:69c3aeca560bccbc1f13fe14f283139cc6f97ecc629dfbeb8b5ec299d12a0ffa
:5a282089b2dc6975b8acc39affe684037963ae0eb239001fa32338ad38bcd461
:8fe49ee0760e5e5e4383bbb328daf2782c030012c41a8b0bd537b29ce26175cb
:c2178f49febd8c3c900606f16fb89dd8b48e0fcde6506674599f9f491f8176fc
:48a335c256e48cc21096b83d4ed54146af426d103a06e6f8dfa6fb6daa29a16b
:991ac669013ca0bec2c419635443f5c1d1263863bc0722759f7d35cd0b9fb020
:0ac96f7c17d2b72fe825a8149552bbed065275aa2ae4b596878d4dcb582ea299
:ef8f81d3dfb6af2acd983c68d0dfd8f41b518e83184cde417bf11b42f34d4640
:a4ea5963bee1ee28a76bbdc8668af907e85b22ff2cfc12945c3d3745f55812ec
:f1e0b7f761201085975d5ab7de90a85d3a8cad01c551abcd9e5c3f4c6234bc61
:48673656a04480cef2c7c6de2dd4bfceae0437bafb04e28bd9bb2795ac7cbf58
:5ea1b0f11d9fbd8d039ba598bb2f8efb3beaf69e8e73cd43e5453a91db97827e
:91ab548c981466a6ec6692a59468a049b8a6ca613e0e56d428543ef1864ebe7e
:74b4a67388e1905be2ed7a3d8fa4c5bd81dc582ebb225040c43518b815c3591f
:42c17384958a189319e5918a5f0a615c5c1b922207bad6370a498ea8fe6cdffa
:05eaced659a694046c50466261876f6534720b6338f8952f0f72015527538e8e
:4749a26d171ec6e7f14e2d2f771d28025b586f31e8d00828ed1f693de59fd6eb
:27ef5849c0f45befb8e28a7fd23371492afaf32bec2997ca71f83e3a3fbbe8dd
:59f879da80134a8b39060eb0d77e7984ef8bd6b64a17841b96a0db8cc84242d3
:ca68518ec15640c3b3a0b50d6aaddbe0742a60cd859ea56b6659034b5d6e0550
:9ee0cb10ac3bded5ad6c252d1e0193385c05b9aa0a33275c42e0098236547e6b
:99b0790f878c3d41455ec996b05d54da936e3f7e38df465d5a3702cb2bcdae0f
:eae720058cac29ef7c327950c426ace7e49f0a455990aea9ce7fd9c626086ce6
:b7ca4192ddbd00ee143e2620cda63a791d0f1b53e1700184edba7e7339c394b9
:4b472d5f1b648fb62866036768e4f1cb414c73396334f34c1a375329ef3d7c5e
:72ffcd64633c828af367349e487c92761998f4187357bbd06fe4485697141d30
:6c99a2991b8f1c9bdc8cabb4e702c05a6d756dbdcd1ff26c570928223e1fca47
:71a93f5b91bcf5659eab5137cae0e3602336adceb817b6bbfacf8280efd7468a
:d0d41ec5d3b49d5bca28d2188fd1ea536a9b2eed5b92792aca25fbcd224ff63b
:d0f65fe2637361a4150ca366104aa63210a914cc75c189996d873237b11b8205
:eede19acb919f720ea899c55810b3dac05e598774a14e9bfd5c34e8a1c8f4365
:8754bbe22ff0ea4d0903a3abfb24f4644d58e7136aaeeea515bb9d098ca59b59
:3c74b0e42955ffeac5dbd9aef315ccdc6c106aa4cb90ad42cef628518ebe5697
:9a989a44aa258be1bbb58d6a28ba8b1b14ce9e83990ffb97e36892abee78e3b2
:c27588bf65e0491427f2eec1c2991e1f3b55ead8b35e6d1f60ebea53b0c93fb8
:addbdb1ce359d55acc0fce951fbb04d53993de090f94a586f9dd344c628ae2b8
:bde8e531ed73870816d42c30aaa3a86ed14ff8247dd24b3b28e0fda83d7d5c26
:bcc606b5d318329ff80f872e600ff38fde16185b09e3d2fac76d636b831bb57a
:123dc97746a9c84c7c80b034e8b05f886c2bbb3eaf240204663b08c545264c28
:6852f0d585ef8eb495e8c305910b489eacd8b260fb4c42284975aab0e1e9721c
:e902fdd8147c1c259f3045f5f67206e50f4380b8b00447548ec6ac45ab81ac2a
:7f53ab8e0a59d41ceb9c89b46e66c4af721a124a6054679e202819b6e0692583
:5ae87b30115ac73899a4d4ec32df4cf0b068b9798c1f09c1e358ffa9fbef8f82
:38ebb9d69c3c89e747059b33887cebbaa365a89b88dcb806988354c1307b6717
:5d692400532daad890594f52f70eadec8a019385727216fa2094001c0dc888b5
:06ca40124e704582a8c5f5859ef548981823805a5b0dd8165ae4be9bd2fe31bd
:1d27fe4224044033ad1a71e481a2a99e30962a8786a74ce941ff67f6a7635df7
:efdd5c765786895a36260994291f94752f6f73797dcb17d32c76ebc6cfad0f6f
:be2cce893a3ec91d948771a29e1bc6bd8d93dd5c22c49245eb3516d20a88f9fe
:197e26f57bc85a65504f0e37d2c4f58fa260ca70696bf4ede0521754f3c285c7
:508cc20239413ad5999d0e79ddff43561dac7dc561840209fd3ac3309e466948
:962d14ab20aebd39fb48ddcd417cc7f8fbafe243f06351e8111a5c1e8f1798e0
:b63795bd2f39de9123baf8fb183cd236382ea3bd3189c0a8b9996fcaad0ebcf0
:3a78d7a1396f9a3dd7610ebd5de81892b97c1788852912d943c37510612f46b7
:38f126f44a56097e2ee6f9cbadd5079d118eaae10d66977ea5b94f3f0697295d
:78b83957b6dfe53129ff00516665273da74b1517f0fb99f75119ebe282ec673e
:c4e166ebf2263d8706f79e189f10078fc0310473aeb8468092591dd01bf8aa22
:8b80451a67f6b656fc139a8a72f75816223cdea932e6a0bac68dd388ee2a4322
:72bfc99d1af90f887ff3695adf611d7e90dc0f5d985600d000447878c57952d3
:18b99d592facb8341b002912970bd06d3f08c0ce5ad57fcf05652812ae58b13d
:dd490a86ed21204c7c3cc46856914e3f416d2628d010b9ddbb601a6e91fa5e39
:80cdcbfde48e95a6d7d2c08743782a9adb3b7fb81b3baef59dc03db30156ce28
:7bb1d1b31be4c9c5fa684ce30885b5fb9d883da91e0bf5f1c454c3ce0302f77f
:9cc9a5212ae59a6c9f039ceca82d9ba4f699feae36daaa40a7df1e699afafbbd
:6ff7e4400895ed0740db7dd88212facb27ab7d86b0b472f1394bd5878202e959
:95045f65c1583759167040b61204611689cd1a81f167829b4a8356803e135d54
:32f1a15299533b75371384fa3472ec9346f7fb675e93e52d603957dcd65a19ff
:7287dcf22f3ecad195c5ccb67df0d989c7ddd449fe7cc33cf8139a5d4c097976
:0ce71a27b7994022446364adfa7e1eadd77c14e0953fbca10619070a593ded4d
:33f5d9625fffefc0a65278293058286f2517f13492b71f4a622808ca377a074b
:61ce6d8e3eb0922638ca3647b7cb47a098cfffad1f677739627cd01229dec370
:a96254cadc203849f29581b7f79d2434860573936050b8ea95d582e75b2394fc
:6e1d44322c4b01e5c3d2d13bafe43788bebfc62054ae017f2df2a0ef03e63dec
:6329f056ebdff2e6a97bfecdd023676b90c9776138b8cd9f1c87ad2ba4517c62
:ff936240e048d9d7e26930b4d900bbb87742fbaece49eee25a9f40b839cfbe56
:b6607559338fd7b8c1fe9412c1cbd5d972e31545472faf6bd540e672900feaf6
:9635138803560490105e4c80348aadf3791b10414bfe529c266bbcca95d976b1
:7a9bb139e7bd172aad084bdfe7f12942fbe0bb8e8f4c1940ae6df15d023f11cf
:db6eb6f455ecdec4ca2d893870b0522bfdc98a1cf7d3ae4e0aeadd034de88bdd
:a0841411aae84e63c5701ff302d2c33a973a71cf215bec5992886acd770ff13e
:a4af4935d5ebf7113000894b4b8bbd0237ff7bf5b3f8aa82f5522cad173d1565
:ba05541d5d3a864e7d1c58efbf848912f71e3cd77b3e5dc135f19fe9b3982769
:a414c7ac30842df3f8666d19bbc5809664e9d038e89753d5302e7cfcdaea8679
:7e4d30cfe134bd9a123ddd4469ae6c8984f26da3f840aa5c9f95f6b83a6bf8b5
:1359e1a9320ea980d254a6252ffdde8d380958a5fc0364d089f2da90d9b974bd
:c7c8c24d25e8b35a648e0f91c75eb952a9a406562b82dca3462865ebdfb013d9
:8c5f74f2a0160644d0976d5ceb9c5a368f44a6b78b8ee31cc988d4b75cf2a7f2
:24c50f1616fdb7341b72fbaa18a20dbf2642db19faf130a0fc997d9e355456a4
:760a840c908e29686276b5f0b989324c83327f5548d0fbde43566c32935e56a8
:88146b21947fea009ea05dd133fc17f15e81ff0bce2ac9d3bab6326f9dfd3d94
:5d7ad344c688c0728864a9fe951b94e6b4c60ebf2a0f22c3fb09278285959282
:3cbaa64ccd369bd15297e3a39afb9742c1774f5e2b84b09965bf72181d018dd8
:9d565c67bb997217f678498211c961d1d247ac26c8ae557818a3485520817cd3
:a1a2b65f86c5cb66a8a108699317e9c225a912c5d4d2b7bc4eefc69f80c25dc7
:78cc80efada7ceece1f498ebd6989d6fb5fb04a97463581495a20a9ac01eb206
:ee9737a0193389809654c3f4043628cdf8350d59020cb9bc80aaa9d7bd97efea
:5d928f51a03a6da402d9678473a917c8a27ddac3948226661dfdd181892d3cab
:d92056ba1d280534d632654478d90e0eab3015139bf180fdddfcb824569d0306
:c36be034d375f3416a2d146e3225a10c775fd9d4daf5473f05d6c3a6eaff7a35
:8362cf2fc6ee5a6a787b4bd34202d77d680a8ab65c0b4b8f99b096b93ddde844
:303f246e45f64439417b32c90b2061cf24665ecbef1e12dfee20fc5ba273f95c
:ee2646af46e75f795c9632a9dad2e006d698dcb730b01e1f3b4eb4c01b028cdf
:ff3ce0e60ef93eeeaaa285a2741673110a5c9f0e130cf9c516af2c84b20a6b2c
:5be91d98e5a98c7c5514bc0377a29db5233dad993855ec5ccf0175f2efcb126c
:17ddffde905aba0a50086330c5ea7641a90150af6a543e40f224bb2ed3e7b35d
:996bdb66bdeebde238090f32c736cb7a7a9ff673b97934ea2416263d79b98656
:c62e2b6269ed7e3560860f60d1a43e7fcd063aa99cfd5556b07e4d1aa1743627
:b713e15a307d7c6616a806d1556ce53aaec7d8d4e0a003ec187f3c9038478299
:5dfa5d4a35669886a6d298af1278315cd1a2964d4640c58eb20b8acfba37c885
:4708e892fcce553cd51003a851fa9cb444d56f3bf7a33deddc5f3b8e367800ca
:ef59cb3ed57ff4ad2a9a80d006db79eec78f1bdaf75178403b872f3f5dd0f0d0
:dd8d40f624a44682a714ee9abad03959a861e6176d214169046585fd06f37acd
:9776bdf17ec96407e29d81f6bb5f796cd914007bf7bc0b312e0aa1fbb2712bac
:82fd2c75800413fe280d1a2a604c9225e76e6e87fa45ac1bb285089b4307e965
:c7d0c91d42e9e64e465d5b619cddb46fde00437a1de2484bc77d42da80860c10
:f9a234d1a3d0d6128747ff266879c477
:3ed769cb97305e6a12523b6690d7abc3
:7a9fa8b0c35d37ac66ea27b1e30759d00eaa01f73e0e10951c426d8325e4364f
:3b31ad4a9ce39c64e67b73f97b87c15377793e7c87eef04470e684d56b83a68d
:64d4955d1f63b32a3f2a428e05e4a3cbf11d2f91369fcb6bfdb51ef0bf9fc64b
:6a7bd4b890b67570c6fc737f070e53de6146fc203bdb2ccd482925a445c58c0c
:289a39552f95dda44ab99d0e1c039098f588ddcb04e5ff6228a6f76cbd64d01f
:6647aaa965a5fc7ee7cd34b9d522a9b61955dd4a8b466349c9ebb80069fe9fc3
:64325b3067f8a8e2106df1f2e1aa772bf13b64fc7b2a606d3ca0b3752273d783
:fc0f856e1669115b07ff1b2e99d7d0d5ea222751c1ec97c1a7f2244321af4db1
:366c9e4fe964f1ab8559d79b3f445c259bf4a226f378f2fa84fb4b7280510523
:0a1797d9ef132b1a49c5a280904a06b0820985b7bca16d1bbc087108f5cb4948
:2da011f4ad3d85bf95f4e390e51e225e36f13403d4e8ad70df9f6944553bb960
:b54818573aaa412745490d5e93f1eb35fb9f3b21e2e308edd24389e4a1d4d6ca
:5af6616c0f3e7537004375a8c278ff4209b79327fd8e545074812e27297e44c4
:b1a99326f63e109816c83fdc6a74ad05943f7f5cd2732089de79a4ff622c104a
:c282a5cfd3d1e9f4af651bf7ed5412b52bf8c4b0b6d463e82553ad4dfd24e829
:093047812758efc67025a984cef419dfef858656de6c30327d4fe985f71e556e
:78c30e5bbf9973f5b7918d63ffdab94ba58089b482d66af9b152bb4677f071bc
:029482dad3cdf72e5036be0c30c5f55f
:7966d5e5bc738a43d4fe976150c57b71
:4397b8bc6006c434e128491c27375d35
