:6096b1a8ea14a92d485af429b694ad400dda99e1a531ef1653891c61115291bf
:e92cf95a5d37e59a2abc6d6d10c859b2cc64689180160bc167e49cf4962b5eb3
:8cc263496ad6f56777edaa9d6f1dfc2ff44d85c844122523c0f9023f87d528b1
:6fec01ece699e96d708db5ca52e181d691aea4617d1ad5af4f50f3513ff7107b
:b4cfda8608aafad51b498c8ff89ec978eb11824d1abd71e11aa4ebd4493ac5ea
:8a91f8f6d7fc09c16049caaf03cd56953e80713921364adc1801bf12ff5088aa
:fdfd3b266694134a98fd37fd2978648b090b7d0d1bec5cc76b215acca8a9693b
:419277ea8450fe1924163068538839e2d1900cdf06b754b0267d42b49768fcfc
:0102aaaaaa
:010001
:c2da67e6951cacf8c2d6c2934c55035238b0ca92859102ee241f404de59c7936
:1dcca3c049b49d2ddc580cce7bfb279c61ce5e6ad94f1f10f8a9e9b734861a04
:51d2699fe3356c9eb748dd754b0687d93bdf8f03ec3db47a8bbd1043fd5f2ad2
:76e0a026a638e0d65fd10773080b97259407c49f8b36ddf8a9c1fdfabe5267ec
:c404e6f5e83282c5827c963cd592b32ecd5fd43ff72e1bf72b04ab308213756c
:f8dda4acb6384e79ea9b40da945c19e423f4170ae36bbd6e24c383e51e925d09
:c23c5d3e74f769b9f44251fc16644e55cbe79c22bc3eb9b346c4a44887077eb1
:4a5e931f8ec43d64abcb16106daa535e0b02c3808dbef301969307750292bd09
:39cd9869df86e63272df2298bbc00102d90619aa4f751ddf18fd33a227c925ca
:be4efd5f04308dff53be7402654e3b594e9a1ea4f0a43c625f258ce4b18013df
:059e31a6accf796bccfa1d6900605e1883dd65798b730c9dea4213a91ae44425
:5a370618c06c27c060c5d271c06b06788b22892ac07737d494f1daab2ed7b70a
:eb71f563b713588ff9a0f7cfd84b2150c79c0944069187b614baaff8792c8bdc
:685c069485aa9f4d2b7f7b45732e3d6884b2e76309d6d5e89311b4391ce10eb2
:c60d4457de65e7fcf7bd10ccab17b35de1f9ad5cd304d610f9f27d7192f21c1a
:9cf246648e6b3340f65eba68f12f60db3827b5a13b3e5b0a254b0beee96bae2d
:167a603fd97309123f8f89e68ff4f333aa8c8bda93d7456de4a7bd39a323cbf8
:74657ae1730a035e1b016cb60cabd08675ce6180efca415b862dd3f37f6d5689
:f3fa7aaf1f45f473df5a458c13119c047496c8d23c2b55f2d096438dec9603e9
:ab1bb55c2898b42769747c27762c8e529d8769b8a40c56ba1ee013f756e33e2d
:b0e60ccdb93ccc2e92fc599a9913709b70398b73878d503b3099df7017e82a02
:f53ad6f148c5844608e0cf296c2851732a58b45589df3c9d4317c2fc51158f2b
:513320abeb0b42cae93d42cc964705969ad1797c1c9b8150188be2fa0bd5f96d
:f29ca05f95bb6a4032f19b905f013da2eb4fcf5305fb34cafabc11147c5cdd83
:72493de5a2245108d17cb1029cd15454
:eb79c4cff1ac129507bdb96e22995e13b75b5e4e5f9232a7534873e259b13098
:0595da854285a04daa223f086c11eb9b
:905669924ea66f655ffe71945338846e2e7d94772c913180910aea36fea52c3b
:4095bdd468085e2913e04d3f5068b8a93036967605d8cb473d1770594c62414b
:fdbe5fa6fc75fe4f4cd56748fcecc01d12650ca5788080cf619eb4cdad16f8a1
:c7061eb612fc82de2e520c4f268ea5b896f2ba336d93f2a59497b8f860207779
:44538dbfa517e2b3e9eaf2447ed5e5566b782a26c163b3c7ed8e85b254c825fb
:a9fdd4d1ded7b72846de96e9da694851ca4a9c9bfd29a8d53d6d1c9c0520f1ea
:641a207bbdc252dc66b0ceb718ff456eb93375fe49b35825297f0c9451b47857
:9ef5446479302f702f5271c2bcc9466786c53306f68e384c62f67b16175e398a
:27161640fefaf4797bf22b00d253363b5be4055ecfb254048f400f36b4baacab
:b570a73acc351f27477c8357cb934735ad996d37037e0b4de7385deb0bd6a172
:4da81ae1a9c5a1749172f6dbf8328aaebbac4a3a59dba97a10d42141104b926f
:823d3c2531239a115b38f316eb7da3ca0b05f134840e220fec33ed3416077a02
:4c7b36be2f9b6caf8a89e19a1268bbda3859f541fd711c650222ae02803990a9
:4e442d65edc70bd86135c82b0e1ecb9e2206cd04277b87e8ce6d251f5ebfe845
:6f5405292e4e770ff7095fd22d9115865ae4e6ef8875fdf5e15c7bbf1700c5da
:7a24ac6b1b2c9ac26f72f23ed05dda68f11aac7d554bfcdf73aadca431184e64
:3cbbf8f60a4a194bc6ecaea6eb5dc060b781ea92b608d21eef4b1da8a125a099
:be42e926306925282536ca85fcbd4c3db3eb8f221373e0a497d0bdf7c260dc6d
:99638a24128f71b182ec8d5cd4fad9ec97d299d6fddaa423315e34227a235906
:ab294c66fd83f30ae59626754337437f8388670b600cfc4ce61b708a937bd93d
:d9272c97f7a53a91bcf3537eb7c9af382e97c8623f73eaec9af4e1484ddab4c8
:0d46d2e07c31f7bb689df8c58fda03a56b2166cda24a1ef50000a59f185edf97
:569c660ddce741a5f85db5b9a23233862d55a2d7fe1fb44dc15a40acfdb8c9a6
:198e2098ead6f2ffd7a5e11fb7ea96fc62bb84ee423be68bf99e45310f6e0731
:75998849524a2490ae924ee96fdf4405272434414423f3dbc659d6c347203d35
:93c4c262cb218e25884b7c3f1c3ea14ccb0c6c189df5eac6fdf832a109bc139b
:82cc3571d681317e43e877decd3889edbaad6d76766e2f5bb88f14b3ef1f3db8
:df9af882306856ddd3ca8b7b3df2ec4068681d11a504b6be8855e57fa28281ae
:ca3b4c4fce0756c29478689b4b47b2a7f41aeba17666425015bc95c60e69019c
:e841e8c238e9520fd4cf9404a145259c4fc6c3e1ce0b8c79882b29bc9401604b
:2cd8ec87562141f01df03d9b39049b726a5d2018ed03d5cb6d8f016ca8e03aa6
:b9bc0724a477a534e509c9ea7e91ae6c2fe963afe029ad5e7131b2f7105848ea
:5050a3941c47cc78f5b7b8653e915b3b0b73ba063068250772eb03eac1a993d0
:0fee2a01eff85197e51b62b6f92639a1e94df2c06f69a1dbb1c869671f9d8828
:c4bf043c99494750e97f53b999f418b12a5ee116eccc47868874295be2669a98
:c9132f44a92c71d9e7b2ae78de91281adb9ee0b2051744d7e1ea8e2363e4e8f1
:cfa398d971b483e461991cb821c01bf3ee162154604220902c1dc3ede10cc008
:88ac1255ce6a9644436e171153c8016922d9d660ae1ac5c3244e1c6fa11f8124
:d982a81133d3d6b32505d2bbf23631465c1af5c5dc438aba0e72822839a0d8ac
:dc452f7b7fcd4e1aad3fde46e48c008a8a5196f5803fbeb43b6d85dc5415495f
:09df37377fb388255b4c584fc1305142a8ed82052b155f94ec97be63429ba076
:03dd046839973f60d03b1b71c581d660c8ac87eb4a283c8572848aa86f6d03de
:a8cf7d0f5cd9d9ab5b90b9371b475795484d8288f738e6f04fe88a6ac83e521a
:4bd9ee4f7ce2c1fef85cbdde32611054e9c410986a742c4252e8a80efcf4d68b
:f8454705afb8702358f651cb7e0e8c7d873d930f540c28fd2ad16d6873a0637d
:abff50a481834ea8418359d67d917f65b36a77a9cb6741821433ed5a4a1362f8
:d62539a5fa3c951f68d483e3439f385c95682465e3799b89d3878727ec22e9ab
:12aa8288400f1d13329b41fcb4e2ec3f5927598b446f0979b7a2ed599a42f5bb
:ae412b69ea4b77dfcf492bfa8787657cb56ff2700c0f3349f9a83abd6250d39e
:84f8f77f1ecc28c0c604182235b9896858bd98b7627583d546e82c7e0f5754ea
:a00a96cfb690eb018547e8423b5a7e10a6075a26b5ded05bb2756197a3878640
:c35279251c372eede2647d32f35b65ec15068fb88cc7f746a77ced7e105ed159
:9f48f2a16b90d1832b9054aacaa7ea314eb7423f989b2f40b70d7ff61b10b46b
:1e6e07046cb86a392c3db8be1f16c319e79e47d6c6184494dce4d3881774b07d
:ddd3fe6ce0f215538586b59b3661c7ec5d49418d82ce6f201fa0b54e36ad94ca
:a156ec6870ce16ea7bded57b54d7c00a05e5eae9fd589562108b393687591b6f
:20cfddf4aa7d5aa933b870bf19b93f61df3bcc7d7a4d7b9e30fefe836c71b1f9
:85f8f95bc3014b1e44ead0cf2218ffad4bfd524d2582434b6894448743d58e94
:f3393dfa044e3c814bc07e22956c078590b5186681f621d75f21534cb84f79cb
:0040cc5023d213ede1744e8ee37440f7ff468d58b120a9e4794bed54eba721bd
:b0849035d8eaa5ca5ca27e34e3481d38a5458e860d4f15b6db34c5e53d5fc0a2
:e8bac2b5dcd34f8d31882d09e10db8da89e09cf33a6d35355be8963ccfda2ca4
:6357e9a0bd2d2022ff1d585564c982587b477ce7909b5047ba5665056f5fb812
:a038b9c801b38307653ff75baa41297d23d722e5d70b89dbc5fcde908f3cdb4d
:22aef6f64192466eb99097793e1a449cf2e78fd510e408932c2f89e0b81751a4
:84803a0220c23915b9e5d714927e3cdba5fd5b023a7b7b1a02368ba4442e6a21
:bdb0ee706d3ce5faf581a7036f2d80780874d79f31cb64a10d619b63d7b913d5
:eef4eecb320506880915237499bba78dec48711471cf712bbe6d710cfea021a5
:05df02b88dbddb058f7de02eecdbfc4b445796415458686791acaa858aa358de
:9e3fc799ee88e5af7ec783ab1da59ecab4c7f244f6aedfcfd4cf645f953d4edf
:ef90ae2ab71a458feab53c2453e0ac94a91e8d68cd7072f23629af1bdce735a0
:ae7b1a344a52aaa7f47f852802b03ea4b249517bd16c46a95191745f4fe4cab9
:ff986601aa4b65ceed5fab25f690fdac04cf204167ac53de345c8ce34d729d13
:4088724c172d588300c0814b7bab91f13a5b0bd5216e6670ea7398fcefda0e89
:e0417415e91984413d4edad1afc65e6f8d81d19850c5fccfaeff9efbfe0e8616
:24f7b5a6659c407f068d00510a40a69ffc2019a08890da5f499064b53758fad6
:1408a25f5c1a708b834d101cbba21fc82474f0582f620660a5540454f93533e7
:43aa4d2c66fbe4346e896bbd4db548aed768adb599a23385955c29efde430385
:65d78b18bf0492448eee451b1fb0e983aa0e24b43a11fdda159163ddb4153618
:a6b38dddc79f22275758e37589fccb891acb9669e37e317ca509e5168c96a044
:541b4023c7eedca4d168b43836aedf3cb90e4f6ab5fb709c4b9b4d3832cd232e
:aec201631d2226420597a18c7fdc7630fafb0b90fa8d082d546d7984dea780cd
:d7d85eb78ac6e798b8525144d712b7fd983c23f3b68bf0735389ad527f60141c
:0d59a8f4d4ca00df0db2b1401301b982f81233f0c3738958df7f9b68a8a8d82a
:a2200b9f6d11a5c722d598ed8fb7dda639b83d327119531a2005b778b660c2a9
:0473507b4983b9b603564cd0befbebf9aee96f478541cf4cec8b9ccfad829702
:9582e162e1cbe98cfd62ea796c810cafc48294864e16595bc2061f07458d1fd3
:dd256bb8256e6b5bd35046beeb4977fab3b3c90b5a11b38a4670acdea3ec0939
:9945126410c47e76179c67ad412b09d0746700d52dc58da871d356012776c43c
:2bfd7469348b6a0b6878b4b437e534e7ad1ce24d72136cbdf57e0ee27f5bc73d
:79e7462aca7cc64d6567a60430533516189dbdf0058eb00ab8f5e1e01b6c7b91
:19164b919a30240a74a79b480f3f91ce8fa7bfbddb197d4919a4805e82a22d1a
:5487d93bf9f22548db8835c5543a92d33d8a7d92d6f16c5301e77d5e0ab7b09e
:ad06b263dd7aca24ad8eeb757ab8f9152e478e1b674e191c50385166f1b05aed
:37d546d982ea99c96cc217745eba21e1546d01f7c1441ee2f5233118af8a7131
:159feb0bec54a1b21bb2166e7f0b6a603dd5d93277427a5a8f0e1a9e77c8ab38
:8d4df644c310fdd0a5a358b7777f431e81fd78615d4e348612c14af5067a5808
:2fb48cf3c59d8a2d7a42157adb76a587cf689e360b6509673c3c1aae45e35193
:617cee88af70d8bc01c20ba9d5c79fc0918d569cee91794bafc66be094252993
:b26f6a157ec83ed395d9f37fd62bb316f08137c00f742629dea990ac7afc3220
:d3861f7ab81d764787cb74e7500c698f667b6b3b41725eee1ce35386c883ecb9
:c8471d73c351a65719d1386c5e4a58b265055fa9b6ad6f07c6e488a65b11a14d
:1f9ee3e3f57a7db82062d4a98372ad225010c9baea824ba624f9752bddd4c9ad
:231a4db70ee24eb46f04496b744ef394803387ea7eeeb585fb5f4540f730f315
:9743165800d7cb4ee259b82f30b17c34164f6dde9e3d72738d0fb622e6c03614
:0d57999a19c722a7bd0ddaaacddf08c2567c84a54ed115b91b3e67842401225c
:4153c4539767b0a74669f4cd5e0712217eca7b82219099944b9188831116d8da
:b256935dce1357a5223f66c9a9e1753770333b2c462bdb6e73ea0f49c86faa68
:ea65fa575bc42e5a868fb28e54b74615f2ed363d4deefcc060d14e2e222689fe
:fcc1e253f319fc0c43bf11c1da7167b446f12307fdfa5c3005311a1af7f02945
:462a83b1a7e25f904459170fe978714c5fbe39aebc8f098abfc3d82829e3394d
:c103824ff70732c21d99210c893756cd073045d4887fefbbd925576136b9bddb
:c5a9c37011f03cea73ac52b8cb906af475b98bb4cadc9a8722b69e6124a7d01b
:d3a96b6bdb535b4c6885a7e855b096146b27a9a20e10cc9288d9333880acd169
:a2552b508c480addc90fe929c17697ccf16462d160bfa8a8178678f3d9a627ee
:1186011540e9414326ad978b7f28202730f9266685f345fb70580689f65f9008
:8203ee5119756c80e473c90cc4d176932b6372a77334783db7a02e31189f9f42
:a00929fb00d25cb3003492ffc590b77d48bf7e28536de6fea85332ff146b1fe9
:7651a117228c85278f43a9b314aa63ffebc0cdb26b86f59837edbae00339ae3c
:75af5dc7d288052d4ffaaa6ab9b1b59a7df72fa397ac35bf41f86868faf92f5b
:40ae309d5e3e99657c40aebeeeba43140a1e7b193ecfd621c18838d6a965a01d
:7c33f1fc5b0dca143172b8798ea919dd2fbb249a65453c358a99b464f09abd19
:2a982b8b62524132840085748591856610c5db19904f54efd0b71a128177356e
:5327145c68530b41e7984363338e4c150b887d71b3d9ae730c86eb96a4f2c858
:1d24debc8f1c441f935c66ad21a4754710052df5f410d5dccad76e2a9c430fcb
:405eb732554496cb6605ff632592d880d1de95e19a7e5593558075bf7e882b5a
:9f403f95ce78f78bb1a60f1cea7dfc04a319c62b66c07f80ce6cf821f39e5f69
:2a30da5b0d654dfad6cd9e87528eb8308c180bf63385ff5edd4688b318e079f4
:bce114a6104f8e3624ea31073e44dba68fc6310ca5e2e22f9ac80bb7e4c336cb
:1ad5ec08fd9e158f0f6c27e0cc40c19140c18c22a14c8034688daf1a8db72ee8
:204ccf02e3a03d8bba82e53ac42ffe52a6eddfeb770f95c5b1a0e676daf44166
:712e4163a34468ae96b668f1cc36c96bcfb86748fa791ff67f22bb1c948858af
:986eae80040e0119c01b9a0eb32407fe6434ce40b405107945a5c0426f95e098
:a2afb722898b5851873769e2706f3a4b183ac11ab50d924c88b5c0ded948d0c0
:9d9f7a69d0eefe014e5b8ea9c98cd70f58117269c04735e4f998fe0122c3b6b3
:fe879891f6175ea14a0449ffc284bb82690fef447d9bd12f1b186cc0245c8fad
:5cd221adfb024ae273212a6ee3876224f496710f063bcf53ba33191c4a2b00c8
:754ac367d599721837dda38327a385a165d36b73b0fd21850a04525a4f0a09d8
:40f471de020f40825de75a5ab1293aedb0f1c381acf50ffb784f534b53b16bd0
:43d25d156f81dcf1b240fdad5d259e86914ca5fffa12d1411eb186fefe36d062
:6cc694ad719ba855790b741b644814b8768c548a7d51722c0cd20b74fcb5e6d1
:2ed149801574618b3843e3a52bd2b066ef10f46c2d2e23f5132832882dfa86a2
:4f4c303d18c321d1948e9f1013c3c50548c4a1d8af4ccf4b137697554fe7a224
:fe0f85dfa9aabd65c7ac33c16c01f0212114f851a0b52455dc2d1aaac732c8f3
:98861fa9c9905b9f8776ead3721d37d9decb04108bd0b583730ccda0236b338e
:5843eae1934f910f82368ee2979b206d7b120e860d7007e03afc2e2787e5d6e5
:2be1848f7b22277d7ee6fb10a2f4e55b12004f192938830484019ff1cf274979
:3111881b92fbd2b9b8dd8bbc52a8417c2048b3ceaf1b55de79dae48bdad5d7ad
:a2157b9caba7000d9fce9ed9f30496c81795f611cb73767a9ffb98600b985044
:0ba923e85a2044e6e1fe9b876c4457aaab8b3f5638e9dbb10c5e294ed528b98d
:3181790b5787492ab56998136faf10659728d6ec99c1c8f2fe14db83a5cfadc7
:22871d1987955d929c20108f50335860fd06f3440beda346a339abadd6273c1b
:3545fe43fc54dfe8fcb1b45a93c9c567004d991a51abc5b930e7103c710c2ede
:712552eb201c1f3647c29355ed63058b5b14287eb917941ebc547f8d8864cde5
:b748773d045e56f4bb74097dc56c277fa6d8fc5b1f99c3a5a77f0e2cd101021b
:857d0073cdeb511e3395c520a951dfcbe7b3cb34ddfd1ce0f27ffcc79d1539b4
:5a84fe7ca770a3ea1862e5a2236dab6339fe9ae521d28c5860e6eda86d398831
:81f1d5825171dbb21ba9841c4f9b988c5ddad23dd345cbf4ebac8075ff6975cc
:c33ca53d4ffd83c59a463192346d66ecef5d763ba9281276d8dd24d577dbc789
:06a51377c3e75aacc22e5da57f0306c02d92e31d3e04ebf17ceff30b7ded4bbf
:29e488676e0833946ab2d6f1527a7920dca7fbb433279c9ef14cd326e6132c30
:5523945aae0d8eb7bae2cfca4c4ce065585a40f6a40a53c3520e39fdf0509e49
:1ce8d348166b9d99f62e1f998d91beea4ce9881adab5f0f725b5fc2c537f0319
:d4e813c2c19676d739d83f0083541ad74d830bbc080730e7e7a8c411445c4a88
:86499ce13ccca026886cb152b4abb4056ecb5d50ddffa32f87875aa9bc33c7ef
:9a1e9ebf2b2dda930867bfbe439d6284ee4f9d7bd9fad6248d13d4d3cb745592
:a21eb00081593c037815a09bab245ce9a7230f7f84b9b328a037c9d2be9fff96
:28eb222ffa0b061a526b611fc7f99ed463cd6553d6b19be3f6ad4f65e539d77e
:2f1bdbd4fc195db2a127ca5d2377eb7801c16f6f5efd4a16a97b4273a97724a0
:6fec745ff129b3f1896516764b0b29ba7e5c49ff1bb67d37f78d77de10e64ba3
:26b39a34744264a9486a7c45bf13b082ee1f61faab6e3ac398f19b894ff977c2
:64b6d931c17f7a790e6b91f84445c284378472bc565369206cef13e948d474ab
:0ea27107c047dec90af3f16a0a5c8ec3038679311ef286ceeb74d18282244243
:d81951cd09fd948fe2bd872e5d67b64e860cb98321f34fab83616949ae397b50
:a07892f31b4e6d2be018fee895f50e3fd1f0b8ebfd07e9e512682fe44f0b7bbb
:7ba77bc8dd86af566f2c5cfd222900c3a4cdadd99876d4d61a95d0670deeebcb
:8829cd2e9a55e390bcaaa075efc880e5d0c6f1f3c06c639f0ff7c0b67401df9c
:0c70428e8abe9937aecffde85eb4a330fc85ed303572f5103c978fcd77efd7d4
:d950f7a8d54f3f110f3bb81e0ee7642719465f79c38ad109d3aa06b66581a748
:fb41182a90dac0e0a0935d3c059d83ee77681a9a3dacb7fce951af5e2e6cc20e
:34ed43113766896a194706360957af30159561aa7b8636fe80cc4a94d5d179d7
:d036b1a0b1017f4e556e7320ad5b392e4360886cc79bec8d400a3ffcacfaa099
:cac061b0d9c91fe5d59d6202d9fc69f8a4bc9ed05d9cdf9782525aa0dca69f8a
:1603ffbcbaa46bd8b043d0d3fa2858d7fa686a9070a197a426b41f31fcd1821e
:b469d47059712790ad441f084349afe5c94b8137d43df2ff4bf7008c19eaff95
:ec0e14d1b781f3804a87fc3a06263042c95315bb4d769dc779c0ac5983f79f3a
:8ff91cad62bc07987c4babe1c37965fed7e8bdc10042d21ce03191ea96a45716
:068b2fc60693bcbf7e01b069026ee758567da30dc210864784758f5083b14703
:ca1d793821888ec75e2b55adf9dceccc907b91e28010b3886e8da3e915cdf024
:daed9a196ce38aafbd67be1669d9725ca305bc433c6dcb604ae1cd371cbf1c6b
:77bc25304836bdad6504800d1f597237442216df1581560a0ae7a22834b000a6
:e7da1ad486e94e5a1f02c4644ebd963e8f5d26582ac5eb42a33ac8db71044cc1
:652d11f9f3c9e81d6436489b504c81bdbe5b2f99845952a9b4152582637a057b
:d06aaf4bf4e6d20c184b5262cf78cb815de865c99472d52c54596dbacc88080c
:c93ec3ff6c89807d867fde4112bc87bbd5997266199880c135c73241a85cb3a2
:7526ab6ab47b47e6f611df40adcabc26e245f1277a75d2dc089fb81f9b0c09cb
:e442fe20ddfd58e564d5f9b43be9cbc59f34238ac153bcce338a01b4a88e940b
:16646e34dc11bdae5381ec8fb99cc4dc34599b4ab80293f312f712764a047fae
:c481f38edfabeb61b1bbd098454ef87b7aba4afc59de5a8c77295a5ace8e8857
:14b4dedf277f46720f4b44b1c75f886926ba871ab94022f908af61b5e5d84ecd
:0a3aa38b5527564a6cdbbdf3653a76e13298d6b83e7e8fcbc30732bc18819244
:9088dbecfcb041580e1e5fdc7b1ccaeb4965d7957c42dc6ea82ee4c644c084bc
:afc28f6b0d58c49c21f0faf09c3852f79e11e3a3c2d797dd48a615c60970208b
:372eb17b7532fa5505eba802a551700743c4da410f095d8550f63a7b05db0b39
:0b9e7fd5e6a2fca43cd40ffd2c4f83d7db9e05c08f5f4d92666c72e4aec1bd65
:d8083ef5eae574f0f537332afb5a9ee20deed55f445cdd647f24a26b67a6309a
:b61d7210a85266196cc29b03ca3c8360e14b13a7ad85591300de2c49b5ba8001
:e6dd46eaf3a2d3a52306a3d2f7c1743b1f63a564b9507757f0ff607fc4a32949
:79b5fae58af042e24f1d499741f0b82ff8da897a14bdf2e2f97535816a3045df
:7ea5fadb51e9d2c95a8812eabed84a77b5f9e66bd045fb62f18484da67739446
:fe8ea3549039866a88597cffcf941c86a7b6f2dfa43bc97e376f62937d35a071
:9cee3f39a1aa53210ce82cdb6f2f45c3b9155b0eb3552cb06eec6ecf7275be01
:135977741e98505a2c70aff87c5c8d730dcc9e5873f422b694ee37d61f988d73
:e711832b8481a62a0d82d99a36d1939772faf792943733433cbc440b17d160c8
:1cba24e241b1f620758cd007ecf3268285224c43e0aea574e699550d256491ea
:2bcf1079b42980782eccbd414b8b92958109958ad9e993bf68fd7603aaf14fdb
:7c09a67cd376961f2ed634ca6afacc101aa1dbe0888ccc6e1d4b701b22a72b9c
:7d56a5bc681e628946586f46786d2f8b24cebbe8699c82ef4a7140cce5953e6f
:b567df571861084eac2ce813f0ebefe9401a22aa158be1ba3eb9c80c317830f1
:a973a8e74ed2e4438d703f611ea4be2d33c742b38314c781fb1166904adef19e
:1a4e9ad30e8e7b08191ab4f4fd559727b0e8922fb1ac81c322b53ddcf20e2919
:7f49a938fbc01082f518f2161c752c1fc1951d24eac8bbd3c347417f82a47875
:6797b66926c2294bd39d3df8a1b01857fdd6a6bf1fcb4862d2347cf8ec41c7d1
:e2d7cf2853149f1ace51173ebfa8053465d819734e5c4d279ca8160b83077ce6
:8f8511cb542d84efcc9e8d01cd734c252214f2fb97032b921e5fc24dd41f1046
:32316acc2f3a706d0ce0017f6abaccecadd101779b71369e6b95c48d6813dd3a
:5415ca02fe2792aee0a2a1385ed4970b58982afc81c1780f4c8d52754cd85bc8
:a4ab5a05bc58cf06b46a9e5dd6e84560a201f06d69bca4bf96798fe740908709
:32a5d19d4fbf59339b093afb5bbb1e970234a41fed8ce1e8ac408b109a49413b
:3ff5ccca1eaa0883731d23e475870a073413b8e1a413e96750bcbd2d992e5006
:7a9adf1409b883188aaf3b98f3082e61149bb1a4552d7f597f72e7ddbb2116a2
:f4205428d09a4f31361138b73a6655e297c758711cdade7a418063e10f26dd25
:bfb1395976b5b2234b474fee60a1ae678c4401edf6eaad1286607cf1bb456022
:45f466d99b59f4667df42c97972e1f03d4d19e922a37c69b4ac6140ea8a98ba3
:0a211036f678f655b7cceae2fb9bd554815d90bd5e6a619e0f5a5df47d829a66
:3258e01f9e9f9c1ba199239cc35576371d03d8a5f1894b8ad63d0a22077cf1a2
:af340123370822129aa245f631c50360ccc9be949203a97aa70052c9ceb75041
:e7ec064941e958522a21997b7f85cf49fad4bc8b0565ed2fdae12a5f5aa27f82
:c0b3fef9e9d3f89820dc0da55f8f742a4b1e7a729d0215f103b4720e744b2bf6
:9198e8bf5cce0193d809f2d6d2d4b91289ab846db4fffdf87c13607db7dc7d7d
:ebb51acfc4153cdbfee2aeafe98f243879a676de9cfab46865432f70b9805a87
:a951f39451de073851d322cc2c2251d5f2257f94e485af21300f9afa75358887
:06bed6039faad2dac8c0823c78ac7d621fae33a9652d06cfcc9ef97c46160042
:9572d42d8196e179f63ec481652a922d5a942337c71f7fdbd88e147d72330043
:2e4723b3e6bee1ed701417d7cb02ef71ca5e8d877d0ed6eda6d7582e10b8b6c8
:8b846e2489c9e92063307a73daefb101cc14c6202acc50106b3bdefa5730fc31
:17d2079923d4de01616d616661b2f5dbf679ee0826dc7941e25d3a9e6594d5d2
:ef5257cba81875fad4fcf81aacafeaafcbb0d2dd23720967fcb8ca2581232581
:a999eaff894a6cd1d30f2a9865084719bc09a3afcdc763a519dd5493c6eecd1d
:f3ebbc9f2345620aa499b1896ef9563ebfb7533584ae77575c2037288bee0183
:ecf75803766d1dfca65a669753a57826e70a276d2e8f975e132f7c5ef08fcc62
:bd32eda6dc9d6449d63eeaf384d60138758cf651dde30a9401f73a6f12787613
:f0be91e3c88a38adf8e22edbade26507de21783d0f3fefce390e065ef93248df
:b402f2a7bfde95f129471054dd69f8f1965569bb5f412ce01fe6fd47d30d8b5a
:95e1a41a3f7dcf65563d72fc7da82bc62ff8c5445435326e27415e11244b3cdc
:d4204fa844cf247e6c4fe52bb4ae52d50b633be765d560514f10f95f5ad82f95
:68a9d31340853c22668df4c64f1019a9f0952dad46d9becd077d7c3e37f5fa61
:a401ef652bcf4f4966d7cc19299fab0e8bbd4181b4ad0aefe0f0bcb06edf05a8
:cf94d43b90d2ba465511ee0be92693eedd5d635bf8d1495735ff1aec113435f9
:684984a37d4170f8e0085d27a37d47238678d15c47a7970d7fddef4a7517f7db
:9fa0dce819d8394bcd0c3a7877e511f861da6cd424685e90d0de2224a7e31c9d
:71b9ae600670e4834679d15a6840f9466399e5509803113c2e441cea24b04297
:52e2013735e968838a2174d2cb7a3f52a64cbdae2b8dd9ebdeb7e683224ffd10
:06328beb90e027ee9dfeb832c6ebd0a5d1b696a25bb3510be170f885eabffef6
:198774adbf9c2371ac53cbf3d671509fed55e4a0449ef396dd2917a49407bead
:d5deb0e2c629d346746dc296e34476f76c45c2438d7a7f4e159966be340b19ad
:5678ec0449390d043ebef3a1987649a11119e0611aca463d7f88ee80f42a3b9b
:2349d5f08f700c8a33de913dec2e3a15c1f07bb55a641a5d2b78b5748f921751
:fbfd98d974a58ba60a17adfa5c6dec9c9f63f8bcef6c0468177fd5912a564c95
:11157ddfd49941e1eac0d506e02e0ce849313654a3e61f6fb9732ea7185135bc
:0395fb8a2836c74536bcccb46aa0237415c9c39969098d24d53353d451fc6dee
:fb5b1c99665ec3979e2473c3fd8bf1036164f79dcd7d324ec5f1f67958699ccc
:b4785b03837ea6b9c16577eddcae7899cba2dacf759d0caa4bcbf31c1059dd8f
:ff172d1aef98e2ef11066aef9898bb50573be9a331ff2ea9eb812e61d1cac093
:aebd0b4e8531d93f2516e625a1ad477b7318ef25759296be12970a90e964ab07
:2eccaa78015d7d824308e7834ed1e7cf3b71da9d1a8210aed0fdf956c7735794
:df952b5ef1898f1b33af85c23b6b4d6f37940a8575552f0d1443df18ab06c7de
:6bd54df37f0f17b81e3d7b65aa5bd2082927cf9a9f433554024209c9b72a8335
:2d186fde0d89025ca44892e0c1bbe4f13fdc4ff05cf05e1b35015d0e3952117a
:d346f7f2aa00e7521b65731174b83c078747335238fe63d840730d52ce1382bb
:9905d1b28784301f1deaa5f79a91cf35e235e8bccd3210cc76b90a961e1a212a
:a04c13007a5ad9ae53b28e4bba02f04fbca06dc892788ec770d285f0e989ee57
:a3018433400aeb3301e48d07a72ba6b0fd2de07096843923b8988952eddd18ee
:184c249bdc76e782a9d03970b067016bfa744cdda96f3befd01a4ae502f4f65d
:b3f983ee7ed7bd506a3ea68903f8f06d4ccfa44ecb466df14e988ba6d18a0812
:046d66a3f5cf7f7c762020c00766d4e005d4e95ec2baf47c24c8d3725ce7c573
:aa64e8b3efe57fa1798b7a3b558b65c2da5eb126f9f17974842bdc16713956ce
:2923cbe7a28076d1cf9173e32d3b49882213e74f5e47e5a9f68a9d235cab8715
:457db469bc61107f1bdd81c33d6e2f9340980a404c56ad5e203a5ef38fd2c12e
:37b1cf9e420bd3d16e25ff3cc803eec3c940e83ca1d9e54ddca0c8f96ef22f1b
:e5f0807eca902298a1f666c69413a19a50e37983d9b3e7f2a20769473ad408dd
:7bbcf0b405378b806de073ef10c54a4e292f166a77e07af313e066793c2fb34f
:2b59d05f662ad45bfb836fbeb223e9e0d467c6b0270cc74e00d96e7a7555ea75
:da85fe6d71fdc9b7908d6c333e7cebab42bed80080b0c550043822a8ebdb0649
:f77fb7de3f9df009a280402c8c02a711a3550c681b003b1c1a604916eb57d760
:9fe3d966dfe9ff7a2c90d0b837070d43de000825d139ca507a45aa7df87da381
:7f4ddd04e2eb054e1d95abd2b8a80f8c48b0d7cb60536e80786bc4b8945fddaa
:7e3748feb5408c1289c4f91cca22b2546539c7a58b47e43a36701ccb7d713f9d
:4a1f23c5287d365d0a87ec7050157f0465bd93b4bf3710107051eb99ebd1b37e
:1ae3c482ea2a41c9415aee28aa56d045ccb0f5ea539e5f26934480a1a31b6b10
:58edf95eed5bfb5bd90d99092b89a354e6a78f5cb8a7a20fe75fba6866a994f5
:43ef0b6fea30ff22c8213826949ff277b4d0f86300f2e8c35dcc6d29e55a2f49
:993c279861615e51902c131115cc681dc135cbe7acc0026a548a77bcf9a181cf
:cc952edadf3a28874028f42ac6945b974b65ffd6d261c324a094ab1f16fdbbf6
:74c835863e36267500d98e3110c12e50a8243ae31b016db0852db298c942b044
:e9bcf7d22dc25f1011fe809b2188d255040bc0f4b5fb45b18745c5e07905e637
:8bbf995d70a08af519988342aa94ca70d28e3d3c2187efdc49492910e459e743
:2d92d7197fe6b8698dc2bf9121eb5302f888882a6a51bb08c01a4cbea47e540f
:710537744a2b5ab534588bf71a9bb46aa0ad8200c6d6171efbabc98249abfa40
:343d025f226cc24c9f9855a4bca1f2b7313c31bd9248c9234278021ad9524405
:600fbe8e4b983c09d98415cadea5699399179cbd9a8330265e1baf8219d418e1
:3f5d5c7acb805cc5156657393700b8d15330a8c12b044a819175a02caaae8fce
:19e3039b811914ade014ef4c7b38b0542511b9643377fd1db000b7db6a1c21ec
:ab0ba9dd6d4e98e4e0b0b756b4afff57ffda7ab6c819c93df71a3f5eaecf83e0
:9f70d3c247138589424639af89f4fd88a13f8b7fa43e113202031f8f11fa27e6
:b1dd78ef5f6e6ab1209c0092895d7ad9af21218b3d8704616a1d5311716dbde8
:90f0b5a5038fce88cb2d4bc511cfd5356256215f8eecef911fe25555235ac24e
:f4df03a504c542c7e807c52d73c7b532c6d24b5019e37bc326bb371ca92f6415
:d90bc32f6dbe676f47192a9eef20c30fa713247c2efc79ef00e1c2387b34ad02
:d684fa70b6fe9957719dc0f387e50432503f6592f41a2b5c248d99a531f0d615
:9128865aaaba9e42d6a69dbb19a6114be5d4641017e2ce1d3f2a3c5157f76313
:835f367a3aeb6896b21dbdc41c2c94a7d220b71105654eb9c86fe8872e761f0d
:6359f1299dd287e2f7daf5ff5a8b99fa8bc24e2f12bb7c7d5ca5209e20af7f64
:55ece819c94865f03c840dc235831c3c8ed4fcee616b7834e6b25f3de0fea7ed
:8f9c9d1acc80efb4eaca7b4503c09d93161aa9ca58ca246b484be1080f8e2bcf
:6cc28931185c5c95f6ad675141587ccaa9d9fff41912143bb60b15ab1484cedc
:7575806474ff38bef18e99eda1450c1c03194cf619f3d6d24af59bee6bd4b6c3
:2cd49efb03427798374bcda2f50a9164e4c7cc44490b02be2015b2458b00a5dd
:28c1305722fb574b3f97ae252c27af080eae3facb7f4a1a107f98d62f83eefb8
:62a25bc72a57dfbc27469d59c843c3c5a6c318852e3daf213e63bac484bb31be
:cf93d607b9c4cb56205193a675555eb3e7f2822ac67736e75781877ff9f7a859
:432d2b84267af9bd0936030566946674438123a3e231e2abbbc1797d1402a941
:ee26f993731b0d25a2b8e90cbef2e78a64bc4b9270538c340d7f4ac7463cc992
:c5941cb6cf399551ebb337022efeaa412857121f7841b8c005ce8ed07de67280
:150e4ca4e062f526eb274f7038da712cfa3e9093678b86d5c26fb8713e4c5391
:9c9a9527ed40de615687b3b0e6376334bb328cf1c19633143e51f8f8c804ac16
:dabc3035ffdc3966438abfd52e57035276d2d892c68964f58ab8515fbaa43f76
:f4c5e2143790aaa2763d449f5c271e524f7e712e879cce2122cc6d9266ed3abd
:1c58e46cf0384dedf16074fb283a78c27956fc846811751c42a02f0e94779956
:698056e52e0efd074c3772f5f670988ee35fed509bb4523013dbe2128f567e5a
:95ad24a864d4805b1e10d1797752b3dfd50708abdc3d853bbaf4c0801c89c43f
:09f334f1f32b41147f97aa9b0a1e40d7bbd555298b267f33d9383a6618d49b65
:00786ea6ddfc677b3004c3b3d202694e5cf9778b33571a1bee2443541da839fb
:545514e198159d7a9a85ee3bf8d1b2eae9ecb202e71fcd551fb48fe674c0004f
:cad5c13d6c4869e2f96b9e610eff145ac1a5026344ffb78743ccd74cf9865adb
:61c4770135637eaad6cbec224ba3823dedc099b326ae73f93768f1e224d94fc7
:bf3abecff3f92b0a6679104b5f1548e65eaa59f6bcf3fbe3e1e2c366a12ed500
:28460ff97c0d80bf698b531f3d2609908068821e69de974baefb79e687137202
:21ab58ad8c7d60623425f6b7f3e40e260184523881db05306c561edc7a9ad49c
:d2a4cb6b90848ad8d16a030784ee9a3fc5c5bfdea27b1bacdffedbc1642e97a3
:1e475d5658531c3606d7fec10ce1b4a3c880b98dc6e332d9abcff39ba2768f5e
:2d0fa0d29122de974eea53cfe38e9b821ebdf2bc70f0ae6ec503895a8901caee
:94fe675b392fcbb05c51294a7a217cdcff3a3ecad2f3b640119d7959f08740fa
:c3ec69d018aac87b2f66969b1a1ab22ddfe94e178cdf02a02cc14321adccae69
:eca980f086eae1067483643ac232f4f1c0dd440c7539ca7942f3f6a950540235
:5a61978a684e43b2a9470e9122e2ae8c48f677e830aa19f027dec7ffee1515de
:14982f07980a8560083b664062515172559642767163b09e1d891dd12184f8ce
:0e0e691969f7fff9c7311e8ae3c0328ea4060076a5d633ddcf84df6d8eed371f
:1786d8791194090c2b5f409f05f3366ea272ba2f31377d847c9e61e99d75d0fe
:3c9f5005991d801be76d5c4cc54cc69a1d5192345576bdedd8df120197891b36
:b65c4a603e77b23229fde2d10f3e6fc1ff6ee93daff4229b55cc20b005f270eb
:006a7ff89ba61bb03c4162c3d5abc1266ebd835a4a05cea7b27cc05284ab1b38
:17cc3788fcbb83c9f2aa13eaf57b9e5ff93b2b41bfca1654132bc7835365087f
:410b6bb9350ff982976df8c7e1a26aceca0b6645b30e35159891945b037c6ea4
:437d4a013a3252a2a5abdaadedd250cecf0a09a1a7223480798f8a4fff1cfd50
:68a2e6257ae4fe472119e75de39e27f14b031cedc74077474bc19aee8a5855b5
:804fa8f115d44f331e2626136d47f0eaa62eb445264be4a0999d0224441deb20
:a8ad17f217f4667797b1dba5d4018363399bf9afa4dfc81b17d49dd1d5d68b3c
:e709911adf63de7371286a1d2b99aa14d061edd21818a491b600ab84f6e389c4
:940a3e762dc5ec705dcd65b8a67c0c1b33194f9e9855a3d982413d303a60f7aa
:8083f46afef52396d9bc3fe188efc9acf92e994462be771c55819a7d09b95187
:96554742822e6d3c002a5f4db6731b8b16bcaacbee20f96738a73c5f9f59b253
:ddde1c94d2c77f2b2832181b598ed805505c319f2d65b1f886d5c6e0e7ee8922
:7136080f1c3285c6a6cefc851b4b98296209aca645fc28288d22d3760f8b15cf
:d7e5989b30319b2ab20dd2d2bafe6ebd5e940d8d35d5305580f4c4d98ab35d83
:a8de68a8e4c9a96ea6967f755fa574caa91a3f7d9e6295d92a3840dbfd96e87b
:a607355d9ee451909667fa1b7e122dbabe0f033614238d9bafe17e9928a033d2
:ba0ec859785fe863040c888d84a37c84893492e3dcdfb0ff8260ab0666f9c292
:985cfbc43a3152c56a96f5db4dce4fbbd00f1e412106936fa8125996e03978bd
:2127c1f09038b2d16cbc44e37852dd4d5d622737a9d831d58f3c54ba5a85c2f4
:232f30fbe2239b98d4a5ada6b27d8d6c8fee648cb8b5cbf43d3fbdda5b0ed67d
:d82116df1d7505c9b1b35b630840d188db5e749114e3e5a8a6c5c8eadc970d9a
:a1052c4246f320b4d280cad143347cd229032208159efc92375a2453261327c3
:dbaa371c60067bc36931bb342515145c8c4a53cc6b410aca5da55833eaa33293
:cd4316a0627e1171d1414102d012bfcdf72e5c3d037aedf5a474bf47db8b5b13
:4e41a7d22869dec923ad80923bf4418fc03ea205c78bc1259e829c00281c2e1c
:ed69847cd3113fcd21c51f64d46270d569ddc8847255232f25a3b5c24ab3293c
:f742ef52b9d58d68d06864e951a75ca4aaea9d2bc855f55e6bf4d64b72930964
:0c76944f1ff33bcc990d0b4774cb3e7033105205d0567fc6a7d55c0bf734be9b
:eaa7b87827fec6cc3f70c86f09e750e6a5c77dd93fb280febd927157b10ab307
:245540003d12a27fc662479c0f80a9012dde2dccf895877d3d8e3c448979ee8d
:fe377c2b112a48907349d098d5f3a058717d7af34adf785355229ba5576be331
:f1d18278a3b9be8517fd5f167619e8ce26063bae68e442b58ca98837fa5d7f78
:22e33f4394d49e1173bf12b12bbd320adb560e09237bb3111eeb07ec827c211c
:0de751200acd178270a3c8875c87eb880bdb784df3536679c18b56b5ca300c84
:8bb3b1e7f5ed9809ee6514a7b1c52412dae0557f96c053dd646e38171048d51b
:00e99881a81a873bca62dd832d2030c242b192b236d6465c1fdd49592628996d
:937609a288dae32f5aa401510314d7e2e56adf7798a8236b4c9a9ff52a6ac453
:df7e23e44bc708752e96ecb76be211f0ad1d110b6ded9ac3d7f3cfa021d38132
:016c5f35e214ab48e25f895ff950e1b25bdf0d97f9bff1a9a53bbcdd94c991b4
:606e9bab3d2554e755eacc9ba54a1c3af108d8af6935f623f4dbb2463acbb39e
:b0f1e478efa38905160449201562c65ba05d615a219dd50ac008b5e6633e4baf
:8c484e519ae079ac6358d45e1dae1872df9bb8033021b10353460c4a40bea75e
:b779c7c8a10570a130f15d23dfa4ab08fffc2d2bbda76916ef4e9ba2ca106937
:cebfe83114450165d2da8cf403b7e0a4dfaccd0644f2d0acda4b0bd84362f91e
:2ad91c1cb643d0463ff1b7ef4776a0d7f1935c6380a3155c853efde0189d7154
:d83cc286b22912396d1d52f859af4576e07e0ffb12123f45e5435ccf1f00f631
:3282dea4d837490ff8986463f7e3224435b6b99248fa04b2d62fbf7581ea5a6b
:1f6458becbc70003bded6648ed046751b38d6d1e62b9c7d14d46007f3288b25e
:0a74fb705a40f56ef45bdef9978f7d368162f96610470887e3f10e2363dfe472
:4102c6aeb3672133d471bc32b2398692336e0d25b5e5b5ff7c35870e34888659
:b40552626a5f6b8d5a2feb3f6a87ba04a64f576c22cd940850aacdd0ce419c29
:3a521b0e4fb1d30b3295961906e5f8b9bf9ef4715da13e10d4e6adbb22a02e5e
:d69eaf5b1d85031785f55541d8a0dfda0e502f113567dbc0a55deb5155a65768
:c4ee7e508d7b2fb11340bdfa686ea8149f4d7cc473dca34ba8765df8a9ad87d9
:f9166503f18c5f5f542bbb3501c12e39d7aa81cdc5ff49cda42b59aca2cab733
:97f3adfa9cb6459545a2514d410f5b1df18b8c2061e51b8077efeb8978255377
:dbd1126b673d746e9acadc6962c2a6fca3fc419702957ba34a0599acd7dbe574
:49e7d6bdd9cc57b3299c465b523237b0c1cda7c21c4964a55cd89aed7b1b495b
:cb1d1f19e11cee9ceeaee876f2e3da023ef11f865f63e8daa3eb1aecda6e8aa2
:f6752af98dc57ac34daf8cb94f4addce5edd0abd480c55a2d28120cf4aee0377
:438ecb6c0d937284d91e89677019b449cb095b84f9f60fb902919f664190d457
:95eb430dbcaaefdeea9732e11fc6362b184b7e2c3a19dd645105a693c94596b1
:c8feed0829b3759fe0a24dd8eeb84527a7e3d3d62b4107768597a0f9b16e780d
:7936705f1509c2bb54abd46fc03f4665954e7d78dc95516b7dc853c791654d2d
:13e348dcf6121a8c0765064d7746975598695d8dfaf758c283573fcac8abb6c5
:d81476d55bdab7a706642fe8372045426a982c1a228a658bbb21140dfe9fc456
:bd18ba9d34d221aa6a659d4c32d7cdd33ef676154252a268d5f7263affdbfffa
:aef73f6b241d1b2327aa4453b09d6d10436b10fa4df8df688b9c005d4e14a5f2
:4a48b965be2baa120b2f2981293ec3306b36db28a6b104c7946c1aab4a45f198
:edc8950e40e1e918cd7eba522caaf55b5b513ea8fc800ab49b4ee3081aa97783
:bc39e26b4d25cdbe9118c8bf04fc59df8c95d9f6b18ca05c9c16866f53ec0481
:9d86461ee0934bd9122c086644d62af14098f83e1cd1a2e9040b268d5457c6f4
:cfdb588dbc94cab68021b50e205fc3234bd8be707805126564bac59f7feeacb6
:95d8c4a92acdad17c1eb6108a2d318d71dc625e198619c5d26d0cfa89373ced2
:29ceb2deb362d15285c1dc5cafad8756e702f07c4fda6edd668e08dc80f4ad9f
:6dfd4de32b8ef35daa457167a99f9cfc026b9750dafbd33eff8c35c57d0b1e49
:38ae6346af8a847ec33997b2f2768eac73d570d361ca31e9bc7f56b736b77527
:df36623cff67bd6d22936542ec0da9e8f0a7d44fe4b4ba7f42377575f5ea3811
:ef62cbd50de8af014920326e31c4fffefcc1d6a2b3640cbe8c4ef1148751bb64
:1e2f964ce8e5fc6e5bfdd9fe582dda1d17d117cc0629e976490482cd394f5ea7
:69e16d3f2ac5d29bbb0b19f0c6420dd43e0c113ac5e9527866ffddc9328b1f87
:51873f8c1512644bb84486b04b9cc6d11f51526c98c4ebaefbc5ea54f39dfd0c
:32c25d06d08fc53b6a82ad33a05478c9bd617ed45fcbc976af545c868071320e
:d5887fac65006e8b46f798eea5bec337a3796a309f2238bf8ebdb483d55faeac
:657763b4047afeb7f5ec8af1c3845f5bd3eb14cbd6cee80f8afccf2ac9614d26
:266a63080c1f3256fc2c567ec594635ba286f36a0d25025d065e5ae8efc62a27
:710e8d8e9fd89d8fd9e135bf0bba5ad50fafbe5710891b548d89cb3bb8849d70
:d4fda871d02216dcf802bf1f326ce9d7d3ac1f61cf8a4aaba8607a287e4208cd
:c52fbea78b9ee9fe04e02d9863ef493b899d1cf6c9b3aafcae2a8f70f85403a3
:2990c8834861cfed1235e3afd55a5c2ea1069d6ca082c08e03f05180acc608eb
:047d0b9093122422d7c5d8cbbb097d35f3f3c5a9bdb2e97fa2020196006722ba
:aeec9831e75cac14183cd652c8522b7329f5b72e2e87903c595e07a369d90b11
:51f973122f48ce16ebfb18a87eb31445dee318362e545eeb6b564c44d2b77ce3
:7543150a84b23da3dc5a521b4fb6ce05c1ed9c38f970efb5c4fe7f31a437aeb0
:4926e46d260a34f4088f9b437d8c6cfff33b9e4f051a163acdd957c7840e030a
:b3a2b2761b173ce8ece154ce8d45e422fa331a35f4669a8794acacc0c24de972
:07135cfb6e014a634872507ddd87ebd7746f25d72af2ddf5320a2db798966b63
:421aae32936d591f3bbf6953645414106a46757c00104fa6a17be271363010b4
:b20162c7cbfc47deadd05d34fe746de7b859ba2a87027738260e5072d2def252
:33f1746d4d0ebb7b3317b11e65f1e072cf2539dfb6ab6c674aefd033f7969bd0
:fe773674b44614a99183dbba0704ebd79a7dd88b209fc92e480568f79417b6ae
:0393f432188cbfd18df6a436be41a34a491d1e5d931a4237dbf07b42f7eb5e65
:7b762e764a981308384335cb2aec01e74670a05ae942887e099150c52a4d6f03
:1ca62b1ecc90c1641d7864451b88114ece0d3406c48232effb05b2ec1dc1493f
:f58eec32e47b045e0b51e9e33408346ff5d7d062e961e09286b71572779304e3
:de2513095c6002d73f34ecd843a342ad7036b5384def5accdd17ce5f0e9f29ff
:880adb4bdb2f4f922bc045310148d7526a09c0087c3ff12afe5f7a84348b8342
:79b227b98a61635673c64ba0db22bb028545b9e2645ec26a30174af20f09ffc8
:2a687ee6e0ffaadef5718f85ea93c5de6ad1e7b6e5cea4e02fa754b271e47e65
:628941041ae6e9e6c33abb91390aa752310af111b976e2da8d3b6f7bf502b1c6
:a9b7247ffad49713d26323066bf9d3e96f116aa565f637cd7fcda08d13adac54
:bdd42bede1e25335bf3fa7df95ed51556c9fac998beb3a57eafb5ca4be93da6e
:84076663771e468a8f7e4881bb59ed906b95fd9be9e7228406d46cba90944ee6
:8af87cdfd382dd4d65f62675a40593dddfc3b4baad4fd639bf227a082f479a04
:4690af1d9a95ecd8d62a3a3468939b174d1ac922b78d1367ab005d1536aa4c1b
:fe7c1063e6fb08656ed1d3142c09643792cc02e73e0dd97665a55bbc69bd15fb
:424ff509ad3775f8e59cfe13af8884b0dcd3cde137f36bdf32d5d4c3aac77051
:e05b67f6d02bb50afceb5b11b40511b329dcd095b55a45368a2eed544a0a79ce
:ccf1b8885fa830285201c25368dd7a68be96af51c4e37f745be91178e7f72b0d
:11c0dece5bd706db2c02e9f43937a7886b5502b1401f9b207d3d530c029ba76b
:1ac345a900a585ff90bb2aaef18b1e64a6c2c1414ad26b8d6befb40ab4a3407c
:2ab79a774e8d87ef4f2024425d69370bc7010ddfc17a6a1aa4f46c76a318d114
:7e898bca5b9b1855bc149941f994015397f674d787fc5ccbd7215191e350382b
:4f7a1faadba647b6855c91be77876772628379c71754e12577be3c685928a6ad
:0e4da5cbf76e1f6ae9e997a9f81de357ab165326c42aef561b03a3ad0f95d16d
:72a0cf08e100beac7a7d2101f8258cf7176417c1eb2814036eb2c754b2a6b3db
:35241a921c5a65df7358be5b7d4afec6e93826400aa3dce9036780cea1881530
:0eb91c0635873baf5e076c2b125ab5c6c05775ff88e1aa2d734beb3509a80973
:b8faede180cba0698896a84f680ecb12dfa8c8567d08245890d55dde860059b2
:1b316e138a4a753cfcf968d324d76815a7163a2f207fac9bdbf1b0db1b804c71
:de43db1e0f10b31926350324ed8683536564d5bb606cab600ed7e4ee834b2ff8
:734d940b33583bd7ced759fd00fc0d21116641f3231aceb2e03caf7c6e1f64ee
:b92892ac9da70871c9c69b6a71181f4cfa511bccd7b1e848d923c9241facc1c6
:7372fd276cdb6fcc7c525579d433608c8cd193909e6bf9d06128a97456936f19
:dfad53d35ba37210343d6a525cc3915d3bb41c1907511f43bf3e3546ede343df
:c324ad796f806d24fb1a1bd4d0d5164c35a3a90e777c917ccd61b6d980be3ad0
:671ec7b0818316d47cc92eda6da3aa9bd25932516685615d91ad35de03cf5bd3
:2b15e54598ff2e965f15e5339dabc2f60627b6871d2e202a18f1f832a7d1c6dd
:12b26a99f7e75c42cab833c4839e6427e57a2bb7266a0ba34d8ba16e39974f83
:667798375a832a25479f52cb47259db271d9fb0d38d41a7be20cb34b4f5e247c
:acc3c32ca5e8c02b831728f96a2eb6cdaf60e04a9ca563e945b7519cd8a869c5
:06102be1fb5da08bada57bd0cee439d56fec1022d57f7058573616e63a04ddfc
:23ab85d860e1f3baaf9267fd3d2758c63329d3ea07e7448d5d8b538456e892e9
:ff70c0cfa71a7fda2a45139bf0ad0998cd42c508800e5cc08eb0fdd6fe9ab71c
:e65fb2ea11a331711f3a2bdd6408c350395826660de4095c84c23112fd8d43ec
:f1a77af5da90d4256f35070d6dc438e450b3b5fdcca9359f41d20beef433dbe2
:a1f41237e061bae904d69ba359aec40f4e5077bde6e5f526fa1f29e60485ed4a
:3f4c252b0088acf77167c3fb5390d6c9d8d8e07e404b28ce4beb65228aabf636
:274c1f64a0d48a99a859be93d81f409f90146069caad31dd6c4096d86cddcdd1
:83e49c6b5ff739797c478027c62fca7b91fa410e32e5c01af5f22ff5b447a881
:718e199a434734f1133c60d7b031b8b70a4453d370ba9bb338cea0148bf1e631
:9e938630561d7ea47cf6d536925af75a7cd63acfb76acdee2b1729a8fbd31bff
:2f18567142908d673f6eb122d3bd4db094b7851bb92e4ca765ea86a3feedbebe
:cfc74bcb085b056a7e4088b6e5fcc1c0d7401e86d16b0609f2e5d76653cad5d1
:98ff9e7633c3ab6bbfbd808c9cb094b00559858cbac3f65e5102f0a6f3b973c3
:8577d616d4d8f8e4e3ec98b178e636bed196e6f5946fe2766e8159e1587c937d
:2bc0edb92236fcd18b11fe34bf1062b884827cf62bc605e5083a668332fc96b1
:19b2e39313acd7846c30cb2a1c1596cf188379a7f31fb58870639a13e55659fd
:612918a624e357c653f1dbe352b766e1932043801825f2692a726f88e9050695
:e018ea8e7262d7f5c4f2066a563b04ea9819ebe09026ff95b50461d04919a60b
:a73532ddc07f326bdfabb744fc5a04061321cd968847702edef15f16d669e57d
:78bbfcdd39b39124267fa9567aacc0ade74b86b05618de6d65dbc85f34b78191
:24fd5feac07fa5d7effa8e0a76476f03aa4d49a8d0bd64da5454bd7e53585357
:a1a7b440bb3bf08b0b9ed01c3ecc60d8dcf886922001c45c2846ee14e1e9ca82
:1eec426fd84373e59287fff59347f9ba53a63f51ca925110be9a2182a8b17bfa
:e03d7b5e325abf3fd90449d47783989268f7910dbac9899487de51db86f74648
:2c79e5691ecac8a43a8c5af59102d58fb9b99707d8a19eb60bc1a0344dced0a1
:33280e015f422d3560b84c1b36dca23d9aa6e623bd2d9176befd7ced357b045a
:6a72adb5c9f614f5b52a4b58d2d084081181a22094d72011d75ecea6e7a2070a
:390a92d1b0835b87f51d2186cbc1bd3cfbe2b6c53f6627cedcea279b31226b98
:73e98631166cd55cf6daa9ffaac2f774057e752ff74d580c28356bae42623728
:bcdc264ceebb7d0f6d9dcdf77ad7208f86628cbbf25ed01987c3369218cf57b1
:7d519d5fda5d22b22b14a6c08926150bea146aacf1a4471b8104eb8b932801b5
:c7fe3748add0804bf92b9f4164726b648d032ab51264b21dafc4f07b9f8043e3
:68cf5d03a64dfe1d0543e128d2fa97c15c6e3c3567664da40148fc22506e299f
:be2a22775cc871773ef460d85612629f1c071f53fa0ee121b5cafaa67e310a17
:fb759c3a92df9a71742b33aed7807d90efa7c5838a58574a6c9553ef837924ed
:6a428ea6739df270e60df4e27749253e68fe00df1fd7b3d9cc50c07924e980f2
:01585fb152835f545d348b63a360fc1e308bb1c7c64d724b4cf66ea1f181df97
:c7eb57f3d56e26cd2d442f32df8973b2c43e110420760fb2a0a7b904451ba791
:1f422657af7ee4c46b63385414ee5cdd9ed1d1978f3c113ee894050b6cac2161
:10e010e6ddc99077990ac7c4881392767f159d5b2af1e451b099c723a5ad174c
:6c47cdb2f5f59928139fc6adbd961e170b9e847bc4ce584b8ed59cbf2f2363a6
:d633f854632b4924bde998e939041a5baaccbc7d09f2ed3f890db2ca10b4c08c
:c977dda5271e5d05103c407c3ce127440a55c8cb601490a4ab0d0183deecd194
:a177d95ac036699c743e03a869ecc27930cf74103f074d1319861c840fd1bcc0
:1333c6fead10648ab1c59e7a9829878bb22d87015b08eb957cc6453172b05c26
:a508b8dff32790e17eec1c798664a7d98d502a3a8c2e3a1e7dce337f98d6384a
:5c5cbe97b170a71c2209f3f4b65e7d315cd39b65ef80d94e653fa701983b27d4
:49e9d34bc270214564477961d82b6abecc875cab66a5d7b885ff18d121a5cc9e
:9694b4faec614f89ce7c909cfaaa4d3ea15ce656cf78bf50552ca717ae001ac2
:fd66a510ce2a42647ef1fbe0dc738f6bf03cc2067c9c08525d2f5a1573f6d10c
:e0c35ca76c3ea5d702f577eb7313ceb5bcdcb9c229ed44d9952abd665ed9d951
:2932e4758d6ebcde514c175fe3807819819accee7f47987e4e335c3b6c272f58
:438da7a129b4aef05f4933eb452f6c77b6c561490a0ebb23ba3d1745fcfff8af
:31b0788ca1c84ca3884dfbf3fc7b0db917e568da4fad28f703526d93b1267269
:ae01267296382849e42c2649f94a04546dc9c887e221ee8195b5efb6d94415e8
:a1b4bf44ae1f1dcc1c5e032ad6a6812fb73e0b4a6987621f047e694201dd0362
:7334c92e24d9e2630f88951f5d5ca3f596e67af4210e133bd3eebcc3d8a36ed3
:a253b627db6a701b34672658f4768b77b7a24f850b3839409a343e6ce50710c5
:d92cbd0140efacea42fdb6ad299bcfcda18f8bbed533b81085fcdd84058ec8d1
:3f1a34ac5cc0ce06213595ba91c57141bc94cae8f6c3b2778b7e00c641eb0b87
:891bcd31691b569889e2e1efe076a08493aef5fe3bfb7988055c010534c0d9a1
:f1a2df584ccfa977fabdeb929e08d8bcad1b4df0327b2abba2c4cf63873ecb90
:e085f737e76cf6c3e63fc279d0821930a792a14e170c1ce2d759e471bd45cfc4
:9dbfe8ab5fb7a0ce10c15c7d90a64fa963bd9bf5813cdaf71e9a5f5452fc1cdd
:fade59d9bd43eebd0f2098e01ad7987c680f83a9fffa9e271ab0274f77ca553b
:da8040da034441d88c84e15142c39773209bab767172138d68da853f79be0f6d
:27740c0e63d5c31405d08ee5be1013abfdd7e682464430ff5f48e1d81b3e6a27
:0cd6cb505d4e40f243f87d716a4535e2d977eac7b0b606f4ea84cbefa61121d1
:47b21f9139cbffddd7f724f03b5a6de3bcc9c46a37946e9583a32a8da7199718
:c190650222e0167e815720f7ef405241a1c0542ee8e52f55974f939799d1b88d
:84cc409bed17ef6c66af05689c12150cb1c893c78dce1d229662b442ff721f92
:f672e8452dc10ffad30a70a48f5daedfecc4e3477d3f8ba6bfc1a24e63180131
:bda4333642711910c81f564c0da8b6becef7f10d810498748d969b8fad16dedd
:4df2e4b95415225db37293b8bbccbf3c5484ae30d19cb2560f10a7061062e6c5
:e5bcb5ba61998c771162f63775b8f148f9ea946458930273e8fc31a430120662
:e71130177899b7f0389a4e2fe9c74ea2efce9cbad48a4765daee8e3c8a53d620
:251bc6b86165e7332162b4c581f5070f7f65ffe07f9bb0e2f6f7d133c091bf37
:9ba614174f937b1fa79acffc307ef0118c2139eac620705f77fc55a812eabd80
:bece497d5ba3f868b19245dd56a9c7d92330180e9d522fcd646fd1439287f565
:881969c83f7f716ac7d817589aa1a89a64a6c4d1212a405a268b88d105bbc5a8
:1e725b74a1c5b83271a9f7a7ab8eac96358aa1bb66e3b4de28fed259905477e7
:a1b79c3ecef5b905aa242c13d11b68abbbc1a296bee8c6e6132ac69691fcbe50
:90fb25dd43f103e8ec2d69cc42a9d2cb6cfdfab06d56696ca81fbefff6305fb5
:aa8deaa57ce1147693ebbbea3947ca829ce5e0d305c235fa10f5ddbc42a9f98d
:4d5663ecd82597ef9afd162c09a6b183f20aa00fca5ff14101797814225ca088
:01bacd7aca185741a26ccdc42b7940ab8da75c1c7797fde44292857c3185278f
:f20abb8451669c3718f94135f83e8f956c2a88b7b8952bf65676c6c7d276a89a
:2ef40d966a04ac68b6543ee332de1edc9c1addd1fd27bbc7e8dcd7e2de21cf19
:53457ee3a4723433f5ee6877fddd2006c2c6786d6010e48faf669072add2a881
:ac71a5bf0b3e1bb9d1e00b6cc444579b8c8ab326c65449cb3c0b8891b4640261
:c0c0847337d8eb9c07e0cf3e5b951bd982158d99a8716174b0da6c42647fe92b
:d9649fc55e2e753e32a0d602769a8f6bafbf8d36246c2276b51159a21b42cada
:4d24bf9625a9c5dcb2ee2644f9bedd2f3673c76e08baf9d1fa5b15cffca4b456
:d9bb63811bc70b52166ec5a1766d994064f7fc3e60c564e6f758e073c4833f8b
:9ac406d3017323eca6e1e83794d9968ef81aea34dddc6b101302cf45b3136c1b
:2542a35431cb5a17b7912012844353af6368603b2e9286f5059b8ab58cba1252
:d35674fc6aa863a200921ebe81354a8d0736c3e3848c6f43a13557ab2bd793ca
:f307e69c89538cf51d2890ecde0671d521b2c4e8f36ac6f99a2a50527ce23505
:07ef49dffa1e69aa96aafbb3fa0c06a141ede665fca3074466c13a26cfc26741
:7b61f32766a221070d8a7658882207a74db54bd3e1e58da107a72c4d48348882
:48c9d4e7da52f7adc07671d8539bb036bfb55e9a78f46f2261f311ea8af65943
:828125a007b62c8bc0f00061c8e468abdcf364d41372cf05480639a3d623edb7
:0a6df1e9c47d29ee55d5e9f4d34ad7397b9861a9e6ef4f78a9a2e07c093471d5
:f69e2c54e220df726bea9efa145a732c06721ed8368773894b82aa649daa14c0
:39e1a25b32b371d97d3fed95838fb1f9fd0f8faff707e4e5a762195f276cdc35
:f69fdae6929edcc498e4eb8f6ded6f03b809f21fd70d9ab80b4928978ba8c91a
:74dad7b8621877a7b9a30c1b34947eeff92e18660443b16e197467110e8fabd9
:864f02479f65b1100148b847040d5c72c102855ae428fe0effdcecbf7ba6a14a
:5e9ffeeebe53c14c89a1a93b51930ec6b21e74f220741a184d27f4b684f7b7f4
:9986d51993090fabbe70e064ebe98f2064cbe5c16e9de2b17aedd025b1e1381c
:2e4cc6c6f7b138792e437f0a48fe093aaa82a77eab812e956056c86661ad93ac
:b1ec3853898995394788d16acc82ec682699f655ff9a78f90751b3e0be910ff0
:55c362c2900f76305d5898f2b5f33a44887ad6bce32e6cc3329c13d2fa96a426
:159f33098e3a6994bae8e142ac3a38b7ea95afe90f89f862cc7b2c4aed37bcac
:19b1e4be4e252588e09835a48b0418639e5028f093dcf5069a2a25288c650208
:7d6f2004e7aa6fe4a87f41b41d3da66fb9c5346c4fe585f98662e721974f8ab2
:3b5066fce7b6fb72b0d36c6219a4551539f9aba31c0a0e74b6a356f45dbe7b6c
:2e97812f569ae50918fc3b28b7ebb5a0cf918a1dbea4669eb88e338e391d90c9
:1c598c7da96f90eabf47df2e05a30c0bbf65be1182be18e0b110e645e9150cbc
:f026b8a41c35b00e293b17dfd9732443b17a724f21bf156faa238d51a9acf623
:e623468e40822bb787553d115ff09e95a743adef889c7613adfe871875e767a6
:d3625a035259ad1252c17e0f4c7003cf24431b5902bac4a7d06035a0a771cffa
:449f1f14a0b46ad4fe996f083b8ea3536aa0f25ba841b6cf14b8c14477f6fa9b
:91f10ed56c48a76d5c6803cf32072316e5aec9eb3a51f488e634c6dd13e06105
:5296412788d98490adcfdb07c70397bf7fe09401c80daeacc2af2530e2fbfa0b
:4ec8c5ea5f55d07959042de92996cb79a485d8d96eaafcf0843b9490bbd9bd17
:4cd8bbfb80f760016c21bb103af200864a603e97d038bdeed0f27ddf79eba350
:83b580dcfd3fa9d05bf6722296dc0ee2fda572ff45b0fb22c3d0bb1c6c8cd54f
:fa74e917eb765494386a5c83fa851636528ce685f8037fd00b2ffa41093e34f2
:c96dc21e9d5b13abb10addb303f0142bcce9c569301642e16988de2c9a41df03
:8a92e64572c27068168d14a126c5d179261ab4d59767797e67a714e1461234c8
:e1814628d5609519e7f5d929cf709b424a6c3357d8784ac0020b907c4e9c3c28
:abd0d7a9e7bf48f9636dfb1662d649db703ef541952d5ef5d58d167bb6769426
:b7261997fe76ab191e471debeab86c999391bc9527986899fca48df8054a0cae
:083bc93ad65c23961d06aad5c0e0807623e552c5a04c55d5a71a2d73bf00ee8f
:a61de4cd5ca4b8a779f5ad8d142dd8a214962b64c74d45eeece5bf58845193d3
:c99186bbb08e261a574404851e83221205b3318435c37e2750e463940ea271ad
:d7ffd28282e5ce1b370c45c399b82899c497bba9dae9ca6131a5c23ab85e4a54
:c1fc0e8425b0319da0a5aa6b17e9d9f92c058eb9676454f38cac1cc57d228780
:500d30a26562dae18243bd931477c6fc0fb17ee98a5a4033a5d2e9fd6dd75c88
:d87259b33111a90f9464282b70ea5b679d1d14056d7ecc6521165cf3c68e2f62
:2db7733e7c2601e02bb434ebf697e303d2be5e83720394cf01d82d60d1719ce4
:74d73921d7d6b132be6e49601f7a2f20b8c042940986905ff14bb937e5706fb9
:631432ae4c74dc4b5d0bc92c8ccb0a92262c82f82077fd089cb5d92ecc94c149
:b10a8a3abbb9e847131187377a50234d43cb362fb3d5f93469f320c1a1825b41
:96a5f6ad31002b738c0a7449e44a31ab435dbe5780d6502069cad0189bba99b7
:05a57cb77a9c2fa3ed96d3af620c1c9699f1270e0af17cafbdf26c71b33df56c
:aedc033a401faa39da6269be587ffe8a2012915973a74ca218477a33d2948b29
:69d6e1c4b326ec76e1750e2fe17248492ef2e0769ebab367b65764996b973d03
:ed99351bc8d3eede825add53472d5abc222a7ba8db1d4170b93b2e669c6c1d85
:059de6afb4ee914a0065182d0e0ed71162da16b06589d55d42bcf8880bc8e213
:70a284622404cdd723b2b50b1b3bd6b540a2120aa58b55a70f3d311cdd0a6d17
:04e04dfb2746c6b4b7f9e12dad9216e1eede62002f4674f74b0a037e0946ad25
:03dffbf55731ecf47a17001f0bc2b9e26258a8e58ed607d209f6465ef21d79a1
:77bd3e10dc5e985cd95bf56d754ad3d56a5c6fceeded473aca562e199b8e82cf
:d96bdf1896882a2801203e7670d2e707549acc489c465ed2ab4298c3a07f235a
:8e1e2bf8c65065dd28364bb12482df4fb1b78e9fa78aaf3467496bb103a16167
:61567e9158430e3ac41f3b92233c5a6090c7a934977957773282b69a3439f11d
:44f67279386817452334a74689caf25328b93aa430a7c14d43870bab1e3e05b2
:dc9b4f2a5c3a4a8595cc402fd569db15452310ff02fcbdf4687e83b26c41430d
:0cc948bc0bdf799da7036bfe593eb17f4bb321832bfb6f981d667c4552e31efb
:50219008985b3d573a17323f53ecd6435e673db18c5b5c052fb22b8d61124ad2
:318c5c2bc225dda28cd114a96f3da8fef35fdce4f56d4c4f12aa5c81ba3b4b7e
:b1d8bb3e5a94a3876316e5520cf721c7e6c625796b397c6faf4cde944167ab3e
:fc5498891c81240ecd1c113fc74d9bfed891d2daa24d1e4752263553fb3e5478
:22e97f37e4d04861b881e9ca0b42b37641e633d8c078d06bcb128b8a6f4ccf86
:0c35b7feed04ca10b6442ef2fca33436826cd79de2492d65c14a17743e145efb
:4bf106b2e4d1b635566878050c3cbdca8dfe53b4a4990ebb80bb94efd15a8ec8
:6a15295624749c06f603d4a3e210e50a8358c08ce5ab7d79c8ca5e7b11e23018
:d5633257c138d0e745a70da38790df6e03b2e218d8394df9258458e777a84d56
:bf3213ed060f8fa1441578e5f1dd206938f24f2010fd31ae4ab5be975d9b35f8
:a706646e8352d1504976aafe5cba810db6041dd845f8e6a7796b293fd8734d87
:e165a800b9c472a2bb11ec1673c08afac2c3a50ff8061dd2d24ad8bbead37943
:f7fe97cc8882f123d2061cd68d87a3a3c857c864a06e18393d9bcb4b68f2f741
:fd4394551388e0c3e3eb892b13ce6c56257fbe534369115e7354d04f00bcc89b
:f8a810278e2479985f3a62509116abd7f6ff209f5050a4797187183286cb900c
:103f5def88d23bea87c5d7dd45df0fc4236452f708b85e58a9fdf3a32b939d62
:cef71707ca58039c2a0b00910d20f0d889dbb664e89706f47ff9a6fdcdc922bb
:0bcca98e61bdd7f2a0d739dc5ffe73be15a042c5338c848e85ed42dd81b3d2fd
:c5bc1da29ac038290c5a1f11045162a599583fa185324babf6b758eb66501dfe
:2d6fb4a05515dec0def83347b612529bd40b9343b3b46fcc5a4c622d1ef91a7f
:21b76e026d580e78cec2b801780a20ab5167201af03ad707fa528a17f0801269
:115d955bc907c5988380fe331824a793ed5b2f8a3407e6473745cfac82560fbc
:5793a8b3b47cc4bf67a352e0c8d3003e1437a220a18520066968198c8efbfd12
:b4e7eef6187eb4cb4d3a7f36768062b6285fa53a2c922ad15cb9f6621a8cd0ef
:1e28b8d5b64b0510cc1b3f94b773b00ad18880923b056e2be901380bff0e0184
:421d9ccc155eae9c88341585526c745e581c17f91b792c1e83f2391dceb20682
:a004b832e151452108f85acfcff544e380513133cbb335c05cf0c8cd6465cc08
:055e36ffb267b97ad5ad7a754e2217faeee6219cf1783080a9e8299f41f47111
:a633ab2bf4ac60a9e78ddd6a23a131078369cbb9f24be479c367996d658781bb
:50b24e23e10a14fe925dbbd324e8e7d644317b358ce0641d05951fc827686c1b
:98532cab483cd30835c769dbdc8b8276c06377a42dbb5021202f0a2f3eb9c6aa
:474c1d1bc6f8617806a655589573c5937d1c38f172dce50a5b4adc488f13f11f
:a0aa6732aac66eae41f5314ab7ad04b139a472e567e7ae4f582f35240c868bcf
:4a398eab65a2bb79e648404838317aca4a9bc664ee762591733cfccb0a037413
:c1df03cd9c3860aebaa46a94a7b9947288ca320157f3f532704e3cde8597d2c4
:404135a16d257fe04aaddf3729413b0ffee0e2fd86e34b89062c5d21cff7ea69
:7dc72d1c07cc19be16494e12444245ccf02f82b091d2350afabf6f0b163f1da5
:91becc2427923c81e0bf3f85a6b37a85e1a9e19b84c9248a7834e74344e3a287
:c626acf5cc5806aa798531fd59905093ecfbae8b8215feb0b6479be00c86dcf0
:652a3f62f495cd6815ccf47bc7d2395481cde6423621f085163d6d0cfc0ef014
:f3c61ed2d48938668d8969929bcb08e8f435fb9c4156dd44eab15598e6c872ef
:04ab346436da531c928237c100575141b0ae454618908a19bdeac268ecf485ef
:2649a8f24b93ab0b2c9596abe44ff3aed21cdb6bd114bd3b8af83dca0c1eb52a
:ad7a4002045497bcca3ffbad18a724c5be4ba17cfc6afa4f193a48a8de366961
:2288c2bf13196d3ffa7a7212e19e314a168b42ea6a1ba14b7d2039e6507b9f67
:ce7ffa7d8498f485a7d99b32c79bc01cd1c8f6d83a1cfe033bfcbb4d9738becb
:dbb2981499e7af39e3b81e23f6b2467b501b88de8fe7bab2271fe7997b0e55a9
:c92ba97b695b0663c190e7adfffc2004ca603dbfd2e233523076185a9dc0c244
:de496a4212e669042048c99c7090f9ccc23c9f46e9cc4fc5f89af856616f93b8
:66f8ba0f15c565e0d9849d903f92d88b240c30c73d4318b2046e8354d6f70f2f
:4af1e6702b2a76cacd1c30367b01c6e6ee2646007a341bfbfe88ba97a437d65c
:84aa8b1774f9ba9d41f66efb563c80f5e55311ae06303d0ca9e5b8b623d0193d
:31dfd5a7cc5ee553e6e73111d55dd2cd92d0992da621fc2b0fec663b5a44d6fb
:20f363668632061d4abfce434b573af9fecf177020da924957d3d5af23dde737
:67b11050c26cd2e29872855a819f2908b4e219019b400bec4668b0b2f82ad506
:24d4f1970e27c001243ef7c5bc84d7dab49be0ca4d3998eec1deca3e6a9e4db4
:f21d1995cc345f5234978c14e08b45401bea826804a80db7ba2a8d36ff660900
:6e53d006153c398191ad85cf9feee3ea9fb1d9a7d228fa2ef9edf44c8f12e5c9
:64f8b15f44a8b6a3e6b66ddabee7cfc54d1d242ff9a8781bf4bb33a8cf4509f8
:202c1b033caab23fec79f624abd1c19f9a6ed156fb692a3ef07159e3f3614783
:9e4a3694d2356bafa15d02743eaa59e98d646c89fbb7bc67745badec97578921
:4cb5d8827e4da59dc7d271eed493af1c56467f97732cb2c5747374cd37d9bf85
:0340a07aef9026c2e9316b0cd12f083f549e0b3e1ad39ca95afe58138022ef30
:3b7545a887074cb95e681a87f897f2a7fcf4d4d6a33f34e7f09294626ee00e13
:ea6e1f0719fa2f1da61d39c2c74698ff5481759dc9335add8fd863d2e6798f94
:38a064938e11165baabe172301953f18b0ad2bba9a581880ae5e9cfb828dac6d
:9331bf3b7ddd33749b1a5bb12267fb8f323df3fc93d03185d67ff8b90be5a389
:f595f7ddf8489ee166e0a11b8b7f41c5fa8afd088804d0aa8bc0b22cfd31d5ee
:60527c1bc07f55718753f404894be1d13963ff77e18748edac1c78fcdd4b718f
:f448055ee3f2b954a60dbc428872596a1804ca871db2b4ba07384450d20e5034
:26c8c87de93af7421f4fe62c6bccc36045d4078690d366e701404f392d94a962
:9e5fa22afb6382245524795b3e3e85d9549982d76ec06d6621c97abf3afc107d
:1a308f43b06b496892f5afcd445e156d4229fa6b5a4d4bbb6c3cffb4cdd2a9b6
:382e0175b6ea5057e86967d7a80c2df3c2c1d3372a4ce0151d1a45bdcfba8423
:3c1bc8af211002bde7ff7ce7f10e66af2997750e7f6bdfe545240c8619869b01
:e229848f1693b5d031e35fa65282584e0cf150c6878889de162b5aff07982075
:806c73c009ba8875710dd5f53f8d6c396c4644e93f66e7c7778498a89190e9a8
:ce288bef5739c2e8c5fff9255e2927e0702798bb53d93003693cb7a1b2efe9d7
:c8d777778131a51dc6ffecd1244e54516acf11e1eeb872d7e239cc3632510fc8
:a7245a1d872345181d87df524a623e31f14fee6321780c58b4bf00ffdfa104b5
:459c4a384e2aa75e573451c0423c80becd5a33404a67a364343b53256675c7ee
:ed0733f12123f1c64929550d54c654197bce7f76a56cfbe6d97c29b3e0ca4902
:147c8dde7b8fe516ae33e15f99213e610fd846552b2462f129db64e1a850c017
:0de3726589eaf42cb498e990ddf87f18db1b9506f585ca4d97f7f6a324d55553
:1780b689fcf1ab24f154c0565e8d996c0fb995bba9e8cae7f4942755cb5dfe9c
:9f12c5b63bdcdc03a7884b169ce9ef02540df79d3173347d53dbbbd45d670aed
:f87aadc3e6c15e744c4b046dbc3664a7952455290d6af64d5ac819aca7270e59
:07b30387049a8989df8664c42ab169bf1052a0c97883fabd962c83d381eeb7ab
:b7e1bc7e03d8fff008da13ec8451e110b50220297207ad32418fb2db99169364
:67cb0b54520ed40d92a5279e85e157e3dd941b87d2e20beaed688837af5f7a35
:2b1a1b5ac16542430134e2e85e48a2f899d1556c56a2e5359fe35861103f39b0
:18b3b2583482d9fc43503b24731cc1499cc406acf3fe9044ea0f4ea0a357aae2
:cfe8c9305666cc21bac132d8958cb21c93e9238001db7e2f735ddc0bb63c85f5
:9bec8d7abf91e50ce8447e45d1b436ab602f26cfd20920f86642180440db29b1
:c659a587b539e633e26063031b36eaef088f41af88b58a5953fcdea386f4647a
:46afd9b3ba32d0523df09dde6515f2dc3ce4a5430377e367f0dca6550d9395f7
:26592e5968c0b0093a7d56d1724a423cb00a4c9d411f662658c87e4120e698b7
:f6cb7d4cf682334487ed307dc6f7a6711747fe983615ce043b794313b0e55d05
:a9b79a4d0d5c38a517df22c3da2f52c42837497a520c926c33117399f2ace8c1
:375c9e6d92ffc7784b7a0fdffeb9966488e10aa743dd68559c958621bd2f9585
:e24c0401afb5cf48cec1259e3f9308db446ce51e1d86d44d346123e088f0d4e7
:ad4ce3124a9da215169ef6ce643ff97a5eca72f9a615b1f02997f228c3a86a75
:e2046898570a9018eedcbf3b405b50c29313b9146083c38c1b6c2ace0d70919d
:fcecfa0ba56019f99144e017cf27dcc9d24931bcb8f1c909310416436ef32c56
:be363b8be81d396659a5556eb31539431b2b52736872f157862cab6f0f43d251
:a79e1579d3150c00ec03c5293a36dece0469f404852515c637208cefce4f8080
:53d8d67def7ab105d63e8071959c27479fc423074515a041ec77ceae11fbec87
:68d0ce6453e7f1158f4c20db2f6aff8562291dfb1736441bd68e32535e09c540
:d50a5fffd53b72fc86b5df19160dad105fba988e78adf8aabd3f3718703c3fe1
:7280acc2d2fae1efb1db4d080a53bd1feca28972a69c2a84faec8aaf752a403c
:a9b182d1fa61066764bdcd998b649a74e122f262f09a5007e738870643f43ffa
:83e28536a3e8a89a5a88da05888804a26bbb92b39d3ca9815710726026a361f6
:2466d78a535283e291f4e5da1d6b699673a67f5ef80b82f4f17913a49aef8c42
:d3708d6306c2885fd533ad5a4501bb1b83cdb02f04be637e4edd8e87c0eac47d
:b27b758ec0e7fb41bb12817c33e299ec781c6debbbacd158a712771199577d9f
:8be491ae5489b7d231a910fb87aa4c4cdd09016924ca5c14c2d5da2dccff79d1
:09651871e5234ec51ab1b0d3cb6e04ce854f97bebf661c066945a3ac2bcaff01
:542a9478bee22fdf8f7f46310e192fa9ee964405adaf96b0140464b59de015a5
:b07ea9ca814c48f83eb3309ad9d38bfff7217975489005b5cabd852c46b29f1a
:d3061c8d51533b77b9c8da26adbe25ed953c7c2e93560461edb01caa46aa47cb
:7b84cd1ec66832441155fe6f08020c91c4e6e311912150e3ce4881356d05e1dd
:4c01d5c4a8db6f162909cce35838a55d1ac474a30f322c3ee26789aacaa18c5b
:19eefe35da5c7192e3e49f25b8e6b73b8375a25ecf9911c4a18bc8bf4a208bbf
:1f1c918341575d6d1b74f52cba433cabbc25fa6786d0fc1a66c1381255fc4ad8
:c1ca148abb926b96655f9466014e544246f8f2084e8e87f119f31ae56550edbc
:f877faf62e4dc6f2703ac7274ff274c1f36dfa88a8d485514ef09926111309bc
:6bad9e26654a0cfb665e14ff0c9d20148b42baa8aebcd77f2c085667ca67561d
:42c4c08471088de0570bba76d0a3e877a28da107846e281b842bed871bf0bf79
:0aa3173fc9a35267fd5dba45e39d98e20a33a6358d78b688b249347f67c9fdc8
:98f6c5370f129cf57cdcaccb3aa6a6fc73803e4a4a391938f0081043db71aeeb
:2f0ff24023537ffb4ac019d77155536b46ca9d9a3c047244b9fe3ae8f2c79f5b
:fb3d8f001f1e891a1bc7d24e4c7f0bb1b1404d59246bc5db82b7d067f392abdd
:4a903e535621fc29bc6ad2671dfea4d254f3bc5cdcbbe180c307aad8792d0fa9
:0ce867f2ba46d59cd3a12fc6c3f0ded1e2899cca40bed57f4175f19ad1733e40
:00cca2cf7bf60b784a732c817b3fd1e355feefeb25bce1f0a19b3e7b2a347488
:21b39fe9071a82b2cb798a3a92ee64733727efd3bf5958aacde492a08600913d
:bf016fc36b35074e449227a759e4e8e3adb05d0d2205777031bbafaa54ae732d
:03b0d9946b324094b2a765d9a8fb15176ff1af58cd6bb93829faf674baf942db
:b2cec2cfc9f30d2d6b7db1156fb6970133dca4ca1422cceb9d58480356ee5a55
:302aa9cb4570caeeb7df278a1864a34dece794adfc31f8d4f079fd3dc4937285
:9a3b3faeb92a04588a05d47760653f4af00d2f6abac4a969c9eb6f39fce9b079
:dd50ae768e1f05a485583ddd3f12d7562cebb02c2b62ba9c53f9f782bf45495c
:ddd3d4af6a93506323bb390218c510d804d8dd9f79a1811ad2317870a83eb34a
:975e25abcea41491962c5946203b3b3b147ec2b393847bd6bf85dd22ded0a472
:fdee374c4437542b92381449a1243148d332d33ea231b7c4209ad71ee09a7d9d
:e8f8be8848b5433507a0fecb6f047df0d6b167188471674a0fc0ca5ac9f776ac
:94c929f1a44839aa7dba176a63668db62dc81be10b21a5627d4fbd97345f7931
:aa83e68a300c43b0a8c59a19c408e48eb087a2223e7a040cbc10c3cfb3c2d580
:4755d1444f9ca78b8d10587d4c849d1c63548cfdc9aeb27dc6d6c648aa867a02
:36e5bda61efc5409c4300087d7ed1c523699a9c0d4c9a587b0fe2cb4ec1984ef
:9541e7712996ab558387e71dfc5fd8244c1f731611fe1e006e1a30c1bed5d084
:829aaa6ef615005cfb1bb63e67c03e01b3b47e24753cfc0028b6850ad8351fe8
:d2d5a54a7f9773d1fd7b074d3882d917d137ac91992143daf7ee6dd3a50ded17
:7aac2a2ba976aed48075c0909e627be51862c19f46342c97eb656e8d37f75a4f
:78e57f754d787c718c7c1bb362fb413b2c469733bd0167025a332f0775542ffa
:a57c9d1e71ab1f0a8b851b7c45e434b234b5ce59229f692ac579c444fdcce91e
:ab16d90ef0a4b70495f0cb6d06d2542437ffa938d8c226d0c350042445fcab36
:79a049c87dd728dbdb7897ab853d986deb55547eb30317a43354b9fea28c9bdd
:b7d327dc0d03736a8bccd02191c1f1d078b90e38a55c8baccd628641faaec6fb
:ed149df1b4294344a054eac397ea783d26e7a36bde4451863dfba4d116a92716
:eb945177d6a4722d64a85034df57308394359a101ba17ec36e9a3ac80007a67f
:5074163c607ce58fa14a950104009e3fcd1cfd7278e0d80755462ddc683fd261
:4928afe16879845972fc48c730c4a3b6de7d2fbf5140bb54c9719327d5aa6e9a
:b1e18d0fcfcb4c1e724b41b8f7b5f896d123d91b447f2afb7da074fa3849a667
:d6909866dd0e3f308e8a8cba67670a44af460c8af3c40e928f817ec9313ea595
:d96ec2ecee60e14cffcde2f93487c2dd0adfaad46b2d4e096aa94580870e231f
:bb320529f7e9bb858c1f2664e2604694479a45a915d512c8c76e31c16a92f040
:9cc0bcbf35372c73d730bee444dfb2ed0df5ea3e520b661ae0ffa44eb780c73d
:4f9110933b19da2fcb1d09f5659ae9c330d2667bbcca334c1a0b72f1ecd22b2c
:6212b08bdc38fcf6e6146e413770d84216e3242a83acc887ebb6c34f166c9eb4
:cd148af8a54945fbbb8a9ce16a01150d0791e79862bd418b659fddb1cd745096
:8febf21572798e6d80dbe9387039a78aeb48ab47837ef0a943598baa50434dec
:d0c3628a3b7927905571cf40b5f7c1f0e6ec6ddc5fa52fa3399a4e3773aa2cd4
:5bcd0c44d81452f1074911bf0c326c410dc34faa48f1564764c224141218f288
:31abf1a69395d50269fff403ecab896ec2fdd3610cee210aff431e54be072f4f
:713cf24e3f486a5d8585756facb3fde5b40771dd9d41a0a07af510d494a81f56
:84d1abaf2e6627e0b8c9462cb7fbc5ac1dbf01fc0d9c86c36af329bf685ec92a
:fdffb3fd9a5ada1f9954df79ed6ca429ccfbde1b8bfa82e116cb5adb8700c1ae
:792c8f263ffb9a2b1526cc6867e7ee33eb8d30317a922bae42c2a3446bbe94cd
:d049e53894940ef8d5265855d8d788e08650ff5a853c8ddce8816a1753d3c84d
:133491f75c46d49e8a99322ff539c83d4d05efc4498b60a513bd5cae0b45176b
:dd87e689ebb94d3c855967e8b302730eccfc28547f73ac7c21703bc522609a8f
:eb3191e64664ab9ff63499c03da30072f9a4dbcd528928af955a79b5ec5653a3
:ebdc52abd1e83faf8fb9e495b2bc0405adebe612d91b0aa8c3a2dbb860fc85bf
:f996c31eeb7374675c5e24db862380690f16b3358bbe3d34706d10cde4078533
:fa4e602a95007cdbe14ba8a7f6b6e693ce4bca5704087d759984a80e3c3593c2
:d9d43f792411b7654947dd4d9517dfeafc096db42c6a9a7a1ead0bca13375779
:0b2d5fdec57dd818042e636c89c928d61f79a5f8063f75ed24a13d57e707ebe6
:20a06d14f3a8826cd6fc99e42b5a9269178c3090ef183eb39354f9f1f433618d
:94957cb26af86fbcf37a3e2955bb99256214a0b9d1f386af4f9cef8d252e3c5f
:f173534e4e4034b55fd6494d794835e0f7e3b0794a3881dd584c6144a86c53c4
:98c8792b9831385bf26b83c4af095199049da525ff812edfbbe168c7970a77f6
:3090d380bfccfecac29218335c90f73a9e31fa40d5d5ba91b82e62b25e9ccdd5
:16630c8fbb5d3c321c971e89cec8c55caeae3d7e45501e9f1be397107a52a6f9
:f450becc4117e8b6b37318aa9fc1c3a62e5ad5b1a2e95d36608c8e69f518146c
:12d69b280c94f23b2cc692a715e82c35818b216a698d7211900fb446b7d25f8f
:5c4946226114a6841d1a287da7ba579a48bf6f592c81190121cb8fd75e4e5a2b
:2e932dba73f0aa67662d048871653f2af201497e80a47d0a6bd1811bfca32cde
:4e5e7484872ae49a2fa1581dcd9a30a28b3ef8a3bc01f69761dc49ca5f0358f3
:a757bbb456ce70fd91d1864793ce374ae487392479aa7c797923e6c3900680a2
:973f7c3959f89e50de1c32eae44f2c96d070504c870a487e3707be193d8f9c97
:e570a984ffd8ea2f26a11fa5b1f9cd6d742471b17e832086d02d846b8d2018b2
:41fece0bc942ab07c8345b4afae413f854e3568b50dbb8e4be85f7eaeb74624a
:1249df190e2d303b4fed0b82ea1ec1c7363224ea76e417b8811faf7239aff25d
:28c382127e6df9adf2c5cdae0f48c286d772412fcff9fc0170b91954e8650386
:5685f3bdd4c6dd0dbe1a7d5dd257a8472655f4cdca3971ad4d9fe80b538e167a
:15fb4ac63a4f0e1d0e1c04d98e064a6affec6c18be10aa72bed7cd9ae9ba5db1
:f85f312b0a6998a9e333e181261ca28602db5cf746c0e37f7d62033b674e499d
:518a118a09edbf4de17571f07070756907994def2df25b7162b1a26a3e99cbd0
:befd10588d753a87af79213ba8fc7102836b096d7a1b93347979fb77cc385ba4
:7d8b07cc81db5f225dd0db1f5ec7fb0a9de87c5660ef12a8e0c892b2759a6b9d
:424464ec46a5333349bae1d4d5d533b3bd32dcc6a63d96ee6c6b2eae4dde23a5
:b9af3c6d122bd813a45f5564d0109a623c4c049d1b2507ae7f36ae7bbc7e4e19
:ed6d00e055c452d70f375e5e69a416aae8cb214f2834b70a9cfbfe332f541617
:47484ee35780a018f99f4e5c7d85cd6be40626087c165cb783957e9963b629db
:604e6e1c1147a0fddfbf25bb7f8e19ec90116c01d3899596a100c34722ead89b
:b1fe3a8bc04341bcbd8c0ea463d6e20355b5af647fda0194b4be1727598df665
:c5b19c4a1b4c543deab1c90402c5e2ac1c70ff452c41be5a77aff9e4e1f96827
:8e13ab576dece199f546ee9e563a40a871c8957ff7a7623df4779ab068491c2e
:6cb82cfcab0e2b21f9083ce102b75ef85dd8d5ed0e2d817aaf3109c1a223ea66
:fc5fce1cc8d366b6f8b3ab4e4e43318162fb60a34402530ea0e1994af1cb1a58
:24dbb33ad7cc9ba82d7b8d38b00362c447fcd32772c6331e7a01a3a6400d312b
:04bcba6593659b80e4d01c2cbb1f316b7793351d835fdca792de1eaff7f39cd0
:5c195efc7b463c536cb960dfdbb4729077a48f532edd75f4edae0226fc0d7a80
:43b82129d1d78a8253a4d301c422cc97a776b001e69c919b68ab3f0dff11b6b8
:80827dd29bf7eb4689728ff005455d655bbfe15718f80d680c207203323905ba
:fe5834a549b56729790a3116ade9647d60637f42d1eb045ba533ce268535ae6f
:c81431076af5572e2d96d64735d3410e6ceb5dcc1bc869cf48369032e2addbd0
:9bc04e7b70d0e0816f9188593db3a3b41e5d92faad8b802e1633ee5243fc6c04
:61bc117b14deda44e5c179006262b3f313217de1d88da1dc33b3bfeb4c6c0101
:cbfdb22a1035d75c69192fbc242ca221054cb9bea5063a100b27f89821bc1c1a
:35299c71580255b9431b1f780bb7c8dbcad09c2e0730072187aba135a02ff416
:51c8b3962473a0ebfa1edf8f651db7a6cf6ffbdd7c2fffb350c089a70024746a
:c41b73fef43c9171bf9ed3dc8e1e98cc1760f0148b803c584480030bc7cf1017
:406cd77efa509dee1c518c4467544b4cedd6086f87a6420b883c5800e07150b0
:bfce39418e8dbb50aca532d9e07228dababf9fc654247b879fb4c8182a8ff388
:896c5a28ab267f487368b0c6ae1cc6ffda2ef28e1f310c95e577628c278be143
:42b331747d57f3adf4f931a17168d690a8dcf4edcb8c4ffe63ffd9dc8be6dc3e
:f5614da2e6d31db998e839b33cc96c5c3f6f0df1c3de6041790c039e6d315cfb
:76cbd7ae12784af28b6848a054c11eeebea241cb0e5fdfdbeaf066ab2b8b1c8f
:1db6960a837bb7f2ee2bf7e032bbf4eeef8a4f357f3ce08299633fb7f1577de5
:a72e6274c62d9dd8276a3fbf0cc0fa0e7b24fe1ba0be28e1c3332ba02207e3e9
:80c1373baf9406d7503f3636979dd98b6984db36621ea856b2543681881498a0
:5f7a32a72e58a999a5787c5acf0b354c6d7875caf5c7b05c0713bf0084450527
:f014257a1e6b7ca47c110d0834fdffa746729399378611f9d332406c2700ef77
:60374663a8f3bb8220d003922fa2bb0e75279be9b92d8b2f9aa02a25ab8e6c82
:c952bbfdc7ee00d69ba886394535d3701e8af8f4e758a1e492524aa73ee66f52
:65ad069dfb45d6326fda5f6e16eebbb13b6a8c5e644f649316db5acbf4d432f1
:fa053e5353bacd40b41713f5112ecf6d5d111e7f352774235311c81f008ef98f
:34e0d89a10d99c5f523e46bdf7570419aeec4663872138d707a3e5f333874e2d
:e722cc2a8aa5f389cb41a1b2782f6055e928cc62c2ad47f7986be1af8a80b79b
:42e63fbe812b1581eb5373731e0e475df2421fc2460a0c5f0cef9342d07b1a95
:0150fdae2d12c03200098c1991cefa080620393ce7ca2b9f95afd284bc317c52
:de5713aa2b2f978b09486125d5d055ea54523363eedb3e38b5c01b849c1f4d4b
:da1e283e18a784885941d89f65e9ab343f0321f5be6b152a62de52d3a10b1a85
:dde783eb1242c93e478238af8044e48833835831062da605df0f486a0903256c
:fcde4fd0c2d74823ce0b205f682f53d03dd4f23397dd770a418d4b80b6b66e9e
:516b3990d3c537964ba3b25b9d500b47a46013cae3b2fba48615a050ade9264a
:52ee0e10635f85eb57b36e612c19fe1f5cb7b234e428e34777210359fa4bc5bf
:c3fe4008f9b9b947a90aa422a47172025e12441429f004cd0aeda0c478cd02ee
:c50a737113b3c11a10198d22c669602f41bd86d3f35f8d7387ef49fcaad4efc2
:bc45d4ea9d4b48e4d0fbd145e1c9faa56531022c92702e99bf33c56f7ef6b8ea
:336ec68a1215a8d2f73dfa25c73dea5b8d5c81ff09aa56b45251650fd3994a73
:fa5e49b44959a8679b6b1bdf2a47e92367d9e7daa6de77f17371875a113a1766
:df1669282276aefaa94edf58f2f7ecc6a2084f86cd978f2b7cc52ac7b2636dfd
:cf833450012d253ab4480cfb7808f3f7f6d67e1cf200b4cba596a928e5ab3017
:2d0e9e232fc1cb67d8ce03019e8de8936a861e9c8438de1e69b876f9780505fe
:34df247714bc4df4a2b27eab448115c40ae8e21b7c4ba0e9b06bdbbc4688a4c9
:ac34abee662a7a1a85fb20be52a653fa47ca7d8ccc849ca85b5e4bf97a462c77
:cb713ebf563498464018f008463eca7ac5cb65bded538bc584539035f31031ed
:9921ed897a701130d96b1a9b6e04b1436da1c7ae19208645683a5737377095c9
:8c98682642a72290568b475529ba45faef12431c1b0c52367cd8cfc753ebd965
:41017032310c0ef8216107450638aa7125ede0b5193bf7d6787d65f6760af6d3
:a44b5a9f8ab858d8cc9aaccf03b2386ab155d83770f02f35efb08df688f58f34
:91eeb58a1f7de4420d38814b98b2ecea2ddecbafc587991025f924c8062efbf3
:60a10909adb930255e4c53258938bcf341207e58c266e3fc40966751c26f2d76
:1ec7de1d0feb8a01464c495e96c8447d09cac9ebd7deba5152cc315f42cd4354
:f6c3a99124ac9e5941d141575a0b7f8395691b27ae92365a717b32bad06c0d4f
:1cea46a967ae126dc75d27d6e372417007aa3f27a1f7cabfcace7a6d9d1ae249
:3c763308393935b258f31885c6f5912f1e07fe73ff1535893abfcf067b411675
:f6a88cb27694aa93d5bd35797729c67f381f85d75da98c6f5fd6a45a495618a9
:21fdf721de32920110a86f748fe7d48f7c59e30927494911eb8a78198299b1e3
:31453d06584205d9c2ac4a9ca700d6b8e395d877a04713560f95e116bb1c77dd
:c2ab1ba9fa66101bb3b583c5623f729f77c4a4bd2959d04ee4331030464d223f
:aca59698617cad4f85fd52c97e09e5959b7b981ec8d64daba74d809f29f4e98d
:c7d58e6ddfe318b7110110a1f4ae8d439e2bc83bc76e2d5ccf7bf01b2f147f31
:1d70c34d9a67f9d1b6f20fa32c5bbbde911bba6f92be765d881ffdcc5da396d2
:94d92c1f0b75a8a6a864185c5cac44049db801556cb32059db4f63f19efc0e99
:cdec3616ae34eeb71f628d53d39a84361f2bcd99cd13f93a47b4d723b4047adb
:03acc2e82df8a97e4bd6510510f814ecbea57c9706e38dec75b2ffc9925e1a40
:ff7ba27460f10dbbe8b7b2a14675e301e0301229f52cba0194d3f9c534869aae
:863899301b2af716edfacfe3f1d4896e95ce8a0aff995f5a394236f9e03848e8
:11052ac504eb38b2193b68609df474eeec204c2ebca1a541d53166e8c2ef74f7
:b6cd7dbe6a28b31b56761ee576a61dc61d630b85a338f2bf28cdf284040d5090
:f9894164f2bf544cf0b3c3d9c38738d2cc494e1e30e115f593fac5cc144b16e4
:f1e0ff41ec77f33e73b9eb97e4f07fb385a559651ea8759b87f6674ec6fa6dbb
:7435eab75ed6a5679f28b45902505f0216692f0c499486bfd848f51eb1751d48
:0e2bd1c32ae82c76c8e7c35322fa745a7efa831129af31df6320c85caecd06eb
:c4c19d6f8efb5aa78ed8bca479f9a3015256e5269ce5a45d9c6c22a4c167815e
:cc573c0fa0db414018d45b9c975fe1117e6eb67547a944294866220fcdf103fa
:a93fa614a403ca2735c63d569d010933f0d00ed13aa0e87b1cfe6ee7dc4c727b
:d171444f0e12e44d4a4bd13c6679e3b4e6095931a903ffd981fd60ad68de970b
:e7fcd0b43aa00c412b6f7baff593dcd8d79f8d7622c98d9ba545f343963a9be5
:27308dcea8613df470b8d4697a3c19c6fd58769b450ad41274ecf5ed012844dd
:ee9ee8cbb0f6dbd754a8c0f5ffdf03ebd42b11cd605f969ffa5e21358401a2b9
:27be8ac4223bc0ccca9049a0e5d9f57c39e15f3e7d6727f5d73d361d1f44ebb5
:6eadf65354d509c9372bfcbb1848f481e8eedbaae106e1872a2e59b34d8a4e1e
:5bf95e4e36ef5dc0e9e213a2c4fa4dc89b206a98aa490d041bd140c9a3eaa51b
:fe2a404e89c5dfed66d2dd99abcdf96ac5dfb6f0fca5e82d636dcd1537bf7e26
:ed5c678a5e9a7551b220e172892829e573467eb636ee309137d08c7a2d785181
:26b64ef9eb214a2f8d33f65d219da1ffcb9a9a3ada9442b6f6e35a6d6b1308e8
:03caeaea673324c1d91ef9beababb6eb9c7af70e2c13bd9dca81051510398d94
:00404b244061e786429e399a6d2d44371f72f4f2e55c16c43db07bc34c4af3ac
:7fc98093c087711d4a2941b54eeb9c520cd9b9461c644619781de70c7bd2538f
:08e7af2e5fc9a38805db07068a9e118b5b3c99bf80d575afd439815405ae83bb
:11a3888c70a5764de8eec21f5b950deacfa78a65f0d3e60edcac00a864317571
:93ae2e26ef93a64455c1b25f2c7695c16425dfeb07d2dd6ce80c520c536159f1
:14324bb749e0037f55a498d1cfd71b04eebaeb200c8c91fc96ecb133f0e8d202
:9c2b47d149b2933d6e7509d9ce2edb0a4bbb8d9b9b775c6f44c0959387592f86
:47edac400b98d32e911bba1dcb6ab623b99c879bacf8688c87e631d1a0a84076
:a16def79d0bbd9d77388b6e6d4d2030a301ecc0ef6f2bc7ef24b015dc3fb8a14
:16c7095804fce7fc8018b6524754c880840ede8873ea39e13e2c658b30059cc5
:51f1ce350191b448c12b03c4ec9fe1967b1b44e30487ad1ec58bf95f03497589
:e854b3c2e2e6ea4e7f3cb21297a26ca2acf458816b05ba159c00a2ee5e6e90c6
:bbe48331a18fe331e74740477be5c15f6220c83e7dd08942f106c8b1600e708b
:97717453092b4244193e0836ad4d9c6204f07980cac62a9002bc0ba947e9228f
:33c3534cc499dd4fd804f57529672fd45e01b0089a4b308838257e8a314c175e
:38f62b946f4c73d3a24059f484dc660a181850aa7e3ee316388c1dd54a55c89a
:5c3349ec24ba1f08d09d9e0dd1c9dc988067369dcb8e3b2775f652fa7d828b8e
:2bb1cca1b3d0917deb1da6abf4cda22f64f300534f3ea5b72a74d6153bee7372
:ca30600de704194e73945b6e413f22061a4c7adffa2a460217c4c3afbdd65fbf
:d8f47496584152f7a4e7dc75d27089c5e72f4209efbb2287cb6daf913e08251f
:df3df753fbd6da53e3149694f36638aa2f8bfc799b56b9e6100aac70570a63b3
:b2c3879e05d786acd34404af23bd246634f13346241e4e3b1dec590402d05778
:c1f7941feba953c2dcfc1e1a8ac06239408a73d11731bb2bfac6c5d61af62bfa
:e18bef333099fbe85e2857818b1eb5ffd8f3ccacb0578f60621dd0e1b373f5bc
:e58fe69106b470782d52e5884a479bfa16d3df6cbd52a8cdd305edc32159e538
:2773e7c629894e2749a62b8373b7196f601b887fafc38870a0d2936c5619dcda
:ef60f4d9f784609226674c79d98caeac7e32cdb26434fa4aee2d14f51d3e33d6
:e4dfd4a4b688c1fe8b489796bddef88208db91ce369199c936d7a844c822f509
:e3647699ad2da1aa3fdb8e713cab46b297e8bd7043283bb08a29ad4c6b636475
:1784c641056ab428dd115b8bdeea822e9a86dfd20e20f665430f5707ae501522
:465379c9385ff5654d7b9c19d304b9b055ef8947bec2c9995842fc475b1ba9a1
:51e072189d5079939364dc311d0153519aca3b3f9d4cca2a44ece35db7fda1c8
:1bfd93a618e4886b18e307252b7c34c5f36d371584fbbd5c5236927ca8c66c55
:4dca89b45bb127de05b963f2a52d7b313b0119cefdcabaaa9e5d487cd0fbcbb9
:33a9e3737132e2f7191e41f758952b4ec761db98acd0f094a6d6af34b394f94b
:9138a4e11d9375df684d57846d909fdc8c1e2b67d3a05ab53c7420b93525c91d
:20b20b17e72ea829de888cc15a875c4f5e45cdb379222ca14f5f6a2034c02ea0
:d8ee2d3dd1b690df21dfa0af05ec492286a4a35df21b3a1bbe8db2d200ced5ce
:7464759959945b7ea27e404670b931f0e2c24f77641085e3aa86d4fae6bb7e97
:9629495a2fb73fc53aa3f76892adff6be14aa91265e6d6c0feaa12d14e48f434
:a54c14ebb4b845f4a6e1458f1e356da3eee2dfbab5641d9780c3205809cee97c
:6ba1214729fb8cad111dc59d2ebac5f021a7cf08eebcd26832edfff9e3118914
:2d2591ffb18a6babb5d9a99cead65cf8032782f0beed9de5be1640f8c6594e7d
:2ae92945007dc1284686f91b31c2609bc511af141c2478fee826afc7c2d741aa
:6fd301703259179b9f65c77026cfb07ef010484afe841649326f9da8b6ad86ab
:a713ce2c4d7d68d290b91dc407f3903b65107b26e79c9baaa8036d674ac9ff57
:79cbc4c0621d3a511d5704e727c14d40c49fc2585903263a955aea3d322a6644
:40825917d81eb78d9fded3bbf0eda9d1d9c69bc87b45b4222f11b7ecb8943d73
:35498073ebd3e5bb5d43f4655a8286f3172ad182902090d09eff618f4910903a
:04b1ec609f2c7895b3bddb3627000b763b7e52a5a9e31f75cd5961a95bb42acb
:d836998dc215c88a4fe2c8f5c98d559ae8a89004f750af6a520f5b0b6723751e
:7193fa49611962ee781cfcca0fcfab1c7b8abf24ea310ad5d00acf96903422b6
:e97aebf4727dbfd9e319b04dba3b2f3bb9422a6db5b0445318e9e78e25f2222e
:888d5030230d1802a64b32370d76c39afd6baf156537f58f489a72684d4f9fc5
:6650c2080362287e7fa54582b13db6678660f39e5474b75490e0c2824d2802b1
:fcd9ef6639b054d24492595e64938d068b4234672556f35b53bb178506e13693
:9f5950ff81c418cdb279d04e7b70881f921718c57e4009cefdcd5c311c918af6
:34281c87245324c7cdbffdb57e6d8bbcc8b7f1213ed9a9181043fd15e662fc6a
:bd0c148810a8297634f1923ed6ebc8fff7e880819153b4d68d622d8cdaca53e9
:fa00406f0c7fb597e1c4bd6df5b86cc192fb7462ca5970f97aaa5ff218c1d4b5
:c3aa772172746b962d91f8d5ffea4c681ea428ab8982bb95ce73f14351027410
:99aa593eea5c777a841dd379456b3f2dae90646322e03267f41d02ab31d9da44
:9b8ef9f2bd1901228cd983738e025a801667d86cb7c3df3a07e61faa597e7313
:321ce3c55e3f43e05bdd37470c041f11a23ba3d0ece619c7af554be4e996b297
:43e086e3ac9000f7586bba7d0cb4daff8c0c2256cd71f16b9b740728df1e5182
:022fbf0da7f685a050db27880f694044e8ddf02029da0afbe114716f199fad96
:a73ad4991f378c33022c819584660e008ecf8f4e685ce9030e9957ccd6dbb409
:e2652c9963cb5eac09208b76b46f153d6c34170a8bb3bc690f65b8009030a8de
:0c47b566f3e09f07cfc9e5db72e35091eeb0e8b47639775bbbfb8c8815921aea
:c835064243e6cb32a4a11d4955f6e64959ec6732bd772826f56950dffd430b70
:98acd9431551fe0732bb49af0f7613fbceae5d8ba3f9762d0ef44ee4454a2f2f
:620bd43a8ff78f3b643bccf263277967d8891c2fd0243081c160f46f32f3f685
:17495135aac85d6764638841c17d70aa251f9de64a3ad5be50df2d508b8654bb
:ffc947f30532e1da9a6f8de907330caf9774eb55e551cecf53a6d87e69885670
:1ed887d05080bd0e1c04919b67dba5f8f1a244b9daef714d9317c6190d896531
:4398c6d284e191af8bf51cfc2cc82d3d56bea8a0ff035240b27c6f85bb1fcb16
:9e084bbd8440de39e240f1017295e575e3c2dda5fd5ea3c4170c7a5db76b06a2
:8bbfa4cc38f02c0cc5625f9a9b53340f25e3a7592cc744c4155dbf87e8df97c9
:343b9b1e7ef546b9d70981768046e06eb0d0a1476404f8045edd25307421a079
:fc8a0c9ffe82b180f8f93055d2375982d0c7133c7e0a5c447b38e9ccbc911103
:38b96d22bf5273b6eb7835379ccc0ce8ce429f351ef1ce53f3fea9b5a05a90d4
:6f2b98f1a35d9c94a9c96aca3985beac20aa0d098892a127f63fc8f359d045ac
:995ed2cfdecd196d8d73fff51d81d4b89c2695a7b45b89f83914aa02682050fd
:e2fe31dcada32f1cf6d36c2adc2de85fd360395c0b6abcc2deab2073c9db8271
:9b55cc69fcb6636fec9dcacfe673887c65989f0d05ecd298b293d76302e69a92
:fad4a0ff78874f6ce78fc3d37db0a5a1d12cfb293fd7ab8e3d5583bb0c295d01
:17337f76f2900e97d58d8e5fa2d50c54ae4f1dd9a0a25118c6acdc579631b8c0
:d7e18b31df5bc82681ecb7b6f2c5c7045dae062e78b4fb8c98a1280021a2942a
:3da64063fc27d51b18001b52117f9e0e9990482806111efd823b29b522b99778
:bb86776022ae456f15ce0d21d708160ae7c3e92f53b08996d868c81c825f6061
:3e525423528ef40655691546f2962f03d484cb634950bf2364579b50645f14eb
:8bf0b1cfbd791a621cf51be872d573548f7bb8188b75ab4a28805165036a8b37
:940663b207afc890efcf5cedd233be73e6f850e0c068203a9ddda1117622b9db
:65f57cb33db76224132d7accfac82046b677d4cf3c3ab130e4b8000ba80bad8d
:4d6f79cac048d00ff8a8af43600dd541aa1c3d6b56764cfeaaff58086db5bcc6
:b446e02a6da04e408c44d3796ae0895224a01513dd826f44b4a2dceae09ec1e1
:d1036a45efc203b7963bd3b0fd781984891769d7c0f18533df138f83386ab3d6
:ab60b80b2143191ffaf745b14bbdffbf19a317c6913c52d5c6597611c41f1dc7
:55b0b5e6641d3f87e4d09643a20566fe9766f59651244351ebcea58498e9a2a5
:66593355578bf0df25bdeb41114c9b59927221105890d9c3cdabe0963f0e482d
:34d13a24eb90be3c8e8f7b3972a38eb4f22e8a609b3175ed1bd9ba79acc5dc91
:967d82512509f28da60600040402fda89e23a683d545a31207ff8f843dc0deb0
:5b14efa262461a115fa05ace611611603cc7a5b9528e6bdef82ae100739a2bc2
:bfb79c83d07f0e3f7bbe7a63131500dc5174191b1dd3876f72c4119076f5bc01
:2fe696065d4c87d0ad247641120a4e814e41600a1254d9b5b72b338f5e48963c
:4bfd603f1537c640e4287605c950ee4b29164a44155a20725025314601e419a3
:055b68a268b2f4cfe68f34f30ab8e31de920ab21a3a24a166e54b7bfcd5a4cf7
:a524c68b5224a0bf0bec7e31e90068f3e679d1026395d3bfc5b2991473a80eb1
:fe906167e428d42d2f8487e31b226918619c116f83ac28b04d6121d965606969
:3610516e6c5a9e030d5b67b5f75b981ca30186c1012cf7cb7325bb0ba04f78e0
:aefd1e51b4ebd116c1d570fadc7adc42215e4d72ef39474a790ff0901be873eb
:4f33bc79e1e38a90fdaea645775e2bbc8d947735cbf06a6dec45dfe51f4e3474
:b7ca3ad3e1aab3d73a2821199da8fa7dcc49629648e2c9ae941883983eb96f77
:c5cb2b8a2a017497628231be668a32758d95c199aa4181b15ac23e5e2b4891af
:9599924f8159dcfe7ca647a3d08b18222348217eb5842e6a174f8fd4077f05f9
:d1d4103b4454901f2fcc1d16cf956f171ce2734081cda0516ef7ec71db50998b
:00d6f691d43115f369b6ec73de781f7161cec296951419bd3c99e8968d9787d7
:726e27eaa4e5dfa48700c1177df567e9ed3b3f69818375f73ea42ca70f9f173f
:a73da2f42bb3bd708a7ee80a775d30a952194d02eae5b5aa10c78883868b60a0
:e2518213d79832bb027db1df4fea2be256cb06881d5918314855c87888d97457
:9dd113c187f86fd52549c764a585cc626a051566f8f94fa9b5d5a285b677037a
:2aa90a5cd06d144302b1da1d1fcd20cc531f68735f1e091f3e7d93456a097c66
:b414f173a5a9729f9fd3182d38c0c7052d09693312d2b4746fa770449c1b22ea
:06f9f6c286b3870511daf93b38ad5e300a11897a468ee1d86e02d330186695c6
:dbde301ad5853754e8b746cae54a9163bbfd3e8e819896017e994e4e21c132b6
:aa76780132521a4f0d2e82fe40e6e943d8d1b6d186af33f5ca17fdcec6b7684b
:b48af7d578ceaae04e4756c73d82ebac78f1e476253dc9b1e0f7f551ea0abe72
:d0b23101a96ceb9c84fd6fd42ab5e222a73f43aa6407fae32670ac910a750ad4
:23ef2a18a2d8d075b78daea20edc8719be04941bf7da1169ba11cf0d2c25e45c
:fa4f4071b3234c5a236edf58c4c66dec178566f4fc93dc13cd0d9dc3581cadca
:adc5be90da4bf53998a1c1b4b08a840e6962f72ecd0ea98375d18371b33d4b37
:36a0e37e5a50fac52889947d2da539dffe3a613ed3d9a2dd8227656b61b632f9
:4f4c0d6aeeaf3751119bbed8330e2d9f79df7c7f8448596301d02ab59e12cea9
:ffa8952112c01972ea3d502e85f2996d77f6b58d88640194780b122c1d610768
:6a36ae182d84391ed0ef2d6c6155db3116d4a63397700755683e8e9f3b05d7a6
:4b6f55021e4679e2806e1dda1dbb8fa84aab54e562fc286bda87a581067b27e8
:f73b1a29dba225287ea7066e5548e9ff61bcd228253c3b34ff0bef0233d5b47f
:f62f0b0b5bf259c1b7c5e389571f12cf876744940808abc43cc918bd94255845
:443c602397677be39575077222138e0e9d7fb01dacbfef8c87f21f70af9837fd
:fef39be7f264ca7f29c6a8f3301bcb99988e85b21029035e2996c027db3f086c
:2e7bfe845be81251133a6e25a6b85eda88cdb8808a5c57643be81195b61d569c
:b17e0fe185d6b1b1319f99df76232bc93b9e060a1ee91a9845fc38ea37da054e
:8b8a9552283c387db4c506527cb94b882fe8b591cfb6ea6090e4a986dd8b3ada
:c890401d02d7c2692c1ab12d6487758b765e7b9ca7d6c2a4ac1a9979957770f2
:6d559334da960d2eb12649e065000308d0c0023bb69e99d60b57a227f71d82a4
:29b78e224ebbe8d9e3b3a006ee9bfae45899bc9ad381c724e31e584723dd417a
:bf1a25bd499d155169195221537a4de65a71911bc6167ab7aa22b7fb951b21c1
:701295f843e4454bbbd26a813c00909fa795c37acf9e8b787dee31c82122e3af
:a5c4b3c9c96229b9fb7b261e81df9257726b5ad47f175c40fb4d45f56c060336
:4e3aca0b7a23eeb18ad360c127ae7858660554747199a24833ff82f00cd19cf3
:90ab1770cebf273b869fb7e13fc6873dcea4b70f74283ba947e418d56edc4d9c
:d00c1fab1d13c910acb9d97bac50be877ace8c41e0c0984ddbfc71839cc40db1
:b3de42d7041056baadbf0e01b57810cef10bf40a75cd5e45ff05cf3955ccba99
:1266207c8b2d034d12d9f0310c85e1b231d3d5a9dffbb29032007bb4495dafb7
:50469f14c630e2fa2203dfd8ed82e6c4653ab2ed38910f1109b880371fa43f92
:550692127bcd59efcbdc6e628f3bceaec02c531cf50b4da6ce2580ba09e9f123
:34020a3079f49e806c54266a44796f969bc1d431835b0f17e840e63201875658
:7f568118e465e9104a61ff0d588844545918f00bd881feeb14ed697d8a48ba87
:ec89661db486289e2ff8a66f6f5a4b6c354dab97dc5af699107f570fabb267f9
:c56ab0a5b7229bd35f4aca69181f10320ed69659cc4452e980dc71aac043e720
:a323ee958b3bece950b7e29a21cd55531c21e7b4154c30df0ad98b18e5f6c6dd
:1c91f158198c2ddbca44bd9d8b317e8f758f9d9b59833ac3df4bcf83c63a80a8
:5839a6acd2a3811788dd6eb3d8ff0f8f1db601f596cfb2a546495c3161f55baa
:49a5723d2276def4375677d0fcdb136801e23a1176f7a78ef653a9437b272cd5
:31f4d9cb00458fa95d5752aac62838e34b1a7f8aebac3a1392c8dcd67965a7b3
:f789a0cd6d9e6c4358f5e4294f342e11b7d10dea6333a6128b2f2b9b877f7c9d
:0117e0de7fd4205b49bc611d6a19e406c2e2c29c146bc5f8403462264b2053f4
:d9a8a11ac00040f15c052629618123e9dfb20dafc2463464daf62386e69bc4cf
:751709b60ac327c17c324dab33ee3f17173d0fb66d8dc8c85e1bd439d590f0cf
:27775425893204aeae838db76e3a9c8d3b34897abc9df7883ded8f06c9421d17
:5e3896526d2ab19c9f290b0cc629431df5de3017b2f956c8f9f3062e7557956d
:b6f27de50fcb1b9b834ab61d23c6346858d95d63a4b10957c250072218ff6bf4
:2514627e106deee923427bc79e83a63d42a6c119d0e1521fff2e873966d866f6
:4a2bf1087368f8b034f0bbddfc16555f11dcc950648d234031680e34eec1d8ee
:dc10490efc75f3bc6b1d15be254ca10d8b94ac27387b7aa1a7d8bbad1c21c599
:2494738a5f963a28a97fd9613dcc27c59054871fabdb282f6694da12cc746249
:5197c5a0878226765f0d2eeed5ced81d19574b1663a2a09c84a4c4170c12b311
:a5029dbaff14308cabecfe781e930ae08d232fa74dfc082957d53f84958acefa
:4da91031a58736c020b52e9c80d46daf67f6e38b20b6c1cd6a497d6c4c84ed9e
:4ce985eb31cc08b56e7b4d41aefbb498c68607c91a864f7f4711c52788a901c9
:a52bd7bd2a3885e5d7342fccd1a9a0d23eca7fb825aa36166ddb09b4ac5d2292
:9a737251b05a85540a1ccac015508187bf9908f514652d4e3bdd6a6504750a15
:be0e23d33fd67faaca95b36c0d3837352a2ea88edf47e0c0e3352f7f5027f761
:6a8fb47af02bf34eceb3d34c9e2c23ae2201eeb06d2c400ae03de0f29ddc2d5b
:48340b048f71c25a36db41adff3272abd1af9751d09a6f9deefbccda4ba3a9d5
:78e4752b21249421caac745514307fe031fb49784764beadd880de1e3ef3ebce
:e0b6a55b83929bc5e1fd91ec2e4300ec0d509e41c49677e5602418960882a330
:a4a9a748d32d36ca2a27949a99b213d3ba5e1b41af1ceea9cb115f3f088d3241
:3eeb062c8ea41498b429aabd0e49d530f5a48eea920f1f4470be1d7e2de7756d
:a1a713b68c7af8fe3ba9cd6a07cc0496866c0bed2f111e2db8702fc5a577cfa2
:7256a55cc17c196ec0651a8edd33debbb60cd43df041285203aa39dfff5eb91d
:f173856b8249314e61457ec6105be3746c1fa90848aed0239a3d23f814adbfd4
:a76c91919d6676eb7acdf3cc44434c1b8fd3dde91c5689e1621289d7dbb28dd5
:ea9e3914d823ba192f7f4b0005ae757fa36e3520d23d4fcb11a9cdef470b1882
:bbd7166517749e496df01c88cc09c52cde583e4cd60d8bbd90351035b9a01287
:7b7008f52863723064711b38ce9d220e8bac4b9177cd5a0ed9877d85146b467b
:d244ad174ddb0c97a8148baee825c99a0ebd0790d9dc5ca84ad3ec8145296891
:f240ccf659381c0a41d91bbfd9e0089ee2f82b4a4a078feaf6874117c2cdd8d2
:34fcd6b09a32db1d92e7150401d7af1c83da8d3b4a6318eb0bd609d96f6985c8
:7fddf1db83b297cf61e6195420498d614b6c8f234168d53a6bbbddc8ba52d91a
:6dca6b073905f9759d5459a28778fa9a571cdb31fc61d331e81efd90b5b5e39c
:c64faed05ae0c9c1e9bc4d10c53d91f267c71ae8896e114e3c27d45e36fb98fc
:1504071f3bedfcd98abeb6c30741a29d381f5b39c0625aca336527129f3d5ee7
:16ba4dd555d78c32bcbc433211eaa4670f650bb46b174c5f6b615e682bfa803a
:f5b843c24f4cfc63a3a30bca259b3101586f75bb6446e0479a22976fd712953d
:f5b0a586d134fd1cfe5f3906197b96258bb823148ce02564da4700fe6be42c87
:fbbcffc3e44881a4749b6fe61a80c91d8603cb67ae7eb7e2d475bcfac0f0bbfd
:ae717c97174829e41ae80a2ee648532cd155d389028e136d5143ecc5b002b05f
:e9b7afad740e15f9c65bcebe932782e6622a9ad9413306e93af4d3d38e95ff7c
:f84ccb13cce5c33ffe23f585c68a38f2ba1d54d4c3612752a6e1c9ebfa05f25a
:1abf99cc9d35564e4fbf40b44438031a3a1b9b304a7c1fe6d2578d14606f517c
:4c880cc67715c3bc2cd5f607d8cc22715ddec596f77e6238f4936c7d6747bc3c
:5205042bee8b00d92dadb63976930a02241011224ef62c20b2ab40379734b548
:48192129b35885291ae9bc8d08c32c14c09986a8448745afa250940b11e25356
:e3ede1c686c393b91e2838732808d394ca857cfe92a33298e53d75c87805215a
:128ce9434e3bc019d6eb435481d8942cff0de48c38b99ed7ac404ec3b76e6f1a
:bac5ada9a946eebc8b8935785f2bac6eaf43742adb98b7d532f72ad4d6865bca
:cf49ce2aeed716b62eddc2e2787f288a0de778234f637d0ff749f691c7bfc93a
:9a60ebb96df2607024812e625a3e04236bffeb446cb0cde5a25c9f7d5b328cc9
:a080e616a41427369a29921ec013c64a097cf3f02a8ed44f16e9bd8448bb01da
:9dbb90de50072df7f6e55275f52afa4da5eca3442db72476ebda401453d6703b
:04972c44f1776736a827711f5bd0fb946afa721c7111334065a21e01145b5e5d
:c8a9bce7379a2d6cf22051ce45ffab394b1362a0662a17d4f96be4808cb7382a
:748a818d61d28f9a20b0e3ac179dd1e95351c8f3267ad7827d8939b0a75812a9
:500a106acd1b552b04052c2765e044b7c8b950a4e3dcb79bd66e2c0a133c4592
:f200672a36f1c84a8e155ea91531569c64599400738b335971819b9619a1ef22
:18bca5d1c16c5041082273b8be041da5dff486a6f517612d8c19fa3626a09e98
:4867d5e963a1fd76510f56972b03742533e11f7c4a89ae1c96a7cf84d96cbdb8
:513a0875458e45591842e91f074dd9efd630c9ae213c91d28e3cf3ebec6be143
:4f4a01a1e5a1825521b643d2609bc0cf1af316b894f9ad515817d95757409cc6
:d282e8f0d60366671fbb0b6acc9d7244f851c95adc109631123552febc4bc33e
:919cef19a1e39b8929b030851353305e0852ce1b6ea233493e2de6192d545f0b
:9b17f6bb89547e25fd1692b580b124dc21e4931e69603f82d92dad1dc879bbe6
:2e64df1688005252f83857ca372bd94ff197b06a7b58c5aa3ace3a85c4ba83f4
:7a686b652f5ebe31c9550c488525c2e778ee72f40b133931e205f9be4e4ce6f9
:4a5749637b4e9ad1f28d75ae4faaab39eac16a2bf4eaf2fe6f2b707af98b8f94
:d668356a875435642276d4d6822f3036e111e65944a11b8e0df052f8686c6d1f
:bf22d6d460d5f1b6bdc23c9bd8974dab1d520b39167e2f6d18afd50927e66851
:411330d774e3396fe03b593b465b294f09501311df7ce8d24835d51f5eb007c5
:a7aece5f393b0394071b3a1d7646f6aee3e6bdca25fa1476abf301c1e29aac4d
:94991a104f53919cc70819605afffc30ff0c71d2e2384209c6e43e2837bf29e9
:c2ec9e650529a25e2978dce64583c4bd24df72917d177a0d7ab972ca9ac1bf5f
:d50d6dec9d1e5edb17428bb84f23373a135a1060beda4ee02a5d428d3c16e1b2
:39841a95e36d3dbe672d1003b833f0ace869120705f8a9275f164d3e08f34f39
:48dfd52765bbca49c69a4058bc95ca90ff37a76b5bda5523ea1c25dfb9c5ad2e
:717b7ca1617acaefed18346c0722242d06edbd46af9b6b64f456d00cd427af88
:7792d8cbdebdfbce74c3a4d5e5c5a92ed401194252172e9abc2126a99b8f801c
:cebe822058ce8192821de19094966034549d38d5cfdda0645dd204a675dbdae6
:f22c6d4560a5ef1e8b84e1d55dc9addc2ca5cf0cb7f8e1b9545ec393f876a418
:30a946dd6e51224b939e46e6c893d53167ba2139ffafec65e07ffb636f50e5a3
:2de500dcb73a19ab0a843b1ec0e3dda21026dea01a43aaa4847c646a37d2a240
:57f273cefaeb9b34aa78a50943cdaaf1822849ab49bb7fb8b4cdcbe433b3d459
:bf284207f220f16d1ab82b372f07d044c8b8b712af58400fcf043c8ba22df7ea
:ba9f6c585cc53467d85dad5199d48436da30d1c777d2efe3d979ceeb1673cfaa
:2a0de9a631fbb86764aa8044fd16edf7c49c318f99b86c29ad6b72aa9be84d39
:739a4bb13c88e2986839aa7f693999fd6cd95f83653c1b5c452918b02f453cac
:137ae05073c8d49a2ef4b3ff17f953a72d9ea3b94ca24c49ccaa637b23d50e1b
:adf6ec174a56e986b8c938fc5f96e7a8874ff05f6f048772b782adaf4beafad2
:f39d2653762386312a35461ee6c7f16fff86e9d4a4c09e32e8510201f655f156
:89931fa989b44df86b5ee6809366cd6d5c9dc8c4af7679a98bd43623e9a0a970
:30387759a587fcb133979e1abf112744e9e21b86b36961487c4a59a9b5d53f35
:0d96662de67973a481d7346fb672e1e55266a4b3c10635581ec2ae631d3f260f
:965b4390fe78f1b7bf4e1bb66fcf8c9e89863547baf2032794e5394177adf42d
:26e1d4f559948797cf354969583151fc65c54da9f3cbf7c4e18af155b68247a8
:5defa162047a55e5c07b8c3c38b9751708d40ada2d1c50ca82e89db5cb8bd986
:dc313590a7ec60cbd4ddc2738547b8a970aa2b7dfa35600868d76b71dd6da982
:376242f28eff5825c0a33bc33e55a34cd25795ee1b9f281dad1e8ce9d4419fc3
:9432f2f1ece5babb8439a452f3bd573c75ea68b3d64542cacc6e20972a813e25
:9adbea1d16a8935de4ae7ce34c059a6e9531a996a21ab1602670e7d583aa8381
:16f21cf5691aa916da728f5d913d025672bda377dd2ae07764966121af86f2a3
:0ad9b32635d71bb90200a44227e3f2646fdb7fae99f2cb27751da7b429b964b4
:2dd2a0c5d5fa9c82db0916bc21930c4730cb9fb167230b51afbe5cea2a0d8594
:a8fbbc2a09269216684df6a78ab447838872cdc03b5c6e7a2aa6c6833536825d
:923c740809002630c28255f8a6593ea417ed81a07fa6ab545f90c0130a024378
:4dd232d14c41432d05fd3f11d2c8a87085ca9ae6f75450cf6d7abbf49c0aec28
:d1b4356b0170a36141873fd5547a779bed065032fe240a7496b2db865574ea90
:07e08ebc284ed769b0dd10d650880b5e0cd671dd2584a8281dcdd729babe3df0
:19abaca98351e1c7e6c20f7c108edcc691405139511e88efc4d86bb1ba345065
:cc4d414d9f93b23b140548e8230bacab141add14016b08596ae4c923b054ae06
:6d725f67a562147965b255ebaca97c462707ab42573d945f06818038d2ffb047
:25feb74c966fa9e16ca5e58c98372b2029e3b5f8b4df40fc8b9b534c54ffe115
:d3835533ce873843dfb0aaef725062ec740bf9881993d31c710126909f10ba68
:a4a66f2a2d89a98b49e1f386566062655be436ed6b63bfc4cfac6e5d8ad3a330
:2f8b3a8bc56d25ec37abc7e978f09047d0e12e6a3c4f1c80c660c15ace13f6a5
:555f3d1d8801998c251572aecba80c5730afdc4f71e04e5aa3c520aeebbd69e9
:83bb951ad1146fcdfd987575b12d635705ee75b9280b18f20d5ebc3ab0664d81
:9479f08ff2756f432ae189be4ef40e08d5468031aa9a988cd4dd3eb68532bb22
:4f747d95727a962caed61f5636831a6bda046ce8d55179ba75cafa0e32b5e0e9
:c4dc07e62815648245b5375db6548f95ab089fe502e5bd0f4e76992e230cba56
:d999a3ca7b4f0980f031e3e314b980a07dd193261ceb95d3a1cca1cef565087a
:52fcfe5bf2e33d56b32039bc75dd3aed04afa145bf335e2aca695532259be6f9
:ffecdddb2548ceb2aa47e811bd6c8ddd3411a6f8b37525741f59dcc28863d20f
:c20c67c3838b621f8f2f3039e4cf6aa9fab3d1b7115eb7844714817037197c02
:f781d6bfdc7eb8f3258edc57c468c21d22d0243d46fc9b488eb4033f5da5a308
:ac6c5b88578a702409f5b63b452b12a198fb3d01eab125230ef9ec3e6d8bc354
:f7a483101563fe22b616ca1d36e1183ec4ae8aae793837703ed3158d9acd5bbc
:d0b3c4270f87daafc0e00570afacb76e6761b5a27891b13de9fab119623005f7
:1c58470536910068740ae8e5f7e6d9ef782b91931d40de9e162c7e71abf3d431
:fbe9a38d757aa0a1f433da3f03b67a220a2d61f8aa1b0e9fdedac6238a060957
:7f5b303d88c8677934c5c497bfbda942e8117a7e61c0c8b4d1c230ec8ae75076
:392a22600a05b06fd5800891a49a76bcc8f54e9b58ab8726137aea6f07e5cef4
:64ff6648e13948ec14dfa065a3bbd4eda42daddab4bd61161a07c752a81f3536
:b8fb8d79a652822be9e04d43abf53d24217caaf227efff776804747d08b36122
:897211622ca11b661a923a9af7e4c3afe50d81112d1ffe6559e4b5f3bfbaa73e
:f60ffb4f33b3027cf302d9ed4628f27310f2bfe2bebf260ab8fe7e8ae6feb1c3
:eafe00bec1d05afcd930c68675f1966eaadb74cb3ec5cf6760cdc9911d89bb6d
:7fe3cbf1424da797224e8cd2d58d4546b4a3a497d664409925bb4cd2591d8561
:2aa591de6d8e479c13509e053f7047287309a2f9fc481b1796bd4ed85246072b
:0fe660ebc9bc35a041e6602b3088ba933b84ea87b392ece7c933eda890d1a85c
:a6e41550911dcdb703cc4d73e63d18389155977889320eea72ecf876e7fc35b4
:308fcf12504dfb313b1f35f6cc3f277616ecde45ebf33285e3b16ccbce38059e
:5cb34d43e337c24ca0aeb2296bec454038877c2ecb6dfa1f050076a79fa927a3
:7f1c47fb1b79386c684f4e5c8791846fa39026498763c2a9fd26e126c8fd9c30
:6aae71c07e727e62d555daa2cf79c4fbc8b425b89e9c8417f3c48f471ef273be
:576f4702492f8b8dda033c2848a7a1a68d5cc40a26adbe41479bafe83e096df1
:a0d16f686e135f9d9c8b2ade900daa86b45a5df4dfd475485558eaadf99ee25f
:ad4268989726083cb74904761d360f64356d858803da5475d3af40e5f661bc45
:8bb56d1c724d2435ffcf6ef46e861ebbfc63297e0774ed6798a427f60c95ae0a
:bb35b6cac976870a55a9552fc4b4125979749e5638b1f9538b5a14ab3d161140
:e4a5ee6ba9d4ed1d5004a3c34af138635b5c7d9d48b397b848fc4561de1a8bb9
:c4063b19cdfd26c82aa57c35308c92d8dc9a1c7fc05329fb08223d6e6c212279
:61f181aa731fbe56a247340a1749e01c7b2fb5b2bc2ecb8d24e78cc40cdb9a48
:977112e51a41c5f8ce4451fab08706d6b0d7bd262261fe9611a832e983ab240b
:58f25e552e4662e3c14ec535a7d9637715ad6b6cbccf1259bf250e33dbf6568f
:c26463b1f5661f7f5b05da664fea9ceec4c185e255beba4eddc96cc4632c1241
:c477f9834e23efb81f9f59508f0d371eabc3749163db9cdf1556e5ec1a3b8467
:80cc43f419c2007418873129919b36665d42caddbfe533e0f49e346a6ef02e1c
:0ff35bdc32b8ff618dae61a7625287efa33343c7ff492ee21f52a93fa34d34fa
:27f8768645c6f1b3ab46dd62cde8917035d6699b377bae8ee63af031b3f3518f
:242e5f0c0bdd926146228ce9ce2bea2c8b8103fc9cf978696a2f19dee32bfb19
:d4885555278f17281bb5585b1f94d1927cfef94e40804701289d55394e70dfd0
:9ad85173d5fe36d802b1f95bc1e5bf5130a2880c268c00de01e5b755c2d32e31
:fe45c78e3712b2659c08dc3d3d656df7fdcc671f4cbf938d1990e926e5018d5b
:d8d1270ae619a2c533c16dd57cf68823dcb1c87e62f6a06755a1e801e20d042c
:9b1a18498086d67955b1e7f5f8556ed518c46cb9426739b20253f56eac274e0f
:1ca296ca3a5cb70b0e65c6906646edf23cf5e8517f319524a0b1f3401c6bddd1
:6913eee1ef1f2ebd9cbce43753a065a6f7b9b7a3cbc0a678fb33f37d90130c2d
:849a9686fda5c86107a7314498f25b72f116a8cb46757c2eff6183152ba7ea75
:f23ac5b00edf082f61d4e865bdf076301bbea8ebb39e500c65bb9bf675c3dd51
:b229121d05e367ddabc2040b5c40cc10b96ad957820f2ec0dbfb7034edc48ff9
:03277a7f73a7d65a8f314a1e362254391bb001a6b8a220a4d197300797ac7312
:0c49b148e758371849ad3c54b3e226a4e31014d16d1cfeffaf29901d779ae498
:1baac6ea2c187fa30c7857093d217103c160ec64232da797aedef6ea928b68c2
:b79655ec7becded10b99b840f44bd7cef953aa3fe988cb457eca7eb23f652da3
:36b14118d8f16f14d200472673f839c4ce781e80c43689b7353b88f9ec475feb
:2e77fcbdeeb787a7210a8555837dbc52e2ae767d1ba1c31970b1809e8dc9462d
:f7a248234491867678604fc90b8e4a9a33ee363bd4bad1603430d3a4ec9078cd
:106c43fe693b81a9e1c7e722e522752dc4c62b1e9f53b7904788fae5b5d7aa9d
:609c8bf1a8f5cdadd47579de10476d1a4ea71aa5860716a1bdc3c8bef9f2918d
:296c5836ce001398c6bfbd798195aa2a4f4ebe0bbea026803332a4a539c77433
:b94e0ec900ccb08a23d1140bd13ffafd92b8a7e83b7dbb24fafcad9736223669
:c85b7ba33ee64bac7fe9909b819352d717ed7642235249a91748ef60f195f9ce
:7bea6fe8e765fead1267552f1d615a4229fa7d7aacbaf2c71683f95ac982a172
:e8ab2045f72f76a4ff525932c0c539c5e8a17fab1c14a81ac1195ec7fda94f0a
:fe690545117037c068ae126b07a35c9ea8c4db12946c43ba396fd993bffbe9d8
:a41a75e27b8b9558238edfb823b34af73ce8dbcf7e908d125d7a687bd0ae5247
:c7569a160216d6bd9d7917f8037c7ff32a0c209001645570e3673836b8049096
:630c849d6b34cd36cb19ed594c05231225e9eec7a8ead37fec9e8e97848902a4
:e8b1d14939bdd455853e320db0c2d57bc3e3fe3d300ae88f59d9914faa7a3fb4
:606537eb42f9b794ca6de334802529c5785accaa4ad579e569c00c962d4eb4da
:fbc2135ed24d871d7688dcf64a19a4dcf1fd93a5aa8e109fc473029c6bf0cfbb
:de73ea0d41d0ee00566c6412d6e9b123a7ff1250d1594d0d6436f0c1cc663b95
:b55fcb9a5e427cacc0923f50d751b1e84a02e9d81ef0a94ef123196e5dcde0c3
:a70e1e9010277e77f0ec86941c1c06c4fc72c0ba3d713da9201cbf713ff4ed55
:d5033a02d9d6859f226372c57a93d3f78bcbba306c16bad11ec361377d28ceed
:ee126214c9004f6caf555491f36a7dd66ca6556fe8ba859dd3a267059db4d9e5
:b7aad3d8d49b44dbff6a8284287579bef2b154470b8053583c828009af20a3d9
:d386b29fc674b46a7474bf6eefe4cd49bd3d20349341525f8494e1ed7171a5e0
:c01fcea97d45094fc3aefa96c83b1ceb3496acbd7362fe312ee680fa03fd4835
:163a0d631badf0cabb456377043d2c46ad60fc5fde1fb2dc15b1e42199a800de
:03d51e2988847c86dda3ba738cc80a282ca857ae6ec803a25eafe4fee54df999
:b9085769c9450871e76adf0ddbe180a39145e9f2d93620885b04364b054e2d5c
:6e26a005f8ec8ffa2fba6d24aa2077a03eeda6bd7a9059bff0237c0cf7fcea92
:f9275c04409a7974bf3da6ccb80c3a92da6bbfbcbd55a921dd382f4e25cb81f4
:5411a732cd4ea04021beeb6958c2c6e0df81713bc779bca4ff85640993a3b1c3
:88b03d36637a0e24c2694b2f83357cc93047c696a1983bc81515bb4a71b30418
:affc653ad6eea601842de1277565bf83ef5a153bde26af82f224fcd7b5ce64cd
:c83c9ab21d399b660d4c05f149a039f068a4eb055defe7dc32f87300bf48ba24
:f5e7a3731feec149c7cc05a16dd8b5dc7826e1916f7f91686492232ff7027303
:ddc249592dae2aed5c42aef7cb8734597b2c1be92c9f94ce561ae68f2b21c71e
:f03cb0c81052f31339b7f186d02368a20881fd82979acb8c4bede4256ec8a778
:33d513bb35f9a1e25b03ed3d43a576744072da7228573917f006a45b4615ac4e
:35541c500659db64a67e6a85945a9f00eb8b21d1f13bd18fc6aacabeb8843666
:dc0e33d152e6d8472e19a44c59a1d98a0abf9d6c5e8594a735b252eaa67bfc74
:9f3c133e0efc0976d2f7e0284b064381c7acc682e5f4529b500ee08722acb27c
:95c8dba4411725b3e8046abe6e39e0dc61e7e3ec48b8ecb4bf43f904049c47fe
:8835736adfdf4c8c6bb53c37591a699091772beddc21d9048c4b74d3922322c3
:040e9e4fe9c3a4bdee7344d7b492212bc15878a728420dede8be8598a5476b33
:d2514b4e562b5482882f03f7245239f79e9e5a27d9bf4d718c8826c8a5a68388
:f6173a2e590b237e13dc08bbe7c5f7b26250bc23e8c49222303fdf0982fb868e
:f03cd3db93be9b3c3d2d9460ba5527cf126791364a6d2226368d11a3f0a654b4
:ac0aa50a44f9a8dfa75808fcbbb67a4f2205cd5adb569bcbc5cc44cd3acc5267
:d3e0a9e529258a469103440eaf593d3abf050d2bb19728dded844a76c2ed128e
:e483566b429858ee24b6479cc95e1ab63f9b399c59d67b407f13b919fc86ac79
:6043e98b1db5903fe6ca5e0ba034c3c55f9d922eed7765be999ed0866d7f2fb1
:f298bf40daa199688dd55bac487a4f96810fde9de3d2fbb491ac2f8961ed76bf
:f8ba1058baf830a92fcc1df08286d5c04f219ee592edecf735bee9d9ae1e05b2
:aea68d8d356525d67be649fa5127216ee70f23095ce09972c34df2a213838c4b
:97c26c463d669170cae52d65e0f8abccc27f81966aea2b9afab711704a242b60
:47dfa09ea651fa2ed3445e6d4a8d66c1f57412dc7dcb4623e155076dd193fd7b
:e80af2db0561811c820a83ba63ab63161d7903ac8581572fc82888229c6241b7
:52bb711b450668489cc1d26debc08eb9eb44bb852462076afef070408421c319
:2ccf56198d7e781f012506a7eba8c2d96741b8f2fd7ba1e69f517d8eda2d170d
:c8f95d933d2264c35c3ff057eb6158d57541f33427c2ad8f09db191f1c2461c3
:a91a4bd31a3f1b32dcc43e9a4ba0e4531ca93351039b6f9ad94b31953ef30388
:a23d5546803706245377eaab4436f0ab4341f50aac11331c9e05702e5b25ab32
:4b15b98851ee52b2cad86adb9a75850364056b66e4a4b6f42099adf95149f8b4
:b465e39b63111a0d93ac25a5ca24b0622d1d64f33aa956ffb34fe65e1814c03b
:a57c427228a85a7cc8d521e871ff107a2b543ca80fe81c7e6c41359973b8aaca
:0a86e50fafcfb995a4903749cb7f1e4b04edf85efc4631f021f66244a12b412c
:7009abda66f82f8baf432cba8d3bab6d9f717cd42925aa3d1f29111d50f0151e
:e672f5c7e2672f4aed180cb1379f704652811eb075527c57c2fae9619a95bad8
:b14e65a9d76dce23c63b7d887467c1a89400bf0ddab5ec015f4d695b4992c37c
:083204e504950ef0eed6196c9d3b0a61bd1bcb69c843d5f83b0410d6cf52c0e4
:fea2bd2dad3381625df0be8c041cde08bacfb2e8532a4b0a009ccf9d982410cb
:d972e39deec1ac20da09f3814de90aabda914b9326a01306f62f052c72d7290c
:8122573c2eac035511fbd1fced5e76443e55325bdebd387c223c981abf83d9bb
:396528019ce80cb79d2aa1738ff52aa6c9036469c0a8495000065a84c32e85f2
:365765678a534f5c4ccf2f717ce21156ee4c1d346c28e15c2aa964ad7e31f21c
:4a81c75c12880c8629553b5f2eadcd4ce107082aeb5cec4c63a521074950a3c6
:2baaa3d4f3112a08ad60832a47330793d23cf53f0dde156269fba99ca3c453a0
:bee509b14e33dce8589db3087e350c57737f016384f8c4bb677a79ae81140e4d
:e2254588a00af132b9e6f1402238a3ac0628686789b280ff0ed5b398c8a8c25f
:d06eaf0112947bc196f2f253fa79f855ac2ced8735d979313a2752e1ac6e1222
:3ed1d1867996bc1005b729b5de81167a5b402a78f845bb8a1f7e38b9ec4e20e8
:b7c065f41ef309a22b80ef2d5c6ff0f8d2905785a97a6276929cfb978a07528d
:c1d9d10d60ca57897da9cd2023a4e93ed2a873a249157483e79ac288d37b6c2a
:6e20644a3ceb67243e78e5c306983ffee5ba7fc47100408120d1ac08a9f19609
:a4b88db17427b22ae06aad631d624f86f0f4f54228f6cb251252ed0d70569f6b
:aaa686335ca0d267844584cb31c82c40f06748f1402d6fca2350e36e1a9c2bcd
:6e86ed576edf8b17090894f1235d823ccdc9a22b28652ec920136e6d9a4ac003
:e5dc2e8bc11cc6915655c562771148a5bb37bee5ca96f4541d44d1a4a7ecf661
:4e29573970fbac6a946d8056189f6d40aefa9c6964dfdc3c7ba99f593048958e
:9432d92a22f04c16eb9417d17c186544e156428550348bc175eed6c526905253
:7825c74ec5e21ee2811484fff95687bf1cd43e15c18c2c0600a8f9679f0e64b3
:920ca660932ee7a9551fa5587f5ce5f7f20c619a29f45bb8c89daf2e5f4009be
:5365983a45951f9b849f10d5dd9e6ca36c1f18d355a9b994a43d87d65957eddc
:818812f8883e6b0d552c0fda515cb86967008faee8d907afc4b67e5633d8b6d5
:cc5f4843b17e4532b9b3c2f31591f9f7642137b7f7f73402c6eabea98f982ca7
:0a2fd94f5fb666ec1ba4d6abb87b027c502bd5a7129dc5558388ee77bc5ee2a5
:ae16547600337eecd02e854bb27a9e80f9913d47ede719d85d0b6b85e528bacd
:611b834a1efeac58c721fa44e16c26e44040358a1ce24c9c6aeae4cfb9f5439b
:6c572663920b277325a771be8ef397c71cc7770241658b4ddd233706b48b9533
:d3e24f93b4044b5a6a84c51c9b5f38b297b2df09ba230de426801e7b29b5d112
:2846a31ad69f0f3fbb3e2f11aa93332dde36862502ab5634a94b04829634657b
:98a13410078cae89eb9676d58cff8b3e46e26c4c3cb7daf4c735474cf7de78d6
:db4ceb19445164ca9462833dcd4ab7a3ef0ffdc5945c284f2b17ccc1881b2dad
:82c2fcfbf88120db003a5faf373b85d56522d0a3a5d49a97d97a1727dd30acf8
:992126f8a4c9ffd75173ba4ae5f4416199567f953cac3aaa3800c33f226b2779
:965e4996b02ba857bccaefa6287973f0020b77ab701b5134817686cdce3abd9d
:61df84a6701c563fa2d6286aea3f49386a348bd8876ae9deefc0d84119d91c61
:a9a98ae6b6642ad882c4dc93da84d1647b6a382e207b90ae0b50bb575edc4fb9
:e7a6018b09a1e984d99fde9072afcc1b51364ed9e70dd9a4f1de6dcda1756056
:a3a52bc588d73bc9652267fafaa3b3c21134d8f2004d8654eb4ab0dc36125310
:ca23065f0b8d3b3157af8655b51474c9f5417a092b4803b621a1d7d22edf218d
:f0b00f917569f5a819c8619f8e6c96d7c76a379c15fbb05e717e742148543a7a
:0eb5e07eebb62bdb46effc825bc2a5f91e3f9f896443adf0ee4d5d75949642c0
:9e04f3d556aa84a425015fbdc3c6dda5b62db7cd4140a68065840c20a6751037
:aa897a0e33968b0cf68b13296ba714ab42c43333754b22a32c62e8059c072a84
:44e5dec1532ee44182d707ff2c7eb8a57029a63a5a4c47738601623c752f216a
:4d93d6f7a78b9ba11ba9815b1ebef796978fea07d217cbe2b5121353f65077d9
:9fc11830d3c5156ae21e2e566e92e96b09d9179ed8182117baeda567763ac8a7
:c264c1d46ca968a9a2c1666d73cb16bbcf936fca5ff446cc8146f5d80d67840c
:593a45499c2b07f1d5edf6662b02bdd90beecc4e91926afacf7ffc649359f4a4
:3417c5c9ddab6574843fc55fd3fdcea7452e25c5ad21888b6e3c8d17900090a0
:8c5774e5115c3fddde39e8149a70804897bebebca1a1c0859c2779f5d7aa3b82
:b1098a2e271754d7a8b3dac8267ec5f60382fcd2f0651ed836efb79fc7d4df34
:e7352008090069a3a682d48154be529668d40d7354cb5f0d0581f592fe7f2fc6
:4e572ff0092abc2da062a1b196fd9b36506e2beb2cc346e2969d07d109ada3cb
:336e09c332d216fd7f3c5576cd7b547f5bceea3fe6a46b91836951627ed32fec
:dd642195769a3bd939eaee8e7c8a5b5d449dc88ad68fe3a86d8427db97e58a3f
:36f102b9e9d4685698eaf410b2fe0abe45582ab3104183c98eb9a07ec23be658
:566e116f5ce53909bd54785c112884a0b674159b0913922e437378c7a76b8557
:5ac00c43a7bf40b7304446c264d1060cc7cc9ff2302a0aa73a7e71b410f280f4
:65f556aaae7a1f118752f64ea6a539d50c32ea5479ef6ece41fcff80446eda2f
:81f86b1cdff21c77a3cdc09df530e30b40e2fe4e3f0895a23754194993239944
:1eadfe7998432637a934009ffc596705108aed39c5c7c2298e73e5fca08e0377
:cb77d291a1f5793a60abad3efaa3c6c72d39f87a30ac80438db52bfbb4da4744
:e138a7770fbb026e39636fb3bd9b1a10df41bc2b0036efbbf030fa8b662c30ed
:af26e68e4980a6d7639783904ba3110b789101b468661966a3c7d91197b8c7a4
:9d05636b9a64e9c3ee051c85803c35e9616c4451662d05073b39c8f2d531f57d
:0f249d3057e33a9f80e0941aecb92d28e0d51ac724586726a70b0e4f00259839
:846cc1707484e9588dfef0ee67064ee7638e05e49887f5947a814c320f539792
:8113f11cce52d46e1f1f87debb874486ce11f062c2224b2f6910723c78498fd0
:a93365832517b223f899ee36be7bf6e2c416698ce80f8c77989daf090f9f9d18
:33a71adc323437ab1e15c05f9e0759c810df18e7a2b7227960beff92704f1f4c
:556f4eee096e8e07d2b6e6070320c49ff5cc59049012daa9b0690146b1019547
:d6036c0dc31e148de9772a42c64b51872d24c6e7595569385549defd9bd3136f
:e20e8cd50edfb3f1cf7f430e2d8a5686f58f2acae758a4074f60c0716d005e04
:6919aaed2feb936091fbdfa67622aa4b3a695dd05a4107bc4378196d97a410e1
:26fd8cd8cc45ea689548b6f9fa8373ddaaa8568d1751a3d41858e18ae2b7c255
:284dd469d4ef481638b28aac933858f1bbd2f81b530f8e4b253265441144c7ff
:26154a9dd16192ffc1c6d4eb2ebce7f7f6468e798bd39b9d14c9e3d8dde3f985
:81f4513b105bfed7050b318f2a550ea25afc9dabb9176714222f271cfd2b0ad2
:bcf7420e61b7a21078d82bbf39b8acd6e5ac858398e3929ac348a523217223cd
:f7c96b724a48af190e607501b68b5c0b56944fa68dfc7f807cec6ed460be5056
:01f3dbb252b8fb68aaffa3f976fcf6c61fdae448a17a2f5f1e14ded5ddc83902
:1c32069d9ed4e6b72dd629eae505eaefa688de5d3b828a385a97bc7cb13997f1
:cb07f761c0b9335535f6dc25e053351d94b9e5ed2f703e93f6c2dd7d7617d01e
:1b078378db33bbb3a36d8a2343e5120c1387cc55e93c4fcb772b93b0bec465ac
:2a5bd8aa27c5326813e5704b8ee5f946be255d5b767d52bf158986eaa953aaba
:7a38582c034af7ef0d2e78c84d5c34882928662de798b1e52b305ae24a83bfce
:ec3c8c038d1e8a0d3c329093638c131ed564ebd19377b08aa26df91fa191e001
:90c58643debbe901d391b50dfa796ded18aa06bc0c68ce240d613bb2f81a46a0
:aa10b35bc803652d5432fe79c748c06b2248b5add9fe1e1e6907002b6f72baa8
:bf06ff5a2fe4882806b8e1990bf2b2023c97a68f2a2fe56878ad9153bfe308d3
:df3ce0fc1f8a902b22ccf89814b4c8c5cd3f43d6e93884bde4c389a61696951f
:dd2370a3ef7c261df5efa4dc78c5c467c809f9c5b7fb0040b64d81b09120746d
:17397149f9eed085e5c7a5594b29c568b9703c40004922709ca7e982e3f114e0
:f3d91f0b83cb45fafd27b6d145a5b4fa7fec79c5da5f6bfb30d5f3063b8b7314
:a2e85a80854b3d075f15810615470ceefc6d983b084a483982ecbdd015e9cc85
:fbcb822d64fe3bb25f9d6e1080366a691a21851a51e788f644a04268f2083c33
:c1090feaf651de00a3c5c79140b83b7cd221c7001fc6359560c20d98120de73f
:7f120684a6a804aebb775ea48184a36454a189d3da65e1f6e593f5446eb94f93
:d5ecc7f912dc92f3240518368c710071bd1a23a6e506f1479093ddb080bcc238
:ac943205edda5623b5aa70b79729e4683a52fc524a460a4dad7fa2f784bc1079
:cda004bf11064d5ae45e8d761365ba661eeab5a876b54316fa3d198997c1d07e
:024ae91c7a0e361d7e73eb575da38b2e4fbd4f716b462c369a13fac39d908da6
:cc4573f7d251315868f91f911c255a4c29e9ba08f6bfbe7953ac036683957d58
:df256cb81d7f6d483e4307d0d900cee1b0cdbfc72b35c269481ac06be3629e6d
:48f5d8be90519ee083db5b2ac40d779149f9eefc4c8664c14a9752347e6ac934
:675f6bc697b98704de35d6d50bc3b97d8e05691a654532988c64e22e609afee4
:3aac8d196cd99ee6ea2950210d09444ca3f3227a72ec69972d0b55b6a25204d1
:4ab36cad54fbd58f99c4e12b5fc195203329968febaf5b588755fbee9e266b15
:fb5a47434c35df7fc5dedf591c4f5fdc51b0c81d69a25cf1887c8486514d52a3
:b67fa3b026630c6604a88c23711799df0118e30215363c1799e5e08030f62f59
:d09ce9ebb4aca17e7db484126dea7de531514c49506bcb73cccee36347ec21e7
:9a163fdb661b41ed4f4cbb78adcffabe9c8ca2278bc433d742fab9a0be076399
:d92c8548532870a00cfcface8e671d28c5353379996e7f3486aadc00219269c9
:3485eefdbb155a5ea43dfd9a2a0ebc5f5cead9ef7bdbf19b4a8803c0fd735ee5
:a5a163c4320527527173a9d020f1c60d4844867172858e6af39f7e92820f8482
:39fb42896f9b6feac379d611add62f2e6f068a3891c50203d01f1c36a81ab55c
:923100ce3923e8f83a9a522128ff8c42ca47bbe5d9a227a788ae8144f94cda9e
:7669298219bff0ac31b14a151a1f37849610fcc4da0df542f5ea92f0d79a0143
:c3d842bb584b482ca44df5122bd95cf973d9a374bb39201d26cec36ee20ce9ce
:75c5ee289e3c0665ae676a15b49f15521dd8c0c518b35cc558ddd5bbbe6219db
:5737f57362931a2130e559a228e7bec614d253dcf14b2f675c5ffd72f0d1b132
:c856a179eea908006e4388f53c8b106f382a4df323b4dc84916e125e5bc358dc
:bab5a43caff700492bb401a228a6f6052efaf81dd711ae6de5d95bc4af73575b
:c488a56bcf03adbfe2e29de0bddf453860e8a189711ba88d17afb4dc038f8add
:5310b57efa0e9bbc7243fe30b28bc5dad025b949f5f76e0cbce219c2b5f16a1b
:71c246b508bee6f3452d45b3cb6cb33753d372cf89bbdbb742688dc4183c4c1e
:c57667fd2dec0aac45c780cdf49c5c39382b711a58a5acaaafdd965effe8b8c4
:6281917d56d6efcd2c345b6a62c51df108aa2e3e2d92182e010a8a7e098be3fd
:c8e4fb2cb29a1f4d4cac798cb5dea6a6cb4e9a3ec8ae3dbb41fe792b5a7cd863
:81d176e41eeb9782e537a3ce94b469088140c668a25aba4d398c19f74eed66f2
:46b663ca20ed6972f1c273cf4e1aec4c8f6fc3a677f1c1e232a8264c6ee3af31
:b3b0dfc3f5981e84e0f78de851e3c243f79d2e8ef7988082e13dd853f7cb89b4
:b52cb2819d6d147d20bab4fca7c2c2cff7a059e2bacb85736b83f0eb36ee2d80
:767ee0ede6dfed54e3c02ab1099a76c06b01ff05cf9b11f47b5c4ca72bba2740
:cf5fadc0c9d87eaeaf3b985d89f06663080243b00e9388894c35ea6beee272d2
:7c0b33275c0a19005e22992775414b514fa9435ba2001f1b18bbb538ef33c032
:dab76b7bd328b0f35a966f9856d48bc70a33afc562930a51587a58d66662c9ac
:3a7ce7aa84cd37102b0145d7c895ed5ff4719f01ca93b2ca2500b3c329fa2d74
:3b3c2ef5a6b3be51a1da315f050a7f1e8742f739b75612811f5d9502b340653c
:c76530130414cbc698fa9944fab3fb06b8491e167c75f39699b87917aaca536e
:82289908cb7f4932a99fbbf4663e063fe06733af9d3a69403ec2e2bb6c5dfb3f
:ce709b562e4453d18c7eeec1ed50a206ceb982979188fd3c214a9bdfadd685bc
:4c6a165a28c4c69f4caa3ecb3fc32a254a7adba6bf25a08d7c51ae5d7217a5d0
:95426e0c99e8e0b1f3190345b5a29983db4d8000b43dee92eaccd31eb7866aca
:cae227933d70e6c16fbd7f9ecd5c2e5a0c8b759c83bea1c437ae4f5368b3b092
:cf39725e61406bfecc03466fa3e67a7b760ea8006956f9ad725b0380ad35cc84
:8cbd2bbb6e080cd7e5384a21bdaf4ebb5642bb2c78350839661bab168d47167d
:f62d20cec7992915a91828aa6b69134376475d4afc08592ed7c64e0540581f55
:2bc564d039630e3c7ff76b230933f83ac09b4f170bba7eff1069fe07a24a20af
:247c9791d79d99c6b55064a15638fe257c30af419dbcf8cd5c7f9be4f9701098
:f2c68bb0b876ea35fd5464fa272d02f61c86784730f297b328e2633e3705303b
:85cca20b3a8b3171711e9c7379ea121a65abf21e62f5e4ed9fdd08d1d1709170
:c6cad30663bf01e25580f63c83f51ea034eaa633a868a3b6184b3386e39b9506
:cea8264876530fd12557b83fba9962a8778c3aeb36e42df9c6e008831328372d
:35ecf2ad1f8c9403930ad00d1e63e743963872c2ddba9bd6bf09456afd58a06c
:58f6f8c52113c50c8f7cae07c9db263d456a4577cb0a84f5c3b5e8fa46bc153a
:a5faa0ec3d47bb03cd962e7a45ed3a5dc9e2e7602b1c575212eb19a45872363a
:08c19b332ebff147f0dc3d6d8735130f148d139092b6eac54f1d35164e59fd42
:7297aa048710c24d45903ad006803463beee425f48f71ea4b9e57503928f8569
:4bba4b1869f3682283ace37a3e5bd50f7725f646dbd4020985a5efffe7e89a35
:d1725a498aadb56d50a6f881d7c443edbde3c26240456a7c93b4620a0d517e7d
:bc5da904dd68f74aa9eaf602f09f818118e45069e87709250d8e93cb68fa2c98
:39a736c63d92ea1020d46006384025b5a184f959596f52018a68189c2fad2397
:c6c6cf05e1abbef162515f04e0a52913c8ac07297728aa7d6b7491b7c10283c1
:e4afcb475c26b915ccdc1f072ac659bc3b360176e9767fe2b86f25779c06cb8f
:02bfaf2a6d2144138f1c78ede5f1b855eff73a18394f7f977f9b987748c235de
:df1a3375e88c12c93c8667c2f88b56e4c85b342dc40b69b08030135c323ae2d7
:bd6e9d39ca0eea3e1616124f76d231609e13a0cb13c2ee71b74cf14fa345a673
:f00c4d985386444814995d00e204932970c7811fa644dc5a9cf9573171864443
:b558e933a718bada55a590b75d7408f75a462c76b90d8ad83cbb2171081dc00d
:db924c1ed5b99c1ebf18e224d26bdeccf55e9b09f9d232de15a04fe455471472
:b463b86a0122cde8ac31b5eae5c74227a2ebedc9a550ff1f27058e1e7def7572
:a396c38b7d874c49a1095d94f9365a08391a702758bd20312b60f37ea47fbdc0
:d15499f9576427cd8022aae0741890f26132d021b368230e0f158ecbedef15a3
:5b13cc24f285cae7f0b07c8fd17df505d20f6ace958fd4722880e116cc4bb0e8
:ac6838dd029d5739a1d9d3a33e7f3dce28ffdf85357572eeb8c944b2cd66ff93
:aaee076ce543a346f6db77ed2af6b07a0970c73190319d947adeb720f54f0d9f
:0aa1049fbbbc4cca66816bef0ddee000b4695c9d5e7579eeec3b487f7abe5e15
:83c0421bb7f9c3f2013d152433813698258d8854ffff0e7f8bdf3ba58e864a98
:c39dc906ca4ab8d4ec9670393c781d372ceb1fcf5124730739389faeedb064b4
:26b5555e58a380c6ad483fa77acad862c1415f0f1142419d64b2dfb6649c733c
:36cf441d1b57b6c6473448386102aa3759801dadac41199f56e959f621d4b50a
:dbdbca9d7119ed980c54bf5c82893c9221da86db462e3a46c2bcc51e218100ac
:0cd69c6d791e9b63d2f971e933ee18842955388783fdee8ed987ce5376e39a64
:25a2929147fccac8a0ea61252a39eeae6a1daffa80b9540ce5b5fca1420f6deb
:2f9d4df8db1a8627b57fb9baaecef32dbda94dbf26fa51fdb77563484c0d1804
:975c7788da7182f9f6c2c52be6da6d1efc2e4292f602802ab4bf58fcc29f9bc7
:66d00a78ff8cb7f55488c5401fdee217aa04223af5427a972f990e46d35b8b69
:5f3a51316f5bb433ae6efb93fe1f2b0cba24ab720b9dc1adf88bac93601a3c27
:ed38f9ac9ebd3036aad097a7a63194d27618120cf40a2e979fb9b9339fd47240
:22977ddb9d8f67533e1a61de310faa15bcfd68884c6e10c2c2eef95bbf07a1c2
:00cc4cac80d25629072578b3509c090cdfb43966af50bc48d9f77bfc96c0167d
:78d9c990bdb8068275942672f76a7a5f4b96a519773a50e903e591e8ad89cb7a
:7238d30a34d753cbfab65d03344c82fce575a865233dce4166221ab1e036677c
:23cfa20ccca8893f2b764dce134c140e49d63b999d01cf2c7d76c19613b71036
:595d8a9b0da3da1d89ea9a8438b8de9f23d15a53aeabdef451ada7d8b6f5fae9
:e3fe79a9a9003e76931c81ed2ca72f542b11e16a948a8bffa790567f7747f641
:7d21696ab558c427745545fc88816e242805a20ffdf8084c987bc096df2c9a35
:80b4f25fcf07aa7eb9fc2f4d6c35d7a28cdcaf45f2d5623b20a8541c0e644585
:67d749477567f895c4950552cf7572b63f4ebf3a34fe18901454273bb5be076c
:28bda7358addeb7010f2f117560ba383501595973d02dc1ebfd6a1ebab46d67d
:d2cb7351d5e1e49cfa854beae833e002458b2422c43dcecb4a5d28eb7edaf183
:c76af833eaf21c3adc1d492381fff600f9bce9d19fae6154cc15d3eadae0e723
:8011be573ade8f78e90a0d7091d34ec136f1b0282a38787ee8e916e63d90b54f
:d55e9762f674a7253205f9afcb4b346b3b3f5916aacefaad089ada77561dd6d7
:da7822558d51139b2f6b9faede4eaa447589cf00bb692f06d1caf3dce3b764d5
:4319ae7497340e0fa30a9a914c1f830fe112671ca4edbdb556ff13318637ff09
:fc16cdebaa4afe5b8ea58b78f7ccef5e6d3d23993ebbd6d39168ca2e31398994
:a61e941ccd30ad70eb12dbc45cea88e466d089c73ac4a02d136a60a606b45481
:670f17d4d17a1ff0206501b1261ece9ddad0f23287b1db3ece0e0dbb90ba62b7
:094e95c6f7c8687d4b6b6de1dbb536845edf3b32e7c99d4d169a4d921b20661c
:a9041af4ef75ae7732d38754896e18ab23617016978f53f5a4028f10a8e44e48
:0702619b3457e63261fa2ed6dde417fdc774df9bc8ce380c025314963c62f05d
:02c3ed4677f31836bcc63ca0b18ed3110bae4817d27561596e57622b064505c2
:415c14b81dca594ffe83606e96d5572911e46aae61bef71dd3494ab35735ff50
:f19f15491b3d410febe985cf1fca77597ef692de09cbc0447864d15e8642c246
:cd3f818e61e7a154a7694f699c441d04ac2711cf1f17806f4807be20917938b7
:83d4887354377463363f202947ada480ddd83b2e72a3293e64b345964d81a662
:7c154a019b14c1e75bde5d975c362c8302b4832bc4f763da5ad6efc7704144f6
:7301f223445b856feeaac8faa9df4b5d78e372e771eb9c4d2c6ce793c5255f90
:46f10c0a904c974ebaeace05148b05ef545c4ed8ffef651b9b36b3962ff6028c
:ec829ca5dd5e322d8d30a4291b8437583f0fb004fb8159de430652f573af9d3d
:d0ca8d617cec488520f4618da0b37642a13be7cb6dd846a468a0f935ddc6e7ad
:c0f0f084068e7ab155b4331ddf7132bdca01c983787d6b6f23d37c670e5c799a
:3258f250e98fca5d3963a121931da061e8c495114d451566db002b76729b4652
:5552e3fbd4b06f72e162f4053386b19d23c2bc89de45ab4eee431ae6c94c72b1
:b5f5bc9c96cac5cee67718452737f556236b644bc4c33205c31bddbd92e09876
:4964a729dd0ee0c4f9a1bc75906207f6631686e3cf94e44d73fa93ac37511a1d
:7f33747a7d2dfc7e5a8a9297eeb73d0fd18877b3d0f84685144669ee14a6635a
:df20aaee19275e55094893a0e22196800345cb184ecd4e861009e7eaf04b70fb
:ec631613366f6451950ab825fd2bb569ab6c62c33396d77e35eae898b180b189
:e2081ad62ab0e6abdc3886c15d12b3ed7828de13a93a529a84b641a72fc3dd3b
:5736bfbe6d15259f6a8a5742d04cc38a01066212d8356eeaa8b84a37332fb914
:11b775b7fbf40586732e5eeb34245cf8c6514089c02f7cec5e7f337206334ca8
:6bd694a1093c7d20e84cfb65b96c35ebd42f011a84b815c30f091475572e74d4
:8e966b6beefa4ce01a41f32cc845528c05626ce367b483a5540c02b5c018e4b0
:25fe398d7335a27c29b9538779d3d3ea6f4d1088a7fb6703860cfcaab71c68ca
:d88e84ede4b8125fcfffb3229631e05a504bd3fc005ba0f73343ccb8a59ca395
:6cf63477347234d088b222957f5e4ffc17acec8cc6ff0f15a9a0d3d173d61a5a
:dd3f92b2a9c37d643ed451c13fbde90dd40a49ee3ef44a2f53a07d6e0889a081
:a5b2d058ee787f5a4b073cc8c9e30ecfc2ac90efa42f25996eb1b61af9114831
:7624da5f2eef2c1c2253cff7b2ed48d68f7a7948298966a21b4f982c303697c8
:2fb09292194d0a6349b187b738a50a17ea8ba3b6605ef5cd47d8ff0b22ca8317
:fa7926ce62221a49b97c6e22f04223ef0a1aa5f1f99007aba660b97d7a69d4da
:f9047a95448ce5aa3c76134177701017895aff7ef3719e88d6a423fafe09da7c
:d0c64316f050c5c5404df8c4f4d956c7d997c617788a7877f8fd2c54411a38d3
:a1e1b81da1f469a6d5021ff9071cf9c376c7cbacd2d39daf407700fc3f724149
:289afdda8c30b3754fac73948d728143a792815aebc728701ef4760a7480599b
:82f3cb07bc77237863a381c3a0d755bc6a8cab83f9bacaf619ea9dbe151ea626
:2f347e6afd342e04beb94e384bce7930736d9a327863906ed340a04d47f5299b
:e100b5b5c64e9901ade7250f4da426c0a428cae0de36b3252fc506fa3986fb15
:b18289d61a2e4aa08022c8729e8889fbfba531fd241d6c6d59e8abd80e0af24d
:c8731e73a7257a6053374c3563cc1cf8a22ffe32ea07c623e7bd130360c1a1d3
:cc50ea352b5d23c8074238d607ad91ee9d1e09d56f4bc914e19bed85512abdd3
:4043a6303952837bf6844afb33ed73da5e4dc5460f625f81fb28c1910913e31c
:ccd3b2c8ff464d636b052431548905e98753206648b802ab46498b617b391bae
:ca54f89c717cfe8a83e08cc658649590e9533c1aedb2df9a23a883d5e7015b1a
:566de5b155e30fd9357a7301cff2c1ebc0664632681d8a4e1df326c2d516ca42
:a53ac72c84a3fdb2a16728f5d644726e61f550b4a4a05e3e25574328c03324b0
:25a8f39a09e8b7327370269bb5b17a84ee690f1f3a8bb28512cae2875e3e0b6f
:f752b97c44c58976a3705671dcd7a043032c5775f3a1086256e39b3ac2fa3d60
:326c607ccff1b9ac503c3670077299b89921a521c46c8e4160e08b4af19616d2
:336135e335adf738c2ad2ee8a9903c34b5d1bfccd7bf146bdc6aa35059b8d1cc
:020684b4258010b4d53c5b47a26162024bb7859de6e55dc9cf42a7143d8af5a2
:0a9e3ce5ab5c26df28d165f6c363588c916b38de86919f0333a8571ec4b5e8ce
:f90e7d162ad39bfe2c0c94f05bc0e73140901d1714734a655385a3e27182f1c4
:bc315365c610f96807be8bcdce13edb37cfc876132c52acce77247c53eea07ed
:e4da7d98b2e7c863d563bb5a5bdd7e9851121e6b687a4011db086b4931206f76
:74d51eb9326e791f20879b41b476bdcd372262216087ffa70f47b8cc2be90ce7
:6008c72ea6d822403ac1835669cc701b93e3463509ade6a9d1316ea4c1b6f3a3
:9952486fe722051f152c893d28d6606d92c337022dd8c71e1e7c5319cb8dfac2
:6496a31a404dbe5b980a5cf7c8f52262764494313651d6fef0f0cb80094c0f29
:24af797a7e313574b9d01bd7afa8fba15a1bbb5b6445eb23852899cdbac3fa30
:14d4c1c6e4006f1b72f00f99af62d389dded1eb37379645f8f8102eb3c2fe617
:1df2ece83b4a667b04a3adf3a94fce80bdb915e90d09e38bc7732c04fa633396
:68ba977ec67bcaddc40643f46a553641d598836fb68f1f58e17829db2b93f7d0
:5891c0404b14e29d60b9ca896f7ae65cfc0476dc68ec9a1b7243347417ad3ba6
:18d410331b8146758e81b3bcd855b16f3ae945df5b40a1d65bb2c366fea6eda0
:ff0a7ba7bbde6cb2ba641e43cb08a4bfa87dcb981b7cbf98da18607c6b097073
:c28d6cca703d8a23a0c2509ac5873e51cc187ab5fc07e2815b23e89f622dfa35
:872b412584d06d83c7bf603c8a67de7a42aded5f6ea2f73a74aece7b431c58fb
:27713655896aec19b00ab3d03d62bde45e9fad690d42212129a4ca871f7179fd
:58469b2a239d2d171e38caa10bee279acc014861de1d70ed343297495ba98ff9
:d0af762c569f389fe4086cbc7c4502bdf92b202db147082e8851c08c96e34c90
:fdfcbff4f21590db3b953bb88e7cb30f5a4daa16c2bc1768fd1c59560e99ea25
:6455fff6c34d84cf4389c9810d01fee3345c8620cddc85fe517db7c80782ccd9
:827a9889677784ab55e0af8fe7638837824f97faab28e0f65a4d7370086a11c4
:fb1e6c44231bd9a0ff7e8af8a7cdac682302d84e8a1a3e560c335536707f567c
:87a8037065091b1be73c4db04123b4cb9482344957cb1a1c1edc49204694cf3d
:40ccc7ef8f534a0a84177d9ec804d755760a3dcd671891fc875084f91c34d99d
:1bdebb0b05c187126728eab076652988190118b000b3251043193e85eed47582
:43e4d3b6a20da00f128ee581ddc42a17f308b113eda0bcdecf110e33a88e5cc3
:fa18b6aa0731073b6793873d1c352c7c99b76edf7eaa23714122351dae6c5e74
:1e3b31b41c6d414efb3e7dc3d03c6ab4469c35fe108c2b35425c1fb64288a7d0
:811dd99f6390fa5296db7df71ff2b636670aa323c808f6a4224d41e2f4f68661
:14bd85f76c2f75b6260a214e5eb5359cd7033ef17ab3d1b738ad118ce0a388c5
:ed89f55c731388253ffb43cd17c55686ae75cb4b0e4d860792ab5453f3ea7dac
:2b94978015bef6479da68b2ffc9b8b3a430c364a33e90dfa9375c277e80f8db2
:d22d7baa71305943a87ddf0399cdc1442d810feab938aa8970583fed98ce8e9b
:ddaddcf21fd44ff0389584d5c8899226355f3455a57726d9fcc8baab62702dca
:d1c8bcff77258b73bc94966ec340c26fa3743de659de8d8b9a3828cdfed51198
:730e1d7f6d47561317f0e4ec4aa6c8db3810c3d1731429e61df91de50307590a
:e3bcb882e7f4120d21e54d8c62f289156b1080a5bed2f9ef33a600796edf4c88
:7aa8ea3fb438d056e0567fe10b892d5b72ac942202d4ff62d9335acecf94af26
:8d2d4ca10cb058018d7f05a0929629ce56cc7076265278a8fa43b2ee8060bbce
:19c7b946a5ac8b23937698135bb776ad7a2a04d5451db8a331d4d8d36fad6796
:5e47fb6f539bbc27b60140befd57deeea6980c80318e81a4165a3d8723582e53
:40ea576a8fbb70b2c3dad844fa9a357d366674ba5f7c8cba31d1022195994d71
:c1d1361336fc4c0d88b11df3722406322fa31a1d094c66278af0498ce7153ae7
:3c78d75de36a976aaa7fe9848de031c1fde4b366e6345b273de048a1c59a74b5
:2102d725d8677e49ed883cdf23f59579122fbef9a8b1f8476280b9d10cc773ac
:314def5a254e9b9a21d23d13a17a9c22aa70202aa60d94e3d50c86a00b1f376c
:26aa3e40861bb4b07ad984e28f546be4c08965d249d5e63a464e2d6105804db5
:2e85c9e5764d37ea3a3dfe1e12829c55c7e4dc2a8c3ed64becf3ceceaf3e44d4
:b9c339b3c303d6fcf9351b990fbc28ce91ed26b976f8665f7ecbbe10125df8d3
:d1f3bc47cfafd4f03a1db9b8b0af345bea7e3bcd8d91f4ee5e324beb591b09fe
:8919dc8587eb8358cb139b0e52cc5291ee922f5c295402501ad39db91855ed2a
:95ea700911c5b88fe6fac7d684193d973ce7c7575537911cf45c08fd6f13cbdc
:1390dc38a708f6476181f8a284334e707c472518712251706f807a04cbe4fe7a
:f4a334ddb0eb0f75fb7fa174f675e6dc53f5b5f69de2eb60ecaf0aef5ca6895d
:559e927cf6466685665b8444b73e9c7eef67cf6e314336c064cbe1d0c88d0cc2
:ab422f5d49472c90af5d7969ba875b0757f44be511c16fc033925203bde4d982
:08e5b835eb2a01f5263414188283ecaf6ac21d5a8b5818cf7d32adea85c044bc
:73193958e7f5cc1c86188623140aecd71e1c9860d3e5b21a5ed857c85d896f86
:e183b87489a0feeac0bdc6445455048aeb2b9269e21b48eab6814679102e2655
:1a2fc50d16730ec891943c05df3e4317b3a20128deb2a01c34b701d0112e839a
:f91d24d76e132da741072928cd82961b6651e14dfb9443c08cd41676d600044b
:e81b0773968797e26940c94631848b9477c6713efb9e9bc626de1a904a5617d3
:ae6c58abc604ddcca2ff1fccc1c190cec26a116e7ff208c24d914f9a6682fffa
:d9d16c718e7bae4a1d15aa79e31f57ac42397fa52863b1970358d3f89921da53
:b789713bee53a375443142d3de3edde643d72d33b8e801a38e3879f11f65f812
:9bc0ab4372b224db745a23f9ca314eb41c50004dbfe7fe215dd74dc7fb23a564
:d44b210cda3185b55c3d58aff9ff05d6c094eee31ebe6e56fa2d65ca7c2b684d
:dbefad929943901cfd3d2a5a2ffd3a13ba2b72cc9fd1a73de92e4d11c3c5f5e4
:e701ed2c3d1349734391d91a840ac813d06679d07689cae894bbb018bcddf629
:69c055f5b0da1915318e4050c6ad89e48210aca25978387e6fb2fdc4456c88a4
:94034e9d78bcc16acdc9b696874ba74240e4424a24265124dbe4fdeb0983e742
:673cf46abeebdeeec15d327f136b57bc06dad88219f9ad515e522d087d403d98
:c4e42f0fbcb645cc1d03b144f16e68936e83985a20834b368a37dd3af86f8745
:75014bca6cadad9844a1ecb572f855ab9fd292be9e4b17a6158d92d6b1915d33
:b8cf135493cb9d9a9b730095c77625fde4e0680c7af724ae4b17e7691e6e7bfd
:9026c05012a2a1f5fc850dffe3c5664676249ea00f1c2d63bf9b36be2233956c
:53d5dccd709451bc716e7b171794f336bc0018bc3893e7e1b03b245bf18701ad
:6c145ddbed77f72603ad021b4ef5d2dc29c6392f4d645f7c5882fda0b54bffe5
:61ff30cbfb2996e8a1c61a4f7d9fd0c9e32147ec59b2abc4ba448550d1d1cb7e
:e6fc820c1d5300f955c0f828c080099183837f19a129bfca99aea028806c8e07
:8e626ba86587ba6949225ed8149c928e9bafce00afff266888b68bf547c595d7
:7c700014531fc13748edcc5ae8c79ac6b807e5bc4687cec1796ee94d1b3417db
:8d2f165d4cdc0cb650f2e0a8e92c38b1f21807cb3edd2de0ed71b790d00ec360
:f6302cc3b7a95ba779508708111be474a46ef50563409f9f4fcbf9c3d9b27527
:84e2c689b5bbbfc7b61c81cd603bd31a5cbadca3ef16f8a5b67c371de6859a0a
:eeb43aef629cedae536bbbc0f68d3850cf6e6c61b98d37f51fe2b67a17f24c96
:a05ed6684dc8a03893379076b4b12f4c1e54226d34115521bfedb790210c0e60
:15d605288d23066991cc74c5a2e77e1b3fa1345788a709acf121db9e3b56e38d
:3ffbe33858375a634e1b0cf6792e3ce449caf72b5930ad75f7adeadbb8546e3f
:30b49f2a07f342ea20b9c66edbec632a3724869742a10147ceb32c02e8403b15
:f19e8f05e3dffa5127f9ad989b6c213c15a973d1d980fdea2eeb92e8cd5ad72c
:162a820a0159a3f293210a621cecbe8220d9094737b4ad9e138c9cf75731149f
:b046c526d098d0419370eaad62cc4cf1afb388b18d862fb962a8830c427143e4
:143b279913c20671e055e374294992982b28e7297f19e0cf4d1003f396bad778
:a18fc0c96e8d80634288ff77a7c00ed132bd70bed285996c431743ba9acfd29d
:c7db2967cba59d86e9c11c71d71955fcaa80359955a4e3adba7cc898f70d81ee
:a782adce64c1c00a10187614f1ab4bf32f1a1d88efa17cda581bc4499eb14b4f
:36a7bbc40cb8491f06812f1c6cb9cadc260011cc093eb01340314cd84d28358c
:6df9c6993306722f49b1987578d7ff7fdac855c47b9f2d542993cece2aaab7b0
:f159cd2d019157411c93614b279a8d1807e1042da4edbab49abdad9b240917a1
:c8c96dc3e77c50a3355281209c403916d890b9cce656cf8d4388d3b2afe0cd4c
:30a79b7d5c43a17e18fa147b98bb8f69c7883013fdb61957d51187ae238ef6ce
:a0c6ddc908c4faa7deeb04cd47d2cef2d12df2c7b05748f141ce35dc19f88e3d
:ea0bd3544a80dcd82cbcf6f01978313234c26427be233d32b612990156246666
:702a3968e96a820fbfd9f09044fdee4d6dbc746d72ff02b3995e3d1d149fa668
:cc928d0a372235e64bf0adaa6b3505a56edb6fbc18db3be7b29eab969e57a5ef
:8fbaa06fda40366ccbd33ad6ac80bca857a103eb755ea0b25a3ff061aff8cd9f
:1a266a4f4ce2f1683407b523873b23d8adb9ec6a6f216dbd8def4a863dd5b9fd
:61d66cbf6d65fda827b6addb3d878b7ab8fb7af0d5e08ce75bb957c41730a00a
:0570cc2029fadc424f4e5be44c407c0b3ca0cc7070dc1e28d5973b83f496d6f4
:ef5c43a1230645c70abfc20426f08bda4b72a4a0c34b394483a86c4d21c2ced7
:890733dbbfaf7e4c66a83b2abe691167e4516dd6d4d8062e5c7322a4c9458608
:3cc526f88140c89902636741d5f21ae22c68e026618b68b8c1eb2bcd7a6aefba
:43c8eef5be8fa3c9e1050221e016f2a88aad62c4f484c3caa0051b40a181b7ec
:57ff2b666ceeae715858bca6a987612d276a181a5665f838fa88e4ccb6b4c9e3
:98d884ed76c790a0e38a0e4dfeac3196f5f6cda09e73e1aa5d1b6044b152b5c0
:f9c85f8552cc6c1964a1be00c3819a43feb8dffa7643d9e409b8032760076fe7
:751dd3ead1ce074ea741fe6c304ce9e42fd213bfc2cd4cffae3350d80247b738
:0b84a8a2e6def3ac5dd10266fb8f3f21c0fa5cbf80980809e043adde6194e55b
:c26c8dd01419607acd031d9e31f3a101c5483bc799056b7de2058528417b4100
:380a77735e6fac78b11c9f4af4b7b29ee1c99e72cd10da942add1542990483f8
:80979d64980154a63ec6c4787c9b3dd73a8a01a9c26520ddff47813ac455881c
:6540ca0a1ba688b8b3fb2592bff1e0ee36d17571457b7105f0de99093dd20928
:d839413ca76ed6322555e6ab1c9b667a6d167a2b1e00f431495e785497002bf8
:b042fdb7ac19bca424cbe9767424042e2a1a9059b08fa8f83101b0b9d21802f4
:29f93d962ddfc98efe741a86872d1185d6ddc19640992dfa55d7fd3ad9b36a17
:cbf4907adefbc7430e3909fe48bfec0aac5f930e063435532ffac811ef6cb48d
:ede5d88458a52e6a8d302b59b060a5b3465ec2343d54e70f5fcf51faf4b41f68
:c72febe500c165cd35eab22de8141383725807916f6c0eff9a06906b42444984
:1c61d6de72dc385aacecb9059494e80841ca4b09ee57f13aed0006c26560960f
:11e378981fee0c3059738eb1d7c33b580e30ed4893ffa923821fe70ce783e4af
:9b19157127dddc993a4a32e27d5b100c7a75f7a13da366d9fe5e633e4f40e1db
:88ed73cb68841b73fe1233cad4eeab8a6a663a81f2454cebc0529c28d77a0653
:1064c93a8332c84f8fdffeb4e6fa3ca6ce7d04dbd55b3743723bcb9fbab6002d
:7d8b36a3f6946cb2c805f339ec16a4ab81550ca178b62131372c0e156c2c97a3
:08036a4e13079256a17b66a0af4b3cb3d9f33406ae3fa99adc066a2fc2964d84
:1a56c16d473a0500a5cf8450ccd9bebc2dcbd5391d06e64606a073866ae099b4
:3f6b2891e5c596802eb2fdebbf2e0e36304acd6d501303ad9f3513e1ea3e4d3f
:742c2f8d1ee16725fcba7c902486b851cf690e675d16379347d978c46e19348c
:78eb2896236b853f594ec80f35883ec7a01f89f2437cfb2f5f45b96b01034c76
:614d833bad531e510bfb039cf2f4e69e4bf55b4435017ffd63e1d1d799f54dbe
:577b20efac85c9becb7b8ffacaa7cbe9b96f01ca6be183f31c8b2a89e05bfb4c
:12d5131efdb88ade7ef9589e9dd1a06608fc592bc3cb58a0fcf49822ade1a0dc
:1a6593074843524d938445c4b67920c81bc5d1d4d4261fb1d93eaa4ce7f580db
:36901eea9099b46f4941f2332dc1d542a99a9a2d2e1343f39ea6cf065fbb70f0
:ecf22541f12bceebdf78f55264d4d7ca0bcf8581508e9f4871e776f8da21886c
:e0d4be12f8a055507c04d425b6d85d2147c9ad1e21bd510aff72516561509a89
:3e48f5678fc92c53df0bf40555f6417a67ff21d585fba208d68ffcc3011764d4
:945f860b1f6ea961200b3d12fdd00a0db2faf610bca07fdbd52fdeb26c6cf742
:ae155c5a05be44f52dbfdb41d166f3041ce8a8a021120c4d8371fc1878ad3353
:5e9423a4531d38ff1d2f43503d0584be7e50eb17fce2f3f76c01a4dfdcf9ab9c
:0dad06412816a52f2db57de1c53c9f2ae3a6d9377a8f507900aa54821ab22f30
:76b858f2c4135e883091c9d27007ef5681a7c210505b39c3844b37378d35ec97
:9332542e7f4606f26f05f0361dc1c3938401f0698e65e0107987c5db485a38fb
:f5000a753e4d61eb271ec46ff20f8508625fdf7b8b9cd2e357fdf6710f4d6313
:12d8d3717ca077d29cae8c6a4af0dc92582a1f354bbc63fb1c99dd658d9ede36
:4854a9018d42cc3d56269cdcc2d0bd27eac010bfc994736675f310e98671dff3
:f65fb85115eb9d8e9b1fc765dc777e738e655525afd9090c6668090bdd26464f
:484a712fe420af2396ac252db04d49055a7324e91c13ba8c69a67fd91f1a3323
:670690648c095492a510a97285039d717d4e36c2e7a9a8e527c2d788316337b0
:482a2da4a717e932f724b89bc9b106bf95a37056c993676821606b1ba5ea989e
:1efdf27ebf8ff40b4463f2fb75840b4eba3120eb9cec54c249ea02175b1e52b2
:e2b2ca05d0127887edc96f32264dcf77db7c992b78a6cdee2fc774663806473a
:2f81b2382d416c1c5510adff123c3b1c348c84299564bd018d6bc304c34d7a40
:5173493345d9070dd285e0f700cd1a680c30f30c5f1ee66118cd1c77a05f9741
:d10b79dcd704f12bd8f96c9a739a016060cae456c651e7f9563a1265c235adeb
:53795520c9f420ede1ec2041a53de5a137c36e33b8fc6cb5443dc9e5d6ac9546
:1c8a83eb07b8873e37f5134f86f29eabec11139a4ae28d18d9a760092df7bec7
:b89e1d6a42edbf7d59ccabfcb134bb5112ad31c16137dd1877a9e8a6839313e2
:3dcb99ca016f714c211af46b12fd08757a3fa65a37f5cea6bf821c8a6d65c3ba
:d2b327973b00de9b3e11c102b99ca18152c2f4c05e19c00fd2e2508f7cf3d4d3
:5177e9224176a0635f4547171bafb8b6302cfbaa04a0663011f8747998a7e30e
:88eac9e1d05eb2a92217ee7301e9e9298aa250b2a65ffa1f1c79447bc384f73b
:ffd3e338d99011bce231050969c5b5af3d665dd2442096abfd05912d4b499518
:e842b033959b8dd7588cdd272e906a2c679f193fc5ba86f23d705362636343a0
:c6513b8677319d243d74bb01a4653efbf44fc5d026ec6822017366b6e2497fe8
:3df65a3898e72ce911ac7f2b18da311286de72954747122f05cafac912bf742c
:1fff8a9c61bfa21758705c46e4401c962050658eb0acc411793d2f5f2f6ce186
:f358020cabd1163f3e2f941bb479454e524cc9a829bd593ff0a763c6374bb434
:78b4df21ed00be5408534e7da05d43888084935313db39125578974af7f73475
:495474dffc17f8a00856c91d5190cddb3790131aa7df1921ae6627912ec556ee
:593c17a0a22502f3eb32fac91ee4b9fc68dd9d4259e9ae87d4bd033edde44534
:5deb2068066d833d748b35f6bad00c71102a91ad7348b5ef8df98bddbf867586
:8a768c9648ddc7c93f248ddbf4885b675621dd29251e2c37eb0d99eda305da2a
:fe87182c626c2cb39298948dc4f8fd1bcea9ebcb7b073d4806790fcdb8e0609d
:f6595e71b96429aaeece693c91a99509974594f3c4ffe7cb114ef1ba8736236e
:0771a63724073ff71044b1b0e6e84d9bb6c9001e467f323245132972a0f08f89
:7ebe9ce6d086cc21c45f729baee1c62b7a988e1d572973b3136fd3d50c694875
:83e160a6d239ef2d7f4ca333cb0b1bf3d9fbc6c3b0c7f3e0b397443309e17983
:c45ee1ace553ee47532702e37b46e648c3bc9c369f90948fe98c3bcfa6e56e5e
:2899ea6b06f12450ae357de006afc25e6cbe9d6f0f94ac297ae6eb101dbaf145
:cd5dbab93eeeadc9bfb13c9cf4e3004914e1733841922d19c75363a04d436073
:8f76a0f6c83248c3c1725d2fcc6ec5fb2e2d1061e242992bfdbdcd5304018c26
:c207f0a7c7b83cb198f8e13e0a0f2368aa2ff7e62674e61545ae2606eef7ac43
:463729a3a33829ae4b583671b05e4b4a28e38541762c9b7bca624804f1e6ed90
:b4033a974c1d0167e7238c1c74a863e5bc0f76ab7f7168989a4aa92ef805a040
:1a6e5fc99a41c6a11b51d56b1ff5e24092495d7e5c92dea1fe6b4f1f88f1450a
:4a9a10879ce499a2f24e4d73f0b213f97080ff80eccbfc2b595afbf7df53d429
:e0fd73d7d0405bb636c2e3420345129c92abba113cd6becb2d1479bf995ea8ab
:ab331abf231ab3dbddef2c1ffc61659a071d9638449d51b43a148dea056de81b
:3de1f90c3b3164cfac70f0391cb425ece97a68f28b7e6455e5b3b7cd0ff10f91
:49d110107fbe6e68eab2f48a76d824e77f0ce87163e0076b341d42066d6a279c
:8216e466b6ea0c0b519fc7745ccec7b224d4b3a2b9fa465618f3c775ae702885
:4f320e1ac00956fdc06483e98e9c2cebfece6fe75aeb7f2d5718239244f417c8
:84d180581bc15c6d4db45a0fdf94f097dea61fe8f8e6df50e6e8a4a00bda3345
:ad2c0c4c37fa2911728922570e289a9d874b6a5292f2b9934a583c3fa9f23377
:b594d7707519b300f2148c283948551a43c550924b02bb99c206d16f4b802b08
:bd413a077c653c8ecdeeb7f6214674bca6a740b80c8da502883f504389766b0e
:a285f8de34dd3e4f9e34b43869622298edca3942862e42da0e3fc90eee9981e0
:306d0837097f935a59104560ae4d237eba76c42bc0686dce1153350c7ba6b941
:4065031e4dab9d553c4cca5af364d50f1ed5dadd3c31b8227043b6a49bb15c98
:0e58fe13cbe4b3ff8e239e270688eaa5dceb9f12c73c04fa97feb81fcf9718a8
:67643782c07778f78075f85536f1bf6d7ec66ab440ccbfc639b5c74293428748
:16aacc284616650835a960659923995c3f3ba3f9733bb546052ce265d886468d
:cae2aacc8d17f56b7bee2685f691845d72d8f02cba4f4199da9758c2c629850b
:6788d345c743112769c39bfa3ed4b530aa59f16d52a31ec212dc2ec0dab519d5
:285ee01b3c215541c20a8aa11d59c1009026be19281e3c72b93630df103091cf
:d4cdd89a0af5ab80e38a9fa9607a52838671e57e2e965aef52efe66bc18d1cec
:cc2740c3fc35d8e8367e6a1c6fc4d3f2a3e316594f9b8e4d3558f447fc5c6a38
:f069affe1085534bb084812207b05c23cd9f1b0101fa5c5fa6720cd1346c7591
:747357330ee1a80acb3ab9af402bc0debe9136121404b297b06d8f179d430763
:60db6d92ccc45d6571159418615d1a36bc88d8ff85c87a87ad9a0058c5f3176f
:b9abf0bbeaef2e2ae489156cdeac0051424c41d1a439cc3d83169df9ffbc4fa0
:1fd50b7f2d3dd5e37894de88c54e035ebb292bf3f4cf232c3ad9d0d7d4e5a6eb
:68948a11ff109c15d67127dc1f63d73637a0e3e7daec02a0180f880dbbf6cd82
:5c867110f1d3ddff2f2fb88d9b6e3c94d18f66b70917d4ebb4076a756f2391a7
:24884c381a72063340278e91000d3fa4657b225ebd281eb8e340fd243bc57839
:66da16737a96eebeeff0e2e2642540ad82c855a2b2819d348fc59006852f0b46
:23769e8718d242986f678f049208e53f57f37d82c38408b59b324b879e63c82e
:9b605a5951ea787ef430713b389ed2d7999003bc722334823d3733820900582f
:cc1b90258c364931c7896d4b255e7cadf59f9f830dd60a784edf1bd27bb4487a
:da732fad1ad8c95037f9141934a507b596262b32354c244915a43ae7dc5e022a
:520d46d122dbe5717bd7d1d33c682f9462e5e1de360d96106fe833709c85e625
:cab66ebb2cdc41460ec79ad49db48b7a97b85a468623f8ad18fc551d063a3afc
:05b6bedb9e3a910c71bb38369e82febd94e07419a275515f2dc6e69ff6da5bf7
:ceeb087d3d9100b15e3286b8fd1457cbd01b2815f7cc5710153002756a7d3671
:6c23eb7a3cc995af6bb5cfa110316d8042332250a960ca36a5aac6652c02bf06
:562a11c541325df51099c18a7a77824166a32900499644ffbe747639d3e3ddad
:f2ef1b763edb689b29634d27db98591b1e29f79225ab9e03d006706ae2907115
:9932bac90d556fae9e800dc3b2339d790e478f1d5d009680524aa387abc0ee27
:3a3da7c98e5eed8b213524dd61fb2e6bd9498ba5b07977ee7b60210ba607652f
:cc0c4ca7b9358073341f5be9c7b2b48792b7e5e029b3ab3cf57dcca2af131f52
:d76fc95ac813af6012392180ba892566deecb2bacc16a1708c0489e7bc623315
:55ef78b5594bbb6877726545c38d081e58047b893ae1a315c5ed0f7c82170729
:aef2e0f07ff1d169d978a20e4d239825a29a4efc4f47fc1e2d731d06033cc744
:45fb61363d6e6f372b82da69f52d165b2ac7764dcc459902e8d981a4a2b9dee8
:67b8d099f744cf4f37679605410dcbdfa59d40a15e7728c4bd97222285319e8f
:697a1f229fc043187213a32c89a09f3eec4b448fd9538b8e5b6419c6f99ded24
:47b92c46ef9a03537eccda4e4150cf78d7ac563070b3b89f7eabb78ea2980065
:f84eaa2d36fe8c45cc5e6e41e375b2e4c63219ea2c2c1065b1e997292f9d2094
:ad24d8091053aa3c61c67b1c74b51754a7c77e83789d8a48f0e6764057c6e54f
:6db9541e62de924cb4dd99cc8b697b9dcc9ebc4812ad843c28c609b3aa663c6e
:6caba4e3a2c5beec967644b22f43f06aeb43fb89455d6a568bf02a95e048f7ab
:23eb9146aa66cb199bd40406c8910587ea83f017d51ce62a15ed9aa5bd2ce41a
:12fc278a602ab341ea76af15afbd5a9c9d241105fe56ba3a8c46136351db3fd2
:e979fe11cdca5c2ab02d59f2c58daea91041e8dd7c81797ee95a89b7689e5779
:f1dfbc2a732fd4319cca986107f260c789b5d6c0bd1a88b863ebc2b1486afb3e
:e9ed6edb0c75c6c3b76032a2b9081979d95d514a396e416a19dcbeb25c831870
:37238dc0822813a65dab85426fcad471eaa95637e281288e1454f4691535a560
:52d4fe9bdeae25c3abab90e27559a63715d1a7c6009bda5341c5b89bea7b176c
:2962a5dd656c0c9bf9f85920e566813e94326baef221b4e3bfbdd72bde94a45a
:cce6ec75d9c8a4382945f3271afdfe92c79e7d8084d1ba5d83aba5eba39de0cc
:df3b98dffb1b63308c52a1b89c54e54171d34c991d5f72cb1a9513081515f7cf
:98b806a492c85df2b26e4539571618330b3eabceb32f93670bcc58e6cbc900be
:667c33e936f28218b3ef1e9568fced1ddf85f4fe0264328400837741a4c8998e
:8c70be2137058dad1ff0ba557fee049e43c9c145ad90f3f1243d4591d87fa708
:264f4b02d7cf907968a7b13d4f65f2f6de9cb540cd863f2fb8f0088e5d996202
:08f0816484833286ba911dc508631d73c6d0df98468f305f62310e608c4264a9
:8d82986c6b78e1644d886a09a560db36e80cd372eb0d3879b41a6a92ac32a9dd
:a8c79032f5b5711227d996fc38274384e15cc7de9150417b5e82b523e35f8235
:bcb8434201041c9ee9f51b3df81154deeefeca985d8360bafca8d9878d418f5d
:a02b56a7ddb3e04fdea6ab345dc7d9c0f540e7f7bd8ca479358d73200bc0175e
:a244b71f1b1b7755b220126a3b29ad39fecb806246f39b4f90b80f1a04e32220
:3c9e668c6ea89386781ce086301c00c29eba6e0c7cd193d4ac5b3eed12ce18ae
:87f78621a4e876cf251331de9484c10bd2fd4c5289f8223815fe47c86d6ab699
:2c764f88b159ac5673c07e1e50006a5c211439972d991680ba751f872e871630
:41b0306c84e01ac9d924132d1a0ece639f699484e3cd6dcbf4976c480178fd15
:76bdf558b4ee4935ea150e1bb7fda804ec693b8f7b78a942e78d26600f67b3f6
:f7f6b20748af06c05a331ea6798da71cf34aa779fd6f074777193faa6069dd40
:0f88cfa3e48bfd15f7bc65ef2d254415aaaf54a6a2e8c13a1fe5ce7ef6e0db07
:d1e315064b6c0e8cb41269f394b86f1bf5a58df78e1d7c9d6d7982c4d6358f63
:4466c84074033e918aed8a147b6165a67503951b94eede3d2aaf12a92939ddb7
:c665d4394f55e600885d986542f9cd00a787ce80c68268fd0ed0cbdc88415b2b
:30c45acc49a013d85fd3bb47dc84f367372a2a85c08b85d7aeb829c866bb17c6
:de8d8ab35e486296733f6306a350a0c05f014181b93b1d9f625296fb505b4518
:40817452c7139cea0771a32ec6d8f2175270faee892ede116c27823ad7e884fd
:bdfb873722c56fbd45121c4fdb132a0f6fc2eea6524439fd44613701186436c1
:d753bdda55b85cc8e9a82e9cd631df91322752cd936e593c070030f92855066e
:e847a6847bb036018c1801e0158eafb4265b6d47bd755c6a5c0e4e8cb1c0d591
:a7ffa517b1eac68091db8a08c572fe3b61e32d1eaa8f555571ba89b26bd35f8a
:97b9929ed249497ee88e50862f89997524885ba1bf57cb9b2c738ad94fee4a1d
:e37b8f82c2abc0b0b8db707c5a0819a25c9d50fcd6118596d9fccc56d0858f11
:8e9dc4e7794c0835ea76485aff6a77125a778579b937f4ec156c4e224068de41
:814299dc09dd723e73a1562b58ab0b8e7bbaa113babdb6ad43d8f935d0585c5b
:ffb9fcff99918ad9cff489522bb746af4d7372fcbd226f81ed3d421944172034
:b1d82d1e1dddcf8b6d7417de2f625e2442f98dca7621da4f4dc75798f9cc005b
:fe5eb6719be0c66c4fd6e99ba96fe4ab944d87835b557ff8c34c8144fcae4c0c
:6098ba8f0d9f87f6a104cd3d25c071e22f1fc7997f19767d3e530665823397f7
:8695ab61e822c5d5147eb0462add561dfb9e6cd0fd2e3b4f4475a3dc8e7239cc
:cd089efd92ec86425245cd0117e9337975608c894b51c64dffd717f6feb459cd
:7f1cb06e7fcc82b7613c5b8c1925854b60f4ce40af889331d921ff6d1fdf5146
:8f0bb15aa93b66f30c2226e968c1fc507abd9dd386b45f7d386f36cb6e0f2362
:0b57ace66c0f7404b34162cbaa9f92851fc56ac9ff773c1101b52fe42f552bcb
:084b02ed5cb63915b09ace2c1626248ea48156566f6316504e591902913fea38
:c19d98957dec141463c3ab5df7b72e25a6f6943ae775b01630e2976a24ae22a8
:88d62aaecd30b45955f3be30855823a49f77cdca3ea71f2a07ef0ccd16951a8e
:d3cc15f3f3d483f03ea3d390a93928c026f23c652ff71df335be412d4c6b3656
:52aefc74742a827d78e21679cde7ad301db1bb88eed204e8cc65e9ca6811015f
:ebb24b66861d8475b0085889721314e04333c750215230c928ea5552f17f251d
:7a7a99c58af5df3f3cee06ef07f9c9049af21a83b5969b522c2a133493a7f34a
:b162cb78741f6a16ca9741d5ad5ec9e643a0aa10473e00f2fee6f085f0d2443b
:26c2fb45a67dd0511cf6e90138717e05256604534d556bf14dcb0cbc5295aa50
:a284a454e2e33ecf482ca10f1270254a32a4dec24502b08f5d6c68a77d689fbd
:8ab87abba31562459f9092297a646f55eafa968ed671e4e4e5be1a7c8e4a854d
:18898a2a5d324c23593d2deee711466937a1d6c0aebf90eff24afd5a54ae1649
:6c8c7c63db8536338f30ad22f313b7b49cb2b24ae09c6d5aba9072cb52e8b2c5
:7c856a3d351451bf098a540b8908cdaacee9e26f09a53216aa398b200c3d3fcf
:ba1bdc4b2dc213df542376fd07351a5445b2911e2b9c01c575426fe5766828d0
:d68af0e5ece63112dd2dd14b9d197c6fa6cc59b3d78a3b0bf3443fb592c4d864
:a8f5b6f04a2dd0ebfa184e54d145a6cf91e8bca4f92a4116843e7c0dc2003e1a
:f3577bf0280bbb9b429ab475a2dcdabf6d111d193a9bf930f7f1f567862bdc7e
:c97fef5b4b8691716bee435f77850a7452060a4961b43fc07a5b71983439ddf2
:adb32f07a3b2912e3a986db25c4c9d21658c0a2fc4ecdd28d62a870ff3190ceb
:b6165b2ad86c298d9f67f64559597d1d8747a1f185d17b4dcdfe13531b6b2ffd
:22dcfa7fef531847ee34d6f4fd7b32a9a9d5a3264088a1c2bb1e8f9095f26322
:38180ca988df5698f50f3be810d0bea7bf1af6e6a7b676be6ca214fdafa176a6
:e35054cc2c185a2f8a0bdb27310cc6948665951ae827ac4c92483fb3e159e11f
:05a340af941e323117e8cae99e2b84b868d6632ddac1670af6675a914d7f1573
:500ad27268c14cc5d48be02f6636d992e06e9964a8ce5d0c5869bea847bb3484
:0068cc6db1d697180835255b4676539e16c0200d7ef4f4275f8c33138890ebf1
:cf6b3948f91046fe34d6aa47bb4168168ede486d65539e2b5cd5e6f37ad6303d
:56a1bce1a14cd712826ab9a4671846d7ed375ed4704763682cc6aaa845a87630
:94073d9864ff4e393c5077e14c01cfaffe39f70856f04acdef259e0bd0bef9ba
:da5b35de71a10796c359a462bc0398b200e543f97f77802b29eb792edf11ccbf
:1ab2753d49e1435815440853f650bf7c7f306c90c2cf469caa88674b7d6b806a
:e440dfc7c4d24e765a0eea5eb9a2f918da0d9e23f30c18c6d3ff9f2e9f582584
:2886a965848b35ddcf8577444ab582f4e7ffc7afae1a26a43540f300e1822da4
:4c3ae636a488b16c8b1b079bd6bfe8ee520c95147ec5c53b12a30040bd3583c9
:97f88f42d21a5ddc57a149bbf7915bdfa6afd9b0a35e1b7ced5221d72b5acdcb
:42f3daa2eb538f2df6c829ea3743b7268db808c99bf75c130ca6cf27691647c0
:59e40c40ae7a90d45e850438063c3695070abe9234a56ef23c1e55eb623210c7
:38f9fa2312b62d33c9d9954d0afbd8332f74b0fa4700b0f943cf30a79a265bcb
:312595ea144e47d7b114343052d197b8d3db58605a94e71002ccaf69035fdfed
:6b28757a340cc41b41ee24368a45678ac140b0fbdea93f651c943245272bd7e3
:6f4a6062815c9424f7c93065f03735d3f7ad9576a3c5c9276a78a4ead1efe61b
:992e4b0ebfd2d68b7cc4a9133ead86f6b3b14c1d429364e23ad716691689955f
:2776b8f2f2858e6d7949777176ecf5f6ae96ad7f14f8491463fbff6927fe5f78
:378b21465913ed143f8ccfa6c9deb322f63a0c7b41c854b4104995423a379472
:97bf984e2b6c2f4b8e66e77916253a048caf0d344ffd16e397c6544b50a263fb
:de01b1d1b55534cfd10d1b70063b02ad2e05fa36f5dee871ff1d15c125facceb
:b3d73aa200b4c08669b2e990d62aff2a206353479c1511f00ca862089d8f006b
:9a97501c152e5aa527b447383522551399766216ef2d25ecdd1091541a2329d8
:6b1387e3e6b5770751455f8be5deef69bd77a173c526af52f6931e93f7380a9f
:8694bda46fa38c1aad1579d12acf964c562e675d639c326cb1e297cdcbf6b564
:81729798801c646e2698e9de7d7fe2f1dedbf3926c40f859fe2375afac5a9ffd
:aca7ee8979c5798ce9e9426451b49f50038dc45e381292f645fac65762db52f5
:313ae62ad21f7f8750bb43b930d2a283d35c98c3cb202fdf59b7f4ecad1e40b9
:f8bb0b65929231267ddb9b8e11b479b45409803a65bee7411160e65aec7a3ed9
:39b900cdadb2a47d2608477586076e7e43240e94b27a89ce6b968a2f17d08316
:9a0a1115ef5948dff837948d363a44e290218e4180ff2d1808c5d1ea0deb01ec
:7168d88b772921d0555d0936ae2d99a5dfd9b257c185d627c3af452920566b70
:73d9ea948cef30a5e420cffce5317944c80184c088cabdbb9bb3992345c54d8a
:9d2460d85b00992e00ad3c7757322984d9a1a9e303a6ff8d4c4d054fe73b7b4d
:3e2966debdbd493bc04d942c3e8dbb42d6282adf4f9c9f0230b4187aee4318cb
:bc70a85d0234a1f9b2400f099008cc5e9c8e6c737f2d03f9089ba8607c6fe26a
:735b1864e10a6b1350ebf90dec12305b33f136a8435ec27be2734d67e275c28d
:33df7d6c5a0567747c683a65f5ee65201d4e5d544a42d1bf607184e7fa3f3756
:7df97ff2a061349a98837aa6344b0ce419fe37ccd81bf0aa59bf83a21b53debd
:767da0f91ce4fdb9567b24f32777163d391a551a68c9a51930ad606182ce5b03
:74600a5b2d71053544d1193b71940707a058865b9a872430519acea8c0eb16ec
:2eb69e6a8113b17ea8d797b927ffcb62e494d69a2bd64e92ac4c1d3f79ecbda9
:f36e9c718a9716ed9a81db2f91b0ef15e9745dff8b1389d4cb8040c8ad5f5402
:062e6c73007f8678324209c3b443fe1d451b5f56defcf5d9708ef2ffabbe3f41
:92171a372a3903b6cced145a05841e1cdb884ce021b7a1311a95d342a7bb554c
:3dd24647db3f0f305558aabc938d2ea2cc321bbcd0479362946df6289391f6b2
:29104842881c4486144252a201e117ec623153621e0cf9969c19ad5a733d632c
:a10020015ded05c7d8a68aba5df2ac219b96c028be42d935d82efbdf52e96ec6
:bd4fad6d04d3cbb46c9b6bd4d95a875722fbbb3a49c1d9dfc9b94f8c380303da
:fa61bb3635bf8717656b15e479db306856a90c9f3288053f02ae30003e096d77
:ecb5df16a3063450edb673fc67edd2070849a42f5130e2ff53b26e6af94b19f6
:f29a8fddb4788b7fb2976bc4f5051fd1a7dc5446c6771335c38e05f1fa2bda57
:efa6f6b9b89da24bb61991e957296f715eafa0d4c1d16abc33fcdcb3c4493e30
:26d0ba4f46836b5928bb1dc1d2a38c32c6079bd373bc9180efd423045f48f99b
:e3e281885580181820972deb91c9589c889501fdd26d437d6d25e4ec8e4db128
:f4bc262d0a79782d461df599de7b05d825f0441f0a6324d1ffd2cb216017604d
:ce105fb7521ed4b209cdfa6b06c4cddc8aa750fb3bd23bb79509132a7217d0a2
:973e4a8ef24d1342932a128e29027e97644828ccce32057b5cf3b8508a745db4
:9dc8d31a5e700d7b79429535adf7dfe23f03c7a614a84bb345ecbec7acbd8896
:ad7302c0f910b42d930d19076e7c89ae72bb7a164605a7fbdeb2f058a3f3ad77
:6e2b38a11fb67a16378c6262993a46583729792b1c074822ea81bc3703ad4321
:5f3b44d42e19dc34e539592c3e7dcf43914ef403289291ce3b6e31cc0e755e1e
:592da0a19ee4689105c4cb3d0e4db06a081e190c4e962334f96e19ace48d5242
:9a182262e3a1fc4b04c11eaa19cc6d45607ed08e3dda606c2a7125062c4a08db
:ae44681d03cde3908806fe363d6a679cb98089a5fdcb5706e7419a47000bfe8d
:ef42ddd28afa746167514596e1ba16135e167193f275b8cd794e69e00ef67908
:394c7e1a719131ee6e410c73f6b903cdfa028292b1fbaee644d9aa6b78cfd91c
:02cb0fb35f354c0f1add894ff2eb473ec93f27cf56c6191b6b4397ee77419741
:81189540859138af1a4bbf2d379c7cfff591d54cf4c8d7a5238a4b61b263081f
:29539435323dc7d894d6d00155bb55b1daeab326cfb05ec8770795e74d011c24
:d2981327635bf32ccd0c79d32e4846d3c8ffcc3468ceb9165e2c8c14e3043c0e
:735ddbe56fc5feb70a7030aba7492203abfaddf27055d50881b352e4376cc58a
:90777af372984f60a67f3065a3208555cba27823aeb7900786fead5448b3367b
:28cffa1226fe1815753a1b0b70e6c44e8852c625a726f0e8c309bfe6fa51ba62
:388ed7611c1f053a4479c170613bef021985803e9e2ccf0c3f59ef135d8c73d3
:9aa990a641719a0a6e0a9c0d5bdee1fb7fd86a2552166144d7b67268c20fe876
:a36e37f27dde89d30ddcf5961ad020b69b5c63d017fb0483ffecf92aa92f8cec
:030ab665907bc950568d01decdb1e085cd1549805105a24f4621ee796b113ff2
:211bb9034d16aa102514e04f87ada651a68993dcd3cf9b88a4fcdcb6a3fb9279
:63b26c49a0a8203cf2cd22cbf15e65a61c739d878971f5c595236e934b5adb6c
:fea7067bd19875f96c177edc6d5fe5bee3a5cda6ecfab3100b27b89c69d3b0b2
:079a7346b6e534428e3c9f76bdc22c40e653fd900e4b6efab7f7b7136aa65827
:97ad98e2dd67b8baaea0b40c2f7a540ad746866f96682984faf8eab5412f2f72
:a439a6b67a5f5667a70aa8aadbb0bc9e04c4c8074519919921abd023ba15f13c
:be660442c14d5dc411b172cc14fb16ae93a64febd41b8b47543bd94721606de7
:241420e47ce383c79ec37300855b5116297e302651d36775cc3a3153bc35522f
:73706ec8b2c786bcc79c00b99d1a7b0fdddf8260307194cd642a9526cfcbd072
:cd39bf478000d49869fa6c26d747052d48bfa0d6b29dc9b39baff7d58971642d
:c306b53c975c570f0d03becda08d42b510482a058d8733aa2b4c472a6959184e
:609e94997d09a7005317d3057424898dc490231489a1f331c7a32aca01470ef9
:67ccc3d52af455724f78eeae9c409bd66788c2fe658818d5fcddf7223c89c2f2
:04bc7ed924c35a46ce6a2d45c89e08208926684d4e338024b8355439385edfad
:c7e7dd87ece8e2df1b4b54b16517e90f02cf81783c704ba0a373694bb84bdcd3
:c950872a6b67ee90455602f679578b6a3d6bffe164db939e6294b35b11836c89
:ceedac4000c5f1ee0ed947e18fcfc0cb8ea2d34a0afd426082f75ccc3d669e64
:d74906c6f8bb5c68020af89ef9a308fe87fd671cb86edce990de1098697ec08e
:ee64d1192e9087a3a043cc742a03f41a8683b0c7fdd4b3c91dbc2f84b89e2e24
:d809d5d2173d268e5fc1c2f3f414cebf167b0c3e2ca41bbd05e3ce920c6b1e41
:71f12e120d86c97e39c5d838827d1db85300e783dd29cb0a4bad758e6b644d9d
:156e5a63d15e26d45366cd88c148b92c2fdeed4b8050d16a6276ce929ee465cb
:d437008e1d6c68329c9d9f910501311d7fa6b19616e45a9b3ce5546f267c1ac2
:c324cacd4e885b3557caeaca2a69cd8a2f5926022f57b646556952d0c3122501
:ec89ecf73c8b22bacde55fe50165557a0c3a93896869f4847b7bddbbbc887c91
:e0fe150d8d539a47a4af0aab1d7cb4dacad61d9252083975f1029cb47c7ebf00
:dc232a41a983d2160a7b8468e92c36f4b0129f6a1b5676df4a924ad3c6288c06
:2d00896477944a636499c85dac4ffdf77a002b4ffe86f0bbab4e738000632c9a
:f2256301fa18e790938617f50f4ff9624f60fcc69a5d0dc9f981e68b59b94d6f
:02638d13d75f404e554174197a22197ac1936cf29293bd60ad177622557ca5ba
:b10584ad8beda2852cece7d9a18d23d8e45a4b371a70951a359c257b22e17983
:bfb831a0197754de0a308da26562728ac59e81676b2bef85dae98453cc3cbdb4
:930829cc53af0f0305b1f8e8053c977d2db1e01367d8a99ccd0bc85b56b3bb5c
:8422c5a2edbf901f5822bb2b79508fb69f5264306cfd99cd38f81a8c5cb1620d
:a877b77bec3c4df935865a6eeaba88ad2e0d2ecdcfa5ec6cb76b3780f9d7dd2b
:ac193c057eea900108c328752693e84aff61071ce81e5d3802e9aa5d4431087e
:b5a06acfcc5630dc33c8b408217f15854a26bc3dbe882b0128c905a91a93b466
:70670dfbdd23a0f149f26cc39abf4f5522576a92a1ef115d10eb07cb4cdfc786
:61c06fb64dca5ce623a1731f38b1add0b0ea8c1116deaf6c0785f97a77807fb8
:9e03662fd97ec39a9a7be473571a4fbb880444e43e948a2d305b170651b86931
:000177d1b5a59aadc635ad71d4331b034acc8902790b87c4d212b9ca685d5101
:634ed3968ae5da5316c8434b1d578391cc1ca96e6ab8f2e3395937e1d5e405c6
:2412366efd63fc1cf59213848d7daf2723b2388ee9e4433a1b3ffd60762999be
:62f9a242985f1dff16c55fd8498505115d6e565c44ca70463f4f5b5442f8393c
:e47a4608a2e6e887ab1faaa3ae9b86401c232d3b34c38686ce99dfba3978f378
:7e810a158d22a26a017bb59d01551de8848c1bd47a4825464d29a01cce8f266b
:b622a90d98fab4c2db81b5bc54911b755a8455b7887f57b6086e5143f92e74cc
:ebae397456f337c8449e4170ef5b01280e32820635d25c8e54b9507f79c2ee16
:5af5312c941750ca709f9b3290702c96f7f8cfe02de1a4985d7af0b6a60f604c
:44aeb17c3fd3c6eadb93881fc98ba05d6c502f9c768e61d694c008f7e2406add
:50d48f1f66f3aa4cbf0393aa93a975474f7a346494a71c3ee6721ac4a84b8910
:2df0dc17877a8ee344080bdd0dc498604716a03e89981df0bea5ebb200917673
:7b26287878c8e8d3fd46cae01f68f925d464df0f5bc8bd0faf2e723ca11ecacf
:660b10fb5041c7a427856ec1f3ba77e7ed4b123cbbccaf280722a7190623a32b
:a5dc01d340de03d470b678e5da8e74fa24120b3c97d7edee95f61a947ce29981
:7a55cedd87dcdadf8d8b7d544be724ce21b9f9bf721bc415f7daad57be2958dd
:5ec03220677af565aa8d7fabd545b77c7d13baff3c339a93408700de142244e8
:0024d9a048ca0274257d38b4e0d028b5a05f6c4cbc125618b69d0ae36ae7cb71
:4eafec495ae20d31ec7bba55171fccd6486a53dac831f247e4c48e3b6cf94a83
:db9e4567e848a06989deaba9c40a15ab777ae5f0a7bc2e7527a0b05a834128be
:7c64898d343b757689d1dd33fe329d9430d035bcf0c72e95012e0718ee997c63
:c80b7dfc8c2abbfe09964a6b10603e7ac422a6d2589ea3d10a19b5ad763d96a1
:6c37a37be8c308e3ed499ee39b57f104b2754f5d9c720596af49ce6961c9f773
:99033dda1099b7534614198de598c2f8922dae4836f3bf77d29f414d224365bb
:c0432fc643c5768b96acc749db35c52bc1d4d4c534a508b667d29c45d49ace3e
:03de4c0c339460abe270043df162a6c22ca70995ad43814deb828fc90bf96ce1
:4ef14a370c6e95b52b5e4f9fec11d1a3abd7b7e82e7380316d5e1fcdfa167147
:2a4e50ea3461d1a0a8c09f8cd655eade250181f1d8de355550a637c7f2b9a84d
:cd400ef2212402fbc3e8334b437ceccf08c1d7819f37c9994859a44ac3612663
:a5aae30b80150eecdabc94e1b6748d8563e9104829d29e5673060f24ea5b846d
:4f1ab29a861737bff9fe2715f156ede8eb08761038cff6569f45f695bbdc792a
:cb8671643439b03eedb84c0f110ba92626f91db1eae43a418714a39ddd627e08
:4aabe95a35c0b76f8e81d92dddd901220444383ebeaecd220fec5275fe590721
:667bdeff1aa26e95125749ed51565a1b459571b6d5319e82fad5d0f9789e525b
:f630db3b25c26211104aeca190039668941d7c37fbaae56984a0ed7532efd377
:bf000ea59b36ab87942148ae7692c8515773fc5e97c6dbc3f1b35d99a4f786aa
:49a8d18788dfaf8ca7cc8a255a517939ee3816e515b4ab1ff95172b9ab004e54
:2672d09ca9b75c12ffe9956031deed55927ddf3d1cc6bfa9237e6fe4c00044a6
:57d19f7734ed4f7f39dd383f94c81fc4d56856a1bd5a21136841f30c11496660
:df11fb419dc835aaf2b6778eb8ae508b24eaf978b75ad1c31d27780e2d484bd5
:cd700245ad610ffb80fb9b55f97a1ef2f89cd0030f897c81a323d89788aaa557
:770e0d0f41564d530a98da7dacbda1c3c5250010ba5cc7f46276971ab99bc3c4
:f2c49fbe7ad34293292193cd9c08a0fd8c51647a7d3057dc94452a3094e51714
:21dc6a3a6e5153c21497efcde64aa3f2a19c42d4c538ff186a6d0378b67b9eea
:04db53eef17327b0cc5ace6e996cf12ba34e8bf31a20107df0ed213de693af7d
:98327752478fbe5b918d3d85d5ebf68c8d6f92afd336aa3ff568f41423a71248
:242a34d27f92e9b76e7a222eccf02eeb572715a9dc3dbc1253b57092eefd4faf
:f776d0605d92b2b4cd3da3d0715164f30cafad66d696b5aa5a25073ddaa4cfb0
:8fd540fc5a8207b0f84361d8fff716af5ea7ab14c6873cc44a74102a408cc1ef
:63bfeab2747236c05a44f9fd5ea1d0bab0ec0711e67e73f624db03ce11fb10e6
:9f5e22f9aceef93d7b43d3b821179b3902d30536d4cf5555c4fdf8b7771f65b3
:c43cdf0bd5689f998bdac61b96b405862c9491c4355786419114d6737523067b
:01a2330bd617e29fad6f2fecf2833037e2d2e509d68b97ac646089e6bb0fc440
:c1ff07a2f850b6b320f6ef7820bf71c6dcee06ea3375eb459e652b59843d020e
:132a4afb3127ebeb0b3b2911b8cbcbce7ccd5d0960a24a5ce4f22c8494c498ee
:b6600acdd56a138ef895dce08ae05408e06dd870f4c4957b144cd341ce39c064
:94d67a69e35fb2d4737f4a66dea60ed3644a200b77a9b1dfd85027721bbef7d1
:ba28cb1b58e69ac7267330964dbe8e9668e34d70695a83aee9b55d550f63415e
:ec4389ca025649dec5b3b6f0ac571d1d102eb4b1b2908cb105924aa1a29e76af
:13921ede66a7d92176980e59e6b2a991366404600fa1151b61e7bb9055f9e7f8
:d6363533ace7748656d4a08d5f26bb5237b0e4abfb2009992d077db78b26d931
:d34785641b91d9d5c6d80ac98dfdc9e81156416a536d4ab30932293ae7a778aa
:5a0f84dc18b2629287e9123a0e22171cf19328c894f0f92cec377a26528f72ab
:75ea46cb249580c4b3862d3e2dfc59af33b932abd02fa8f038ffdd2a08510bb6
:1408b014adee9b35e5dda70a42c673e9404a7405b4129c1964f7ef79bf7cada2
:f052b1895ddb03391c8076e8100377aa7c31aa0595964be0fff17d8c81dd3b40
:0e7c1fc5e4c41d07a77ea0a42deae66d07c47369589d0f4180f81cfdcf36d525
:70e0b68bdeb2519f76bdcae182969b3d8207bede4a2dc2570fd28db11b183add
:bff696b435b05f996e298745546c099969fb9848ac96c15e3877e47ffbf61726
:2e6acf84572f736e24729d1d96cea3717f7c9cfac266c3e2b77ac9401ec3d6f8
:5ba3f22ce05f3c12d2a43e06048c088c949c5f06a331d70112791643520a97f5
:448beed434ada507dd95fcf8a2cc339fac41a8f529c06a859b36a7c3c5a7d2a6
:2a63623dc41eb2f1e1da4ce66bc01e372d7d0a438e463203cf2c14318c1c9586
:2d140b97e6dd3159cf8a863ee74084b527c6008d0fa0d5460ec9fb419cadd117
:42ed4e81d72adcf3fc2cbe9417b483248d67c027e8cfceceae6d4c12cfb421ea
:9d26adef000cbfa49e627ef2657c2564dcaf74df80b45c1acadf4706ba0ab598
:c8e4f16fc6cc26d6369c6f75e51349ce174073d07db2df5114241b8d947e4561
:02c735aee33e4ff8581e87a6362e91dcc407d72e20213c033f0d8c93795d2c2d
:d60307da6335eaf6ebe695caaff0acb664522f1ed8c06d732265c7297e2cfc70
:9bb6c880b21a95ab26fb376f7424447e78b65fd8de942519e24b58a30db2a569
:4d6c25faff9f446b135a30c8321dc2f0fdc0a61ab211f7999cfe751db85afded
:3e5567d4f696ed8d4623c4644149d291281cf0203b8006d53e74c0a37d45fbb0
:46428db7321186772a1e5dc7451e5b64919a8997db890d2e1ceecb02b391078f
:303c7e9e00649cb485339991f9ec217c446eb384c62c059575563521528ad1c6
:9086c5b86019e1e573af79890e360f860f23c13bd01cd72f2c6e272f0cf7fd62
:c43d6c2c0a188bccf4a9f973f46e91d12f2c7553d421cc0622234e2d34e8d306
:aaa93de45859f9e29c068ff5acddcd0b5145abfd72fd003597ef7ec65a9c5868
:cfd8e10f0942861571c58f0c0c1dc9bfb4050faec10969c5af139ad253c3ad21
:63e9c68b257a7cb0d57c423032922b2fd0b5993904e49e76ebdc24434f6ed91f
:65b087fd6e9a3d411c0122a049af29238b16b618060a168e644a687f8b835b45
:abe74f1cf489931988dd4d35531601ec5cb3514ae9bc8bf1ef8ebba8912c03e4
:1f9ee41d384099489e6adb6f5e770a6e484bef7b077057f14f3cd3ce22e64583
:150a4e81db722097bca0897b0337903357b07c950c3f93e2d1c7d94b410e6c61
:f9a78d5b799de8e77be96badb8d7102c24b3a3935fc29128dd20258fd495c855
:776f0ba77029d2eba717f0895b13b13f2cedcded4d07087c43249e170394fef7
:0e99e25a12fc4fa3d30b17a35cf46724f1374819ac123dc2c4c392de02477429
:32c3be14bf832d688f0bd653bc8a8b12b9d75ddf24bc666db9c0cbfc998431c7
:9972cb5417a08a1a9d799e8c9c50c339b87c217e229bc540fc27fdc972d74422
:896b81a3a83ad9bb6bf186057611c54c06dd7abb4ece9ff844d9f54391b2e4cd
:74bb8df4217e65b52bc76f9c553cdecea6ac8216321d8fe3082a6d2d4891c0e2
:375061225ed7c3be906a1bfc77b83714878436fbe12d464befc2d8b513d57b23
:14ab5facd162d3102cd42c6b86bd3629ce709f654dcf6502a8363c4a3d0a7d10
:a3b73b3793e00398c5bedb621e7a70b87f9f997ccae390b97f8c1d92f630b2d8
:edfd1b1e7ab44f29dd5e3f8456793b957d220f92bf9c47070266af55373211b9
:363e8f4a86b0c78e589d23ac540da2fe8737992aa94c8117c410a0d25ff7f2d9
:1061fb1e39c21ea71431d67456169fe39a560d2cc6a4c85616eb741c39c034ac
:540275418263eb0f93b3cf8314a543ad4636b8b08c056892b5e8f1ef8650507a
:41e9fe268b70fa411205cb458fa932e84c40f44c83e94e7779e9a68be86fb50b
:117e2a524f92160957d7e583f5b57b862632892e5ff5b33f8380d3e651725edd
:f9a91ae6f6c84ea6805279ec9d4329fc1e67d1b21b21423d4a6d4ad393f026f2
:38dea48eaac362759d09ea01b108654fc6c7f3f014b53d451fea445b034aa95d
:4c1509c960f206abdceb4776dec03e68ff4518f09ee64ced204e7149f9e7a4d4
:b96563c8ef139043ea30caa7177e084c70692a524cd5e76d571f7c05b0253f54
:17490ae0e8377be3c19f757ae443d9256b120ee4d13662d895dac93113963870
:7c143cab606daba7549ae6518c856cda585256583cf1ea1bb41a641905622d8d
:75eb39851cf68aea41c6ef5f5899f7a61c927b7c595f706079aa320b93957d28
:0ed0be5dc778782e8786bb21c34e92f7d1d1e5e73c4cb10af4d1316d5d818a87
:cbefd9ff891e5ee8b8d6bbb5ded0f3402f5cb04d2b77f0f5b10fc1bd2afa9dab
:db02658cbe3b04c187b06e25a2109802500ac0e1c8e90da8454ad9fe5907bcf2
:2a3360d1fd4fcd9f2861622ff75934d932cab4ad965488da8507302375757335
:e050ee0af027754de3fc241c3b0ad2d1614c269c99cc29ae622f20efaf3431b5
:666cbdd0fdacf1623eb24aac52e16c154a04f4d3e6172e1baeaa0d167ac111cc
:44c384dc1e353f53e11e1f5a7613d72806a858275992dcf2ef23d08b1f8c6d8a
:9c0b3faa6138d58ebb73d6e3b6dd6a4281e23a03491278bc5913c066afcde5c6
:404986d95c9ca6ba4965e089119bb59c6cffc3155108a74339051136d30211a5
:b9b8068505bed2e1dca7dff17eed7c15ba33e2ddb4c936bf9638ac2f13846aa4
:f60026e4277286cbc46d8976b3db88e87e8a84afd6d7191773b84153e1745ce7
:f45a98d786eb175bbbaed4395a556bb516d809916b0a6c8f2988c42fb84f0552
:3b3993369afdd5932b1d36160d3ca200a3444a11a3be1f1235b9f1bfb87bbbf7
:db9eb8de7a61b3a070068ee4d0b22a52d66e4bf8dd2e7f9ac60e8a66c7a75e0a
:67712d4d517ff22a5367f6cd30a677fe939e13daa62f71f8f1e6d6916fb1533d
:e0c3510a488408121e071a55603a09231257115633369cafc866bafcb8f8bca9
:8f9353fd5a3012fc5415b575e4fe763e6f4f8290dc8096290f7004c0cd0c2e9c
:e38527ebd54922ec1ba6b8ef93eccd1d9c3c27dc52de2532b2c018d97080c7ad
:eea0bf5f7f171aaea60583919585bb57a0e7b4f92e648b575ee41a91c89779a8
:be82f866ddb4b9d5ea0bb620c7f87a1357c6b71a8323d3aa403827a704e45939
:6bccd22620800fc724bf9140df289216772bea095936d17ff56638a6b6bd399f
:c170d6e5fc92d35734840c78512a97ef40d5eb18ba6dd34fb941a210b1b5e864
:7e5ad268aff974cf0015497b6909e3939cdbdb2fd73c04321d18d024552b1e91
:2c1b39b120e557a67b5eb40ac883be8a7dabb6e13456832f347c7c22ec0b5f84
:42b1cec8ed576a019c786533456142071dc2718f0979e22e19a2a3c1a469365a
:a25859bf953665092bfbe7eb935e4aa3054b752e8583df896684733d8621ad4b
:da1fdf8382a41b1610663dfc93a8eeb5775e6f8df3528da4c264c028e9d9cb03
:41b2b51955a57e4f81933c3dc60b87e79c70c1b323721d7669d919504064efc0
:8aeda8b00f289759d380d97c53a726c26e0c1c4905553edf6a7272cda5574551
:b82d443ee39522949777531b939a22c22dd5d6fbaa1eb2e019041636f6cf4c85
:533fb2d24130708277ffd007a24e34ccecf2146c63f3c1d2ff6b920d7b8bddaf
:c201b75552dc68de2d3bf4ba1f32b2b8d6845d78e831ca2c067037a5720150e4
:79244923988a913f1b06b3844a8738321d1ca1c7a71dbc4dfc2f0f0287b342aa
:4f8911e3c37ccc76575496f3402dd6aa844568da2d05ea0b985280960f84385a
:953786698e5f0035e3062f3703050399d1fef127414580aba9c3f51012fa7678
:2f22e1dfc44afb07c4086d08280e98459e9b581ef9c85023cca327d656a8566b
:6ebb3e9dc9170473e498aceea4d1dfb36b3e2de015494f15ad70aff7df8b7ccf
:636d5f69393b7acba3465c66cc048209cf359a1b81f22e655d3ae308ea84cfe3
:7f8abfcc767cdad070be347c3f51957027b13eade255c5a902b625953ee727bb
:8f303e47f15af5c17b6e43abf7360d32f590f67879a4ce4e049c266b28f004b2
:f55466cf9ac5809a4ddf091b6f1f23cc103258e92a6827da3181835aad088cd8
:17a4ac00b69720764d4420f352056b1b4e9a8034519f435c76a08591c14d3a41
:d8f579c901344d6329c435e93000db0e2d948dbeeb726631d1dae08e1afee6b8
:afbf528e3e2902c258091e9c98bee8a5c32c2b522b875f243cbd98ff07976052
:d7e8e3b130c55dabb729a0ee43a248cc0b80f0e4451f187a3ab3db8acbd04d0c
:e490514a24e3355feb6db210b63cc8841bc1038d3ed8cfb04a24f9f456ecc676
:30f4fd1bf66345fb7bbf1e802348c3f85e03ddc1498d58ca390dd33593426faa
:f693c4ed57293c157e6e79cf1d422289a04fa6ecb293036e669c3a48ab456916
:2f5a87557021bfa84dd7fd1241dea6e811f597c299becec6d4835265f15d1861
:acef8c2fa65d0134903a82da2db5260db17ef7a39642866796c3c88484650ffa
:9ddc2fe26e4b844776d256938f0ce4fdbf42114f9cda738b648d3625847e7673
:179a1607ad60620f8ee41cbeb3806c84e381ead6610928435a832297eb0a8329
:0596a167f1304115ceb987bf770ec65f338eba60582457bee0f45f24a961b9c3
:6112f5d5054ec49c5914cc1cec93eba9f4b52fde55ef63363878f00ee08e1cdf
:55b4ac58f0f37928538a81fb3a0cbb295ac57c78af50d361286df0ceb9430646
:4cd64a1fe7a28f8cf8a8bca570031cd8f558ce55dda4c1cae80b477352f4504b
:43be1d9cce7f89bc2fe663f0444c4ea44fd9dd33e8ac5c0858046111712c469a
:baa0a4e6d7912f07b30c0ac4d3c1b5fc3adfb505be8402ad56052db95a8463aa
:3aa2f991521906eee59a5503fa53b90c12c2523312587aab305ba6542fee52e7
:3a3daa114727237f93547b542c8ff4e650639d5e000724f9b9ee30455bd25496
:1c9d1e80f244725bf585931211463c5f036dfd0cce9849c2e2dbfe6d36227794
:e789e8df81abb44a5c338eb69756cc09aa53d39461843a1736a3d61daee92ee4
:8bc0f93af104abb477ce2872f041fb408e1649af5fd4e4f97f4fc4128713b4bf
:241354953d23d39c0cf3633162e81b8225050cab9d6cbdeca836d9b6cb375e24
:5e01af27de269e5f321baa8eaf176a7fbcd781479f6e87acdb95a736be2a6914
:e0abdec4f89960447ef8fcc8ab1e96a54ee373629e05ec3b6e312392dcb9bbb2
:01afdfe6bf7560386ffa5f78dcee8757f5de856204e8d9310f66cc08fd2c4c32
:fb254546a77828c8c8c6e64b11957ce16d663f0d922363abf2dde81171313190
:e70e050d5f9c04991372ee0d0a868944cd849fa019c789e2525cedddd26b5bc8
:44b949b2b5d5eb2439cfb00bd280de24e7af7e9a96d826e5e92c747725c095d9
:6ffb546e7276cc6030425bb974d595d1e0815b820db4d8576d43d772e7c164c2
:fca703fda9be18a003aa47768cd2a17e00b896fc56d9b37ceb85ed3b2e121aed
:6eaf75a489c3e380829045e333c881e888dc06a8b5271db4fe3276607321820e
:2bbcbe208667f8eab271a68b5751b1857d94adb58c9684573d15b5bb1dcf32ea
:1fc5e8635f617ac471fa6d57b758a0de0656f45232abb76119c36f7510a02afc
:fb88c4a1da40b6c6d0b0614efa86177ca6b146516455c636cfcedbf6650b717c
:fcda01eb2a92c00e1cee76e8ae3f03937c654458292aa0908eac54a99e77d18d
:439cc38f5cf2c95087e34dc573bdff0e5e525425507538f03ea1d34ab4045b3b
:9fbf7c235d74485f1ed5e43785d5a6cd1c032613da5eadb3e9fb899561a03a77
:8328976767d24f050f2c6e51960316d5c568cef2b279dd292db29b925b834aeb
:dc6b114f89f28846b0e977892cb9ac1f9048dc6c6fe043db36fc22b7248546cd
:5b1f5fa44429e10f5cce350ec09c8bf405f1fd176ebf36d34ed40a127c6d792d
:92149e66525e82821ec1d1bdd151308712f2dd9a0d0cfc66b5c86a36dd3a5df6
:765d81ddb79445086736ee356fb5371ad4b30a4bc68c1fad411b98c90dc6cf90
:9e263a981a0f1cf415b2223c277ec4b055cbf832b94f9ab0d36ac5c9f1653a40
:8c56e049068c7f78a88df7e6fe78fd9107ce481ed32b06005d3643a5da916f76
:49e00db5e75afb42207ab0b5dfca1cf45bcd76c6c451003b44c81a307aa0871a
:6a4a8ff1e74e88bef8a1512de38f68ce524504f89e1a98af93ee8d6dc148c1fe
:514126065f12491b3da4a8e2b0db11027cd69a0c57d1c451044ec0e312e031b0
:703209ae461242bf1f0b6003ee29a0607dd69f44b58f91b05f963d18a1ad83d7
:1bdd0b99242d673c8c2f5cb14d567536907cac74dbc2f36d8aebf8deeabaa68e
:fee2e923d928a5941203cb6d48a9ccaea4f7347662b4d33c500abf25844b262c
:0d4f6cda9fd283775a81e9bd0c610f8200ca057150601bb7648275ae4c88f058
:4b7323b0ca2bddeda3e451e4c75331cc66d3a43168bf95d7bdb6a16eabd96a7e
:6d01f3c7d6d55d4e0997eecb82ba79b65b83bd51de6f66872913ecb1a614088a
:374183d8267e8bcf931710e12c2c8a6e4eec263a5e59dbdab9414ab319419cd8
:74627397eb11cc48c08bf580d1cd5bf6ebe06fd932e0f7f40665d8b30c6f651e
:b4b95757128e2a3e510152d5a1a3de3f364e73c6a9cd45739cb5d0b1470e58ca
:4c219101c7ccdcc6a92cd9a751c6ec8373b375f8e52729b07a10355708a74d23
:a852a46b38d4c05b84f933a7a6e9a75faa27808e8dcfd156ed036adb00ba89e3
:a03d5ceca2007230a9a6934432d9ac33884b75efb472961d8146f5dc9c11c4c4
:651130c4e6ae6b6d2571cb04f329e364174145321fe23579d1dc898787a3637a
:a03fec9fa5cb79867a097f12e1a2de77e0ca49c37db95d305d119857c9eeac22
:7da50335698aa12313981ea7c6a10171b5f356679218ad31a7fafe77c808ab04
:11c3173aeee926a4559e5a9c0de05e50296f11b8f5ef52fc50bfe31bbdf9245d
:e471ed81a53ff4898a94fb9a99f89ae1f512ddbd9fff8affab32a3ab43b07fa9
:3c4e4b51f244689b370947b721d600343747c12163df04499ceb91886d4f5425
:3964e552971c1e7607e6360192da2a3caaf25162bc2bfe4fe4516e261302c379
:b98028ccb5ec138fa75ffb7d82b1438bd46d1b9bcf0c06229e2ab4f1cfa05680
:5afadc9a939cb1865a77865a703927fa2dedb5a5e936c91a98dad6c8602d6477
:961eef27858aaa7aa453abcb1a318684d6d347ad11dc5ae24cb9df5e9017f93d
:551c928002c0ffafa688a6fcbc42982c4cd894ae9ce573a0e5233616a2fb9742
:f95fd54f49115cb21f753d0ed3f4798eac5be4f9ed77ea73e19d5414f59dee56
:22fdce8ffd023b3747a92511fde5e556928bb957b8ae40609e61245cbd68f73c
:8cd28f2dfeac7f64cfcf717d8a25770da30e345ff9d8ee0003bed4cd89d5ca61
:5a2e5f82bda92c0e469b850e91b9c4d81e1d02db8402daaa551eb800c5f8894f
:0b3410634b293c56570bd5816041c7ee3e8a9defcb5f9fad7ca5cf6e2ddf351e
:5408f9f1d5c09e3442ec7ddbc2a2dfa731133f57f901a55ac0a37080fa86052c
:9f56a255b7787c9f24693c3e960236b04d79fda81fbdeef5f95d69c427a9ac9e
:a929b81e1cbfb16457d91d768163a99d8e2a69545d45acc6e669fbb57b0494b4
:e544d84063f240491939acd3641e48604d6ac504c49a541766552d3c32249589
:5806b54588eb22ee4c680eee93150922bcba0cebcfe40d66d1671eaae861c2cd
:7a930e56f2df08aafeb52b27abd097cba6e2f2653dafdf8cb5443a1003f66c9e
:b0d2d60f7282e63a7e691bb482326bd0ac48b05391da15929a50962b340d63d5
:59ec847099c30076f2a9e34d5a79ba789d36e542d89b1d3cceddbabe14112bc1
:50aca293b6e4875dad23622699211b0f61141d8223dcb8b673df27c2335b41fb
:9e01d708cb806abb72006f56375a9b23230cce22cfb24b5a0a2154c615ee3856
:121f25f26368bdaec9324a7d9142872e0d0ba4970c081c7379563c82da19265b
:0db9b6c61f6050d956f58b8f03274ebb13adceeb9ad6946aa6cd7f4ba2b1d984
:d6c67c6d5e6bb9f673dc497fe06cffbba6f97cbd2e3c4d27189edc2e0d00e7ac
:4c4c24d5111a0e5d03b1f73bf6a9953ab5234baba3ea3347259393d0e67247ec
:19bb0a2c5891bdc0fa7e790524fcf198da90b2c6dde57b80f0286c0441cba5d7
:821bf0456cf2e44ca41b7ca9bd09b60f1e676347fc3dfbb2501951b9bd831c3b
:fa367e97af48b04c313d753e865d3208286f930710f35daebae71eebf0bc7ca4
:405da17a90e968ffb1d9894c4c994f675dc055fecb263fb7c91308908c40513a
:2dd10c56b7207fe7aef8d8f696e06610a54ecffb597a5fbfdc10150bf4e0ffae
:69e2922f47feba4a8f38f04d4c2f50156bea2233577a6b894c756048081b2beb
:3c195e77ffd6c7eb6d10b925eddb070ab1c4733be543cca8bc52664359879a07
:af7e7a939b411cda04ffc295d9a3dda261a0af2138a5c7559b48eb194421afaa
:334f63fa947088d5ff3772b4c0fbe4593f1a2b06823de52005557e999e46ece0
:3826507c6ef10c6b961f2298dd2a9dc1f44de7753a511b92e234e35213bdd6ad
:1e3aa06b5304fde0f97ea0ed6043c6d8ecaed1a80a1c4ac837ead1b477e9fad8
:c8428ed762ef18a105381f1ab4feaac73f62b9f631895d33439d0f08b014932b
:86e295c8f78c975be3163f50ea300fb189d1410fab6c52f5865b62ce06bbb2d5
:70051f962ee441ebe3327ecce3379e23b9d4b43798478a741af1299633a2dea4
:2b8a83d542be0a87a845295e11469cdb6714c4603c41bdf91247aa8e936f616c
:343d7022e4f061ab7516c320c183089855f5a48523c4b7cf05387e7ccee1f680
:c3470e282dcb474334aea75bde3a5c7149ead2fb754a7807cc7ea090b367502a
:c133b046720ce110dfc1d27075d181e2f8feb7cc4e37b56777d97446f1fe1342
:475fe63a1cab3c614c028031a27cec3ab79cb40d012834be7c50c4a50a2fd5d8
:5c82529a88b99579de02fbf4d4545e4d495cda9d8c0423c76e036a5eaa6905bd
:5b80a0dbebf0833986e374c0e5db0f1b11cd8fda26dae78d850d995dbbd6c03f
:29b1a1a9f96e34223a30e2ac569272f54ce992718ca07e6b340f528ad23be199
:2a694c5141755d90e6acb25a7706d2ab41e81be2855d8e05392e653f33ff0a7b
:99812d58769fd30217bf8d577e9a107f56d0aade46400ac4dfdaf9b60544304c
:a6355f89e8f47e6f006bd3d262e1ed368d84c09b4431d70ffdf6e1f028cb7f32
:ebf5480e7f33e5355aa2e218de261be7ec4465c99d59f8c3faf459a44e5f914a
:8434ced0744aca931ab18abefe344c3aacdf12048c3e668e4f1be5274a73b0c2
:a3aab34505f7e1c7b8817ab33b37417e0a4fa9a1eeb6bab6c5a749faa341ac3f
:9bb23b97341c68eee9a4e6df2675c5111d8d8fc5c3ada6a8cdd6ca48e6069137
:1598bf015adc05472f4de23b2ac72a20de829d6375198e3e33191e0c43f6b9d2
:dad739826c1b4605a5dc11d2b3b38ccd98a51de15ff9578dc5eaac28c6dac240
:623f5ba60dc8c3a1bc82c21d8a44dd63310886786692235920ee87ca5e1b1e94
:0e877bedff4937c562a6bb3cbca8ed488b056c189ea403ca13aa646a569ffc14
:4ff7a6ac481b3b98746ad76a58bdc61971349969a1d81212aeb224c2fce587c4
:3a1758d633840e7141132274c00b631b9ddf9134422b600941eac65e6aa5b2c9
:85075e943466fc53e2430cba093a2df3a19b58fc0c9b493fa78859b2d83be4aa
:026335040ef2903aa71b532e6445a8fd1979712c134e74b29759ca7566071d64
:6a48b85a7212c7c4e0d95e4b12dffe43199899895c5c3374429c503784930af1
:4e99a1222351c32fd2decd17029ba56ab725036253d694a896b9e06a65cbe17a
:89761f0cae3d02a488f41a7c14048107665b6b39f7ceb63cfe2e3680697e99aa
:972f193e679418a41f732c01fe74447db1572bd2afa4e5508a673b1c5b55d972
:48578477b9f415faf2647858178486374eb5e351409e82acd3c0af6746a30cb0
:fe929431713310bea5ea1fc568ef959bd596775c6430e71999b2bae451c02f1a
:71487399d53b0ead7aaf4d6912ff9ccf254dd92ba8fa35c09923ca6c17137843
:06628e969f608bb647bcdc9ada03f57f5c651640d6dc391e98005410f47c50a0
:44dc26815f874eb29f2a90b1112c7ff13da0bc14cbb35f53b778e578ab755883
:eccaa1e4b8bc3be3b0f380b05c9342322e6eabc7fcfb3f422cb55cb5ca47a2d6
:ab1a08f04b2baf7e4188fa915e3fd6f8a5d73fa8e757e4596a83ceb164f686d8
:49048a00b89d5b4ddf17be00570643a054fb95c3f7265adbe4a4e1c57a8bfb99
:644bbe684c80ee474be30893ebd81f3438bce847f0946ad8b5fcbca647123f8e
:99007fd226d38a61cb8a1f91575c275cc3e8f508778471013c287501931b1d1b
:6f7cdb336bb8abfe2df39f389ad98f5ef83e3af097e95858334f7e28c04bc2fd
:a9ea53fe38155753338c3bfd47afc0f5cfd6b53de9ec3282b0cb8fa9857d0fb8
:52be7406c729195ca70b0acc25835a8af8cfca4567b3131144de616d90559f1b
:3546aff9370d9748f9c3585de39b5f34effed4c21ab3ae1bfc5afb36dbb2628a
:019f339fb5b1d68d998f36917e26dd76066982d13bc9bd5e9488537bf96170ec
:80dbfb605e8673963fbb5b8e6cc1905579f3e5cc33609b24014f46b99c483134
:a30f38daa7dbbeb83aa0d6508fc77c4444ff5855761138cfdfe90bd4b99a7055
:975eabaf33e3a35232ece06f1241fe957b844b5cdbdf6e4c95fb3d2c1514f7b7
:66aca950ed0ed7d2cca2ecc74bbfdf8ba0666abc23640b3f57af49a69f803f9b
:d317a7413548681b27828e5e1e3478971b75c91d5c874462c661d5889e2d1cf3
:d1eaa574549f010655993524c2bba1e41c0ddcc479b8eda9b3fc013006a997ab
:1651c444318d22baab29bd740bc317b22eb5593666776c07d6e45b51817fde3e
:251508c4f6a8403f4d3d158b5f06a5e90262b3bcb69a133c837eaeb2533fd79c
:1319588c0499efaa1080fb89afd3e6e368d7eade12764812ad77dd82b5e4454c
:577fe45396b83e1e4b9d6d0b178c069142196a8569df8c5c55a2a24f36c042d7
:31ee9d58de5c4cda5abd807fc1c070e6432d67cd2bcddd3ccf55abfd70598d36
:dcdfddc872c53a7d90fa77a52eaa48d1a587b8ba03a6f2163903b20a867b7fca
:798cd7e7206873291d4ab9ea08be4ea872f8317b55547dd9a9c82c7b23f55970
:c169a881339f24d34b57f87b1ba1b9f46c4a98207e90f6c5c244f23b48536f5f
:0d06cefd984a5931a4a22499945c98c14d41ec75c273ade96ffbf24503f3616e
:c06d819c16596b9687634739994cef61e6faa510aa9be845d6115bc9bf982a14
:4dbee443242db82f4bfc9d95d3faaecdecf258724f9320524f6b9c9a4df88a75
:b797fec5d6031d693d70f4253874559165d183c4d54c2b40d695b3c28bb5870f
:9f0d6844c52e966fe5efb4d4909a9941f5e433770a5d9135eb916c96a8b06c17
:e8787662cf5ec202b035d1e027715d552daafb425eeb7465c98b6b4ff6d16bca
:2bf1806bf758fe260cf6086b976864dbb5fd61ca05cdb01563dc5cec4c368602
:1ec4bf1c824e02349829bc3f477dbc4085667cec277531efe786a6af73d23624
:45de00510e4bd9d4e5fddabf3805fa412597817ce8a88e25f47967616d25b38d
:e3889ef2f585f296c60bc76aebd3d01a9b7d1d2468c74cb2f747258d20405227
:29b70649413bc9c037583d100495a07bf8d1057e9fa128e2ee7029d80b7a08f3
:70b57d39ca4f660b999c42f2fd77cf400d5e74e885f46f0efc21b987c756f6bd
:c75ba4fb558f6dd60a60f1616d9f5d8fd4fd6c289511fdc13ad0f1d1bd3ac5dd
:60bc80d634b813ea9cb2fde9462841e114f6a025c13cea76fd396c737fd33e23
:c02b98d785695ee3f94c25f6b6bc91db4a72221790340a0b2e2ec03e26ca8ef9
:c3419e5202f2235a598d3fe37ccc51957e7e0e1d92808bf8ff64e9c0a5de7e6e
:a464cdfa7ad00c9fdb4fe05543fe03794c769179ba70a598303eb796691ef5ff
:aa0e1fbbec1a373497c2bfad61b11c683c1d9a7858e73e9f03b27138aa513074
:3c388b32cf0dca7b09da7d0b5f9e34dfbab8949db8cb008df74449616b255ffc
:335fb4e2a53c358e53870ededcdbcd393749cf71dab190e9182c9f2dffbf45dd
:ec4b19f1d0593979172861498d6fc51d6c4589da6bb3ba69d7724679eebb8d37
:467caab802cddaf59a0382c4cdf8a65acf69ad70c9b8c6c065d34133b566d351
:a19cfc1c150351e54bd150a7b1386917723cacd254372a7d0151b35aaf1b17f4
:ca5941cfa2d674ff605e31d303d339db6bdc0a3b8bac22ac7cefffa61cdfa702
:d9523db5a9fa21bd3ba70d75102553e93ffdf43b9fc5a0e1ebb5f1924287bb5b
:b168b859d3101a110a8032f6fff3fa9605624c31471b2308f258ce45ad0698a4
:728370cd95c6e6e5fded3b857af0675e073b8868db7c114aa207dbb97df0af05
:c3e23acb6ac17e90fdcb9f2e5035c7c1b7f1a48b07fd6745f094aea32b200851
:5f7b5677384bd8e2af42192f3b5b6067616d40f01a6f44f1c879b8ffea547d7b
:c96858fd504ab2059c7471cb84071fa427e285f11d70265c6725ed149ebfa82c
:c96c0b725a989e90ca69ace45ee772c1f5caa289236f7a4902329460d924311e
:c3f2a6d87a6d92415c9be89abd6b4919092c218827d6d5965d50e33044f23e82
:e173a5b9109eb1a4fa371be800923fda65e58e79aa5c267209832ecacc7a5cda
:d6387430fa0b6cc050edc9523d463aa017c40872e5e84f1850c67485d05dd2f2
:ced1b26d970ceb2beac44306cb2372dd5a68bc14c6fa5b225f4dcdaeacf6011a
:a50335fe639454e16af1f92cda115a69fc18ec307bf5dfe55253d4c611edc679
:13596bbe8699a798ca5852f74ae90a89053f8626d11f177da6a6c49cffe18b9e
:8a2b6c1c02ed5dab0f2aaf28487d943958b993cf8bfe58d41fbe019522c828ac
:65c7754e2b9740706eb07dad6861fba4ebf1ad7eba8345a3827942ed749c756c
:df3c2fdf120df94888509b8566fa71df5b4a1000c9cdda43ac67ca3344f624ef
:3f36800814a4ef85d758e3579c0d640125a6646b96ae48dd137cb3c6c12b8a8e
:6a9fffb28a795310c4dc15a141cec8fa2593cb016124abee09f3ae1981831598
:2443005b477708c9f45e44aef2c99f5a569cf2fdbbe872064ac75cbf8f0f7751
:0f39d68e97f828724d10f4eb2c6652b1b6608021bfc333671883af6966b05c70
:750334ab738b3abf9e99659e931f0f34d8ab7ecfeff3e9dd3502387ae2bc8dbb
:ecf0752d2396cd6210ae70a1ad74988dbb15229ab297c87af0be284be97932c7
:902ac8d734572aa125c2a33145e7a1f03b43e43124698097bf2be57ec87aaba3
:c4defcac9df9a4a4687d42a75d5518664ca48d9b52b82102394e0f5dc9928b8c
:e6e4c2306293c31a73287eab6c69c8bf5909c11df8c12afb3c6b46138da95960
:014c75b19cba3efecdc2e945461fd54de45bd4378adc3fcf6bb23d690fbf2a49
:e8e2e2e9e33ab3ca586f0ffb3c3c3cc61c2f340f3380d4d71cf3d97b24660684
:e633e1cf208f57c83458a70f777fb606317240c04959a35faa3597f6861858a4
:dab14abb141b42389be4c219f3f65647a6a691aa8c4c32fb9c5d5674fd416568
:fae61e280483b33d987edfb272d203b8d52e9eebbc9baed89176d6ff04b9a496
:ab9f8056e51408fd7f4af4f317e4c84689d3e78a51ee924073e7701073250f6d
:c5011d0f7bcf97285de6ac2dd1da49b916f6e8c039d0c8bb3618ecb794935766
:a784ec6b5d1288fb9898a45a423fc013d6652e5d3217af141073c7ea88c43220
:632e6e1a81e96e0ed09300ee81660027a851e251e9c24f702acb1e02b98e07bc
:1438fe3f8a215ea61b4fc88ddaace99148b61800f034076262b896b71fc58a01
:ee1725bec8a2d5971cfeb2274102f3c4d7987130a2df889231c99b94b37f03df
:b572a10a89062ce16228370e3eab50341367a126be746b0e6f155c70a203910c
:0b263eeb0d5fc5862e2799811db05077369e35b59a1b8954e3c443f513193c0f
:f9502c3b57a3ed95bb7ed7a664e6d8e24161eba788174a3923809d071bf7a90a
:13a517f13d736766a9c27c820d0876f0c7285a2e60ad81f10f2c3355e3bde7e8
:c6f733678f7d750ae172dca2a96612439c79db1a288d5455c065190addda88b1
:16021fb06838a601a8f1053862fdadab63b2ec4f118f1f33366a07e40e47cd54
:e4b40e1d8416b15c368390e3be998d78551f247aa81ddd944f9cb2208f921e52
:7a118d15446d288812ee954f116ef8041a4149e5e0f25d976c07e67876c40e41
:b322d929cf3a9fda4845436175b6187614cecbd8e8f3e2a4bf6dcac1d832e897
:a528e49a93eb0f5ea8e322d0bdbdf79b4616dcab870778634998a592ee714745
:b334e8c551536aa8537472076f6697b15cc849d883ff1cade3e76cb7be7b8c9b
:f1469fd5bd76f23bde142480be02fb20b23d43203688c58f767ac303083fb67e
:08a9795a40633c8c364dd49f399f8bd378dfe8de27f0f5831d56e19dc1fe68ca
:40a638365abb198e7981667e656a0245183c8ceb2e392b080384b0c0450fb069
:d7fa3d86a9394c2128853b434abaf976ecf3c07db43156351a16de24913f9884
:7530b9586681bd72767589bb1d474ad6f78539cea1a0b6ffeea203f477279060
:a9b9c85f0930333f052a0c697b512f7b1807b88ae3036659399bc14d56b3a2cf
:3987efa46783c2e7f326ad46095acf6cf0d8c34574c0a4dfec67acb966be997f
:a22bcc31bbf1bbde3ffcde8790f0dfecfc306f68268dd9a1bfbcdb33d2ec69ad
:cdcb638e1663632b5070f643b873b770a21083aa7c1b2a09127bafc617dc17b4
:810a884b6f1480e986702a0795cc4c0935f68688b44283c6070e37d76b579c58
:7323c4eab6871e6e25742cf39a99afcb1739826cf774437c1ed0ad693f50ef58
:4cb0b239b93c6700203506323efe864f46fc6ac49683f3a76734b1ebf1670b6a
:d0c9591f1099ffedd251e37fc7b32149ba53459c3fa938444339e906c6d38722
:6bc087e9c23074191ac86e8c2ea78f11352fb870291f800d03811656d932c729
:e789ecfcb233bfb31dabbce77a6d84771831cfbfb274a000b08f62576750a97b
:61a2edb609024b06877031e67ae81b4d5102f10b910fe4d8b252b94ff1485a35
:3b9c68424c481ae5debdd8a0539c3257400a212d9a368505861067f8ee0309a1
:8f6fba1cb05b3c2cfe09ad0d6056ccc194683989848b0c07367a26c3eec27164
:8eadeaf5470776cbb6c3882c7de8eb3944e5fe39861cfe77721c273c179daf98
:4ebd35c79e4f8419303c0e363230cd03dc015362623a95d904b3e4e0f770a07e
:833826aff9feb4c72c52ea9fa8936201e76b535fbc65f5d7663022d5df46d24b
:5269191d32e75a3e99badd60922e03922524e0a628f4bfd2996274f6b2440c6f
:3b54ab25502cb950e7f82cdd5b4a5cc3ecc04b05448daafa9d2e3c6cc0549e7f
:c5dab7b9c87ee604a5c1a9d5f6bdce5cd1dcb6450ef83a1884d6ef9b68c437f9
:29a78ad3ba6782b575d7d8eaa0dd25881b1513a2ddffb172cbaefbe6b10b2bf7
:d727ec7087179d0f47fb7923045cc17c67c3fdd9572344b5cf5286ee1ffe6d9a
:c8fcc04d05b8788b5c38f7b4a01e90a5828dd5d7d04d16a25eb752f373e13244
:3a2e90904884b26d539f39b5a69a1109c4176e6d46c808d43a9967d0f8c49ac3
:d1de6a25ac2ca9e3199105a56debe41da002726b725c9def2edd924bc5d6d371
:58f4cfde97cdf5a586ae1dc6f95c4ece0098f289dcac6954965d256fb786103a
:3df95faece0bc1615684e9b1d35ff9bcd4553903c12e422c142cb3a0a2dc8c55
:8ba3cf6c9558ae8edbe2d9d785badcc8e092590b0c1381b9f2469c4c38598163
:b1d268e02037ccd3f8cc2d7229f520bc93cd72bbb3587dc49ba71414fbddd541
:491a6e807fcadf6c2cdecee29dbcbb762cc7f6de1caaade035052546ed022175
:723bf27ea1c9d14f18d1b97366ffac1fde04cd7110e3daef243b3b5584db9c17
:631e682efc4d848ab20dc5ac8d728d53d7af153dfa00a618700f5e8d972260e4
:9beee8a37622b7061683b28d308b36ecd6b671c146ab2b78b0c6e4ff78d7fdd9
:022fca539d9b5dabf9eb641f4089b324298115abadfac6d476a4cdc184b9acc2
:a363aecb94e4bdbc9db5c6fc1b4efb8aba73f37add5348fd5edad595281cc338
:00b82c0ed4f1929188c69cf5a6e79e513fa7b8c3fb1139c1bf141248c2d9ae9e
:36c226b78fc4a3b01527aaa92a3c2b1a0ea300d110b1de4dd58f2da18dfe3b8a
:ea3eba6156323f66cc13d3d37f5de1e68defb695d46ba642e801dc2f58d986b6
:661133670d249c5c64b6990b0fb0a3c46d65d7b194b47665877807899b9cd1bc
:846e2e4ff90ac68bd274d0b69d8392966e0e4272aceaddcd125811c7dfc067dd
:c7a061d0768b29f4525f8af27e033dc5e520d09659cf8c26e0813825f54cfaf1
:90ec74d31b08a7175c17ea8ceb2123b551c12d952dd74fd4efcdda17c545aa12
:18f281ad65ba5d1a0ce056fbdfdb07b315d520b899215a2d30660405e2552289
:368153399a7346f767addc6d01baadea1af458887e7a8aa210c0380764025e20
:5dc2751a1e09bdc8cf1de31c0e8730e422db4eb565daf60526a41cce4709497f
:5581ea59e69c869037b42d86ee88ada2cf54cdaf654d0ebdfd3326dcca7f1370
:45d758ad69537e628310a49c77999bb35e1b03dfc5c98b3358f26d7f7addd650
:8c538609d5b5fdef685ae12efcffd834dc32758625418d1cfd56a95db54957c2
:226adff350a08ebf81f905583cdfc3b7c8a11008982f008391f7d620ad387abd
:ffcfd0ae84c9e015ac692b246c5e9f0ec6a0e254372434cabe95abadb761c4d4
:8362da3d66272fd70f0bd8f64bf6bb460d310e7341ffda0c5020afaa9fe5db5b
:e4f1c81bf725bd909f8e737bd455de4b9ba6cb26b10741f9dbff3fd7616c51fa
:05933c568d93212c1371e6c0ee83e55531d0462d9940c8d222b98faf79730c22
:82e9d4f529291c2b5dc02bd4ead623c6d30811452b625ada68901637707c4358
:c927ddaba382f841350649f96e4b6959c324baed1fd86528959565a743386854
:3c7e3a42b33e6c61669b00c5514b9ffd4f1d30082391cc2b91febee11a0ea4b4
:79b5491bbd9573d8c541fdd10af09e320374ee0adbacb5a87dd494c5b8137d81
:8b2a3db081c7b7ae4618e41cd4e7ffab3f9f8bc96a331def0ccf8b84e650d098
:69300ed2df9f2f7a452bcf84d833b25d4edc6a21cf37150a13e50b229f3a40d1
:aaf3fe471bfbb4e8c2ea8a6a7129717b8928b0a0917660ccf4850265459b6a75
:6a6d0528600f0b51f8eeeb61c2b1d05da2a4880bfea6bdccd297612cb52058f0
:7a1db1c102e409dcb69bf8c160bf8e756012047ab607e176f7c6b2bd2fba4b7d
:1d6b9d815c4c655cb2f31bd17ef4c1ef23631a46296c491be8991f633d605ecf
:036a377615bb50c35a7c62ccaca157d4e3902c73236beb04d1d9b5da0d046254
:1a78a30aa20e5803ba2b366701260919decb23954ea68eb17bf472b76273d22c
:b6a111a7470e414540a031ad10ac2934b961f721bde8ae930374ceffdf67fa31
:fb0b5c0b63c2de1dfeaf2986621cb5c73df45ebc79a1b0f47517eb3a3a491156
:02d089ddb98d8c3303f8857d5314d3de163712f37f92f001148477a6d21ecb2f
:732e6e88d90d98b87bb6cc616bc7ffeafa6587ff740cf8220c298e33130ed678
:3be9b8396e2fe85138473d6ec77abc6e14d51bdadea07bfc8e9901328e16932c
:cb42a969410147eeff530dfac72f0c12bcf5158ff788535592166e221ca206de
:35376f301a11c67090cbf5a47dec3c7491eedc884c51cd719cdae0119ea6e86f
:2f2b77d90273f2e75d19c82735a4131d38de87f2a9f0af22744126445715af43
:efbebf320f6e0a742688bca1c07bffe6baea157ff82cf26a172e6ba554c9c07a
:e4e7c128a5c151c717d7631e2b41fcf19ec0b16f8be03cd996aff1a1871465b3
:b25841b986b7f5b453fd4d9c4927645109c56e09e0859c4b066ef9f719c25d41
:445e376cae77b58bec2bd4763744d4725db44bd21895463662259cecfce64d37
:71fc1d39efac04c8d913f15ea8cda9f22cabb7cc1c1f6dcdae243537681a845b
:19125f41526d0700f3bb2ffbe37d48f1f99f41653cf52786a6050f3b1b14034b
:4cc10668a4a2012342b1f95c7c3cba56c86ec6a4af9d89797768097cd336f560
:a76e36e1603543e6f211f6ae29bcd0978c9c40ce02e259cdb72a920bffcaf4c3
:a045f5e40ca7e6d953ad3f051d4bb9b3fc0c5e4f2224487070cac50f3e76123f
:f06255190ed7e6e9ed13a3370ecda1869223599dd2de0cd61b0c82e80fbb84bd
:c258dbd9781a1030a9a24201669f34c6c1729f98b80c173558eafa357d5f07ee
:93d2986bdd6e8198a8722702728cb4bca171aee25f8a3c105b746ccc00b9ef48
:9370b6ab8f101e5a96187d1d758e2599bb6f29b91085054a7db54ca26ccc4e01
:ff7b6f99e16a08f2a2923ccef3ed6061259d83cfa88e564e0be946a762d2898c
:ee74017969e6fb1ca2c3161cd92a007a25e8c737062201d0819c08693835890a
:75c0159da519c36126460c2988f09b9a4ec1a06180d3d25d1239de0a07a56a1f
:1c3f5d27095cbcaca4a60da7ac5ac39cfac74060eef0e1e04b89ea99d4b91f8e
:3390b5c00115f72919d2f0b1fede9f1f47f7fd4b87b2f11fd66f76f2184b82e5
:9b0878e8d73a30233fc8102a9789d9e93c42afef416cb9218d04562068c0a98c
:2823564471ad529b2646f626ad934a3c558fc44d54d9b862c4fc845e225b6663
:b3a269ebf21281469cd06e6972efd236fcd6bdbe753dab780ca35717da472701
:63420a507bda264ef3026adf4dcba190e0ec8373fc00d15938db2ab0de498dbf
:f067490e421cea78edac5c48e81da587bd0fbb0eb443df10f8c4038e04769bd6
:0630464c3593f09aebcb150ea58e9f51a08a7dffa374555b552edaae3f1150a5
:3380c72caf1d1001daa0045b1c19c55cfffee8e305f3297d477be5da7b3c2732
:bccf390fe58416a958881b38fe7228c54ef8a9514af25730d3af8c9d8d31246c
:f0d566b0fe9bd168bbec33064ad25a27dd0acbc7941aaf758a02bb8d1c622047
:8e4c3498e72a41c1f75dcf88b6ea0af96f6b663e972c9d47ec515d0087a643ea
:09f9edbc093f24fae2f005a67fbc0b3e9b1fbb2ce78f575021d7fc53baeaaaa6
:5948842e294156a60520790236348a132bee72a3e6e186e86aff431b60646d59
:938b61c1865a94502bb101baf56615d9223e35c3e6cf4e1956324a509b2a2c79
:06c7f02e4ca5ee9cfbfe4082d2ae434b57f130b07243e072edf90f7f165bb9ba
:14093dec4258cebb920692f78e76a53588a6bca9b0397e9a063617639bae2529
:d73d30feec94769bf81dc9801aafde5525056ff579bf26094f315a6e330d314a
:92a84e16d4b66fbe0ce43afa19baa717293672c98b20b4f0902afaf38331f9da
:dc6aef355b49e4c18a2a0ffd5c0bc28d240b93ff7306a5139299feaf8fd726de
:58660a3903944abd478cbf1569584761f88b47737038db2dbce343a67ff8e1ae
:2ed83b43206ac6aef4ef7050809eda22bd9300a7e0ee81112abb2a1efeeda7a9
:9bd90ec999098b31aead4b6479cecc41e59cb61f5cf28b5511650341ff1c86a4
:89d394d37febdf15ae5ca2eb3c866ca1a7c11c3e73b88f392bb09619d89e3677
:45cb812ffb13f85d6dcfd10ad5157bbcc8c399cb6f6abf6d3807a78486f0f4dd
:d821b7dedc28beb41a32a969451d45b051e2f43d887364865a45ccef17747da4
:2215c09dec60133e0f06df85a750d29e99d0ae7613d5a5bdfb78df42a08aeaae
:f8b45647c95120f9b9ca730c6c833a5bdef52b6520c73b94e302e4e9db9ec2a6
:b0fd15638c76f610893927801fca195b028e68473866025ee8cc09995f4ff0f5
:f070e8bca6f7577d172ba14faca31f93d73aba34c66ea5e04a396c14342aaec1
:b1bdfcfdc625956fd17d24e5c4f502048fcdaf33740561bf5fc5ae82bf180beb
:aa19dc783116d89450a2ee4af6968978a104211d491d6a18a396157ed5f6e326
:7d0cca8c9bfeb1daab766c5d8c85c832b1ba56aebc1ae9badb314668995d9400
:50e22b878c42f7c4d3d8b408eb0ca349232d27c543122eecefa0d0f8176597dd
:eaaf8873ebbbde8f3e108a39a6e708ce28262c618d56c378d1b6ac429e7495ae
:cad02915f3265a42debe28bfa0a5da34633f101d22ff4540c9997e38a3f49655
:e82c4c602259ea53bcd3466aceea0133e1a5d39fb91919c79c38b89fdd6c873b
:07c3b2599d2cdbfcc0acadd60c1d90743035a23d39687b1a04e1172e297c1854
:aca3c2144ff62531147cdb474db7633063b7090eb0cb728a6d911a523bae6597
:4a91c0fa1fbe7599c0562329e895f6f95504c990ab21dac1eacda53ecff90586
:8e4a43af4387e2e7f00cb2fbb1757295804e102357a9b21cb1416558c08d0adc
:2860e7c8103aeebe05c9b3cbf1e8d7eb1f3bd914c0f268c40a5123da4c3dc64a
:ead3e09a87af769b70fd5d80cf59ce506ee87e6eda206200796f2362dd6969b8
:b4dbeb41502038ba88d8f6599ee9d0e79ba3ce512f6cc1ffd52a4d6d19a5a48f
:8cbe25540d71d2c96b60aa1babfdcae0138498cafe9b9b739432379c8ec2059d
:44af5176d7dd07a99979c7166295615d2de4a143f534af0d1b4ba70bad1b466a
:b040142e596778befdc121d8ec24332e64fb8b04710a13c3259aa63c1d07dd41
:55808748781186c9dd3b06ac5ef3d6fb0cb62d19f975bc5d12c4c67bfb2a896b
:5bdabda2fbd123cf4c46e4ef99fb0b84a8c4ec6c72af3804c0047f243992adb8
:adfd75b92b412e8545015ef26c0121129a705db72ffeec088da2e0e2383b21e3
:12d3ddc7aad46f4a3100d76365724a8897d501d1a190e530b55d6def6f1071ed
:430f3249bc8920e124dc118e7d559d5631f2d3a6de5b9de1b729eb10985c4e90
:7ab62bedc50a03e964b4b6d805b29bc75d1afe156b4232c71d99b50577c7f442
:9fa409cd3d28c8741ee2cbd9045e3d3794a64b2d21df6969d150ad651b035d31
:22fdce6fddfb3a6779931e0373a41133bbd9a605f2ba6837d25848bdba751c25
:0a4f0862ab0b52a4c16be10612bdefadc1809b67c4cdac1aec5eecba7ef97ac0
:2f74845d6c363eaf48573586bd64235626748554f072157d04b6d4340315138f
:e1d4eafda333037114e0c841383fa7097e637bba5fc77247aa177c9b1e20051e
:3b45f3cf898b4594eb84695059815bde2fe90bf55c2a9032748591f830e80f7b
:a27301380e4f7cc6fab58f8834ce7c980d5eeb8df073002b9235ee55ab6a77e2
:9ab803d42ca7ea97ba2205d61a40e48301f1d7c11cec83833017a1dfab19de35
:0b6a13b69c15552bb9e8bdd21cfb494b70893c68bdd98c7518286f2cf521d00f
:19f60d0b607225fbd9d605ba68993810f6a76733c5378e9e173a804793bfb9dc
:84506ca5f8436a7c9f3c0782d178acd9af1b6f8feef80ad3e407ed922d490136
:2525ccb8a8c0df1db6c577843a791a302dc04528d6f3186472977425fbbfcece
:456d087b5c518b4f7bc5c5cb4b673c7b1ed6ffdd3c7bee88da7c3bd39ef5a25a
:e80dc3526e557c8a2f3cefe87675cfef9997d2e49a0aba04527bea9b42077876
:1f15d581d9d7f411364fe811ae5545c0f468e3c0a41f347dc29515db42045177
:7454445fc72fde4152f693a458ae86986d9937c21bf3c1d8a3e25b3a21b45b99
:213937c9e710c577d7aebd3035e14d4f2d17eb204a5dcfe43cb8d4a2f7f37705
:e0a1e044bcf7b9d2916f2196a61090c3db3831b0d30597cdd53093f3c735c632
:72ed0fdb59f0daf3cb0268d7bc24214fce7ece67c4d6327049ecf314c81f3f74
:b2b3f268d56a3e350aa550f0ae45d7d640411e501f4ec919f5252d6571d449e0
:6c0d03d1a8f3fef1e5db50659fe089d9563b0f3838e10703c74becd393399199
:ae3f2e93deac340e2bba44cc2b20db5ad3e7d08fda60dc8f4c38e6e9caba2589
:67237cfd7e94f99190c52f1a7b95e7eb953c647a2d651969c1d08a56fe235ae4
:ee9dd00ab2cabf8ee42e724f5643d797b393f80c9879e36ca115b191c5b67a34
:510d6d87f994601ec190bf2f2f74849e5617cc2d779ad408ea6501f5b466b7af
:75f4f63329e859a53173b30fc743d7c830b4296b127ff969b8d6ce30d3c91a9c
:cfb7184fe29f6473067ddcb2f567e1b62d10a162cefbabbfd1e34818039530e8
:961feaf06c3fe3e562eebfea4e8487385558b1eed60baaf75a952f020c0e702a
:6065aa332be6b25bc2fcf6560fe0e97dadd564daa2b873a2055c784204dc7dc5
:8515a7486bf1d2072e82242d5ba48aeaaba4def3189f5128aad2734c6314732c
:0c53a6cf18a854acae5468ead46f6d0fb191f3922ce827235997ace7d0dcbf0a
:1ad726b50c88df14fd8258267969d77bc1089298bf008eda8e24b222b4dca857
:d379fa653d58e4a1901ed763252605a20b2ab7d30d01621e7525f1dbde7a7bfe
:7968d76fb79ff4545ef387dd4b869b4db80d43cafa03235a4b289d058b8b7183
:6ae3b8812ae90a36491aa922963d62663807d72ab3c44276654048f74b046b49
:0b5da52282c56666c7f550d1e2f06f8a1f632bbbae67009393154126f601b3a7
:dcc559c257ca9a15dfef0ef10e381a32f5e4714a91e7ae70a3278f6af03b0ac9
:19eae990d83b764f785960bf20be8aac6d83bf625e8373029856d174b8a559b4
:0c9358abfd717bbf5c75ffdcab34924536ef19de8868bcbcfe083ba0edda62ce
:a10c557437f3fcf343a886a9f894fc08b566de171d5c78fbff00f37761e91521
:87d16ac8f3a7a240f25c42ea2cbe4de66a264ac24aaf5d94f008763c4931a4c9
:fbfb297ac388db876d04e31aa7924d67dcf9032b20a56e46699d669670502908
:ce4caad43eae2041e7ab08de79ad91707df74ba5b36824e8983d3eeeb0080f45
:57c2ef0ed35546e67c416091561fe19dd14ae49ebc41d9f235481d2943d04f68
:a7d4ad6953f8c6d34607971b23065f88c3cf62a60f0625a914d84a1779057361
:6f0d8acbd483326e5d805a37c7c51b91f2cdb919824e00d35805a08394db50b4
:7058734c989c32c35b52d50d5caad2fd8ce307df4e970ab539268b4aa5cbe0f4
:8756074a3d2909d2a4f0f46f499a79c517059e7a0c41366d6b7f9cb07c188512
:0a08706181a3ea7354fa01374b85799bbd624a451f50eff2d00160c89bc8e4f5
:dccdb9a9bb13af42371c874769903b2d09ca559f12d725602f0f06a785a16e46
:5c188c1ff7b0899f99581f372d18533058cdc8e3a2366ce691cc7f761661edd1
:c7d57c266f5d34987c88517ed3120c236c9706bd72cb30d4c62ed599140e7587
:41228709b34fd1bba3c02500476beab50e7950858bfed3306c9bb2e64a8ffc0d
:fa3ebec8e783b522e4d99a804e5f1ef5f786d3234db7d12a06cd23130320a10b
:b9f5c8a314ce7e7990bdb5e2ba10514b750c461ac3d31c542938088813d99c36
:87dbaa13cc11cf5dde900f7dac58454f8bbeb5c9ea7efafc8d2b4194fc20cb34
:6b8ab4cf9409bbe9c32d992b866fee50f938748533b8a99aba09729fc4deb5ae
:c570eab34cd9fd1e80c570668eaedfb8efb94a7d740fb13e13123df574f7e3f4
:b30d608455307741b56bb75e6bfbfef2d3aedc2d2c1ce166f8ee0c0f383db6ef
:9824fa4c5dab8d7502b8aa2a3f2ad845410bdfbb4dda91abfa2cff461122e10e
:4106b1009946e029e441da0d10c087aff500706b7752d41a40230799134274a3
:c781436afec7a880a698b8c18baa12f3a51d6e457eba67eeba645b903d87dcff
:4891cbeee318a5fcb1bcd8585fd4dd0f96e03e00dac15a6a5e81441fe593776d
:6c302d7e2ff65a3195ca9b962a901175bd1a9e29eff4beb8c31a20640c3a194f
:eecc2fbe36729e323cb3f1456da189a2f02ccc7443efcbe9ce4be67b24aa13ac
:f208002ff441177031119bfc3d532bb29c57f903839360c3138e1371257d6083
:359d1e35110d943e908e36595543f1047c31939fc6793973f923df48e8dd1439
:62ee123ec1ebc6e8054262086379b8afdc0f59534307b67838bb460b66ee399a
:dbfe51072e5dae09ab9a5a887731457ce7e9be344fc5c97539a3486e5f899b4b
:2ad5940f6659077df1909ef35d5b097c662f9fb9738f43fbfa2766683b67d0ee
:20c6c772f0481ac1dbfac6289d5cec9d8f98c973f41c2d772175e70dbc5fe02e
:10e0142ef28a85b92b79b5ddf4a4b5ac141b1942015321ae6d6500f94328bcf1
:066ca4b7d0fbe446c0c0fca387016ffedefa85565e56d70f4a570f122edfd079
:b205ac0274f1489a66c11ce71e2b8993da33bd6716126f16c54ba606c8eca947
:88cbdd5eecf255cd735f16de933038a712da0fec0f3a6df95382f2b69ea076f7
:21a6ae6ccb87f37eeaa22df2a7ef1f500504d58be17d8003325312f162322e67
:ccac2fbe6817e90c620f947bd3b53cfb23e2fed4af56a7b7802d3e5d844fc2cf
:071dc22109c1c8ad46b3119596d50cee7e41946763724d2425b264902b5c6363
:f9876bb43cb2d211c00454d8b48ad56a5549daa420f5290e371aefd045a4c307
:6a005618daec67c9b5db7adb771871f37158c9c107fb6406b238bf2e4c68baa2
:fe4987c53b035178708d7d36b817da1216fd0204f5f65d14ad4a5db7096deef0
:071a5305d6a22060469173c51e429c9eb3e644fb396b0fbd4911767a717e88ce
:033fa5b03e0c1444fde328f1725f3525944f50d9a853b03d81e37825d0ec0674
:d679b78a8c7890bc776728f17a9f0993c95354db8187531c292c0d7fc25f27fa
:75ce886cd501ee52029ca1a0aecb5cb9a2a238b0f84f97869ba9cba7d10e51cf
:f2a00a528beff0082557d6b23c7ba71e06cd4943214035d48bd3d164b1da2891
:d9f0b7d63b6720afacc1aa5e1a4956e3e9ea38922505a6644c6a985d63ec84fd
:2a01c9469e25e532c3745390763e7c0d424a8a9928109cdee1a0aafb3e6df568
:18d630cd55c1ce078eef925e3611a826f2c54329a1a99823675fc397e6d0d645
:8dc976657b88bd204948919bffef577f1bf981147e98ac337c3a9cbfe4d3713a
:e5f2a92e15509bcd6cc031202af24cee3595357117561c09e0292bb6d80a2d9c
:70105cc25e460651c4abc3908ac613a9a37503681d9c37e4efc3833e82b61883
:39d5d77670a3dccf61f090e25984c65789044667e17442db8f8355851d54e957
:7ab75116aad1339ce926269a8aa7d2353199c640d2b968f1c68d5489c6a64225
:7d6995bb6abe00518e120541f9b61141be13014869f2d29dae9fd4c1bc3fdf7c
:86ecf55770368594e2b01906daca4dd48d7cb44bcdd4f92f0f65dddb64ad05f7
:5373d4afc05cd0c7d0a720c106d1c803c7a2bbe46184b134f65ce0c499f411ea
:d5a6f2d23420f215ae64a845c6cea12c4dc5bf21d939800609abd863cde21ee7
:401572d861ce3890c6e8a1dcab866b5b33be928415decd18e1e10fdab2a1cfaa
:c092ebad965e590067d9518ee2063d007fa4d8e2605bc7a1344cf7a9180d6c43
:afaf9ff7230328493e400a5963d155deb94dc25e685d662004cf2fdfafe83b7a
:57bace3aa28d513019f68763beae9f8ffc294d14057e489d05425fae4a8025a6
:433b541f3a6811be969b69d6c67d8c3d52626aee1374e51f8a196c5b1d901e77
:1f5a9f097fa4e735fbb5581a501880f45d1957fcd88ef978d660d43fa2f978fc
:7f2697d6220fb0647d9336f35df81e13c011815652e27064a7912baebffebd0c
:97bd0a02693e31f3887d0f5680123c09745dee142569c0b0cb5cedf0a8a7ad59
:5a940d894b0539050bfcfed3925591b02942ad4fa1babfd0f8efd48e37cf3608
:e54620447d5837d2ab4a6cc51c21feb920db54705129aba6b4fbbc9c10462e2c
:c2c7b75239ced22bc165b4a08dbb01d6d3f739d6d7f7bdeaf3b37b7abade4457
:29d0ab308892618c6916fd7bd5f13432c6969018b25c54f32c054295478476ad
:32d49ccaabbff818edaabae470dbe2337d5ffee6a514625e5034b355e466f433
:34b59942b053d5451464f5c03b5b20fb8545aaead41acbb0d15d16de8e1a3eda
:d30abd6aa8bd0549eaec97d5cc3a882488465b8562b9008b7f3e8033f73803fa
:0e3cda08d336249f3ca7767fc3c289b5405cdcb6eee1fc57438564e235eea7f9
:a38da47e49b6abd5f80c994c9a7f34bf6f600e81cb658400e0b1ea75f4a3281b
:4e9786683c109f33100066d4f39d2de39701a164f7a9960459e978c7075b1b71
:d58e4c49ee7067cfd0eaea9248c6b529d5b8f6d19b202b07cb4359102781b41e
:37001b01f34bad4cf9ea54a5524a96ffd01c69863a3ca1d167aa2d93530e289a
:3296b3ea0ee9167b344fa4d1dcc257e951b523ab769776a46b7fc370c34cf895
:d4b15bb3c2bc42c7cedc0d0f8601f8eed9680334d581b591f66ccea505f26242
:1031307a4aa8e6da4df85ffeb5f919efa0b3a83ef1fef7d505f293c6d8be8ac2
:2d02d6e614afc81f5cf04f3d963990ce226bf0ca54aab4475115eded129a1804
:f01bfc79856d5bcd7af14f831d705ee1a496d9c17d7af5f226e06baedaef26a1
:42a5000102c8cca3eca52bf8e9daf3b876e16cb7657b55de7741910c0fb1f31c
:4faa4f180659e529e20432129ed7a097c91340411e1ab696c96e9d822027adae
:266c9304c34313daf52ae24c160e9f1eaec1f93948b18a889af2d7a28c13ac5d
:bbb1d8362265fcae83b9e0f0fef6293482f321faad867ad349f11d4a7390e636
:7a12d96a3b7a76bd372a6493733a3613ecb2465431e9cc06fa737d1c54d2527b
:b02520db57736c0cbecf560816382e80c66607c2559753172fb0686c76de4b52
:c9854eec352d531b415e0a79fcc5e6d51d27be0bf661ad965ebc97d3a88ecd17
:610cf76a6ed2e1c1a9b77bb7cbd8082459a4c77c7c6ad460df13e51b89d4f2be
:03f902a9a46b8a81d93351dfe68e9f639c714eef4dd24bb4ae47ed6108fc2f3a
:e973cf7cae3de00caae9420cbedb6b8dddae3dc3c3a6bd65f25ca16f7dce81f5
:4ee3a6697388cb5623ae22921bed3013d6de1001a7e36414b41cf5db7de82a49
:6746b82e4ed8416606315415357b8ad3a0f8ae3baa7fbf6a9e80c94454cc3b2f
:4d4b16554ca7200bd544e6d27e668142f6079546cb1e593e649fa9419fb8e7c1
:c730784f3872a4fb79bc5759525848a4e98f879deae3e68436af9cd495afd896
:2c265fa48039bae68582678ca6121a1ac65fba167b44f25cde37295ceb8ba93c
:7ca018d1820decf921e98814db281e84f3a0375f26bada0791610f2f25015d4f
:c5b60ab85232ff50339cbedd87fb751c35f61c5507b5ec5b43b6eede24a9a3f5
:9a8f230fdb8f695ac3f0e4b71779eda0aae4c9166be59cbbd7e4ab42e8a0be19
:c52d873079286845c2bb4c16c38261aafab36853ec11f6c5d57d10e9b753ce06
:45fd5729310a20e12dac0c1eb6440ecc722071a6f78b32130b4f8b2d8209ccfb
:d21f79216db497ffb5790297dd6ad283b328d0293279b801f5aee2e8ccbaa238
:8330e8593115db7cd3561101a8be220a00bd58bc110b5c5f27af5939d0067a89
:d2146a97f0248502825607e382ea80e5cf1617da6d31147604c0617899162b5b
:79218db4956da94e739563dd0f2f3cd07b031f6f8b9f664dfeb400feaf740fec
:9a03c6cf8fa6f83bf9f4ea97cb0620ea5d26cf331ddf3f214419ebad31ad8721
:76a8ffaffe65f79720c34e2e98ed46244f1ead46ddd58519dd87a33a802790b7
:28b14cece3783dba7d8b254fb0f49c79b840d487f90a417c06bdb42830b67a1b
:71fe29a236bb33b724fe543b188410e107bbbb0911ee7f5b41ce9367a86ea137
:d68b15d01a71abb5915b77b5dbd032f738fcc37a51db825a88606a2efd41645a
:5a6480300e79f3441ff27e77e5b5559bff9124214b359d0e412c2d47fa625aef
:2300864945c7be9f363c7b223396083635589b888b3566c4061e4708d92fd28d
:f780249e586435b0a388aa7b79eb9592521df65f759277289490a43ee4ab74ec
:ecfea9f0d236abc85d0d98f2b38e53f41c4e2716d4dd7342280d094cd29ad410
:2484717f84274cc834006a3a5a5d0361354cc5c3ef1f17cf6d7b9265f4af2b0b
:6be5e8efddd534f3380ae0cadb43aeeae36aabc3beba1e3f28f8b7191dd9d2a0
:87485ff3ab378d68e6cc7f1cede51679bf4e7c821263f8a48ce5e8431dc4c41d
:eca3fb69c4b0de0b1812ba3fd0c43bbc1684f17ec9ca1ff4dad71bcce36894e6
:9d808221aaa8c223bb818f7be79b363c6aee16655fd4ff84c22fa4a5edf763d0
:9197128536b9be581ee69bcf20492c5b826a8cfb31557386671af644d7aae627
:0d585e50da1e3dc39d321532307f624e08c21a275a8f209a6538a4d86dc22f59
:faeb84105664743112da0bbdb2f8676a6a1a2e49c8b26eee2b6265f9f77b8e46
:07329f72bc58aa18303fad0f4378676a9f1c92d475ae3370f5da0b25ba66e684
:4ac827e6e988c70cb261a395b963740199b0204c4a18bfe80afb1f0067cb30c6
:709a230c5b6f791138d3f37c73ce9037bfd3f96d93922f31a9c5f2e5f76fef22
:1200233b7e1e9e056f16c6b1ab47bb21ad61de0371c44733afbf1d4efda63a8b
:22226fa5db599f5c09f23ea119284cc61ff83ef3e28bd6505c90ecafbb1611ad
:7a965d8914814315c14abd677a78fa78b0494b3a40b5b9653f975f3dd5e7badc
:dc93ee37110889d870903f59d722c390eabc45c7031ed6b5a48100340ea5f97a
:c0671fd42237ed5a101ce57cbe2904c7c5d91745023c463406ea5a8ff0e28cb7
:ed4c4e28bf732e0d7a8a5fc066563f8e6509f9d48103e2ae1a00839ede417d34
:58ad28bd2a49004c3fbe3d84c9ad82c9c4d7ab56d4986ee24b29bd09bedc0805
:95e082ee0bcc1532f16a990b6c78fb0e53cba7604124f4757f0ead61bd7047d3
:77c184e8052dd8d0a6971bb5b93eb9096ba774c68ed5a89cb9b2772b26568af1
:85e99c39ddfb5d4c7730d9d7fed7a6c18d9c46b05b09bfef30f0175720a9ea50
:71053e106e27df48d7bc2ae91eec2450506859f560d7a49e0026c26328ba4bdf
:8a3b577da2cfe8aa9ce739bda411abf07f61d5026548f56b5fc13010ee7b49ce
:21df1686dc4d735857f0c20451f3f29bf49f9f8add24ede220d58c9bac7e3f2b
:ae2907341fba469a9e7f27623284f15154c1bbb20ec4b7a48da852abb3750967
:7400f0920455b5a583a14788f64b1ea4e418e41e2f47edb6827e0abd52954cf1
:7c1d28f194f9736ace33fc3ee9607888330dc48ad980988c2b6ae6a4ddcd0e40
:87b24fadcc2b4f6d2411a9da0f5fef86cfe850e48f124cb2c4c5d3f745fd95fd
:c54a9381db5b20926495b65f6909ffe2a7f2244e2153855f52ff4cdcd06724be
:260e1b182ce8d0499c175dd5b1425755989ebd50f329da16ab83ecd9e5eea0aa
:6ef292ff321b97fe2064ba229ad945b33ce9a9ce398ac4ed25e55c38665abc76
:a905390fc1be1f0fa32083b11c3523a9f8bdb899aec5ed05ec9d6b14c1a667e2
:09afca1eb622c045a2279cf89ea3bcc84c839aac4593958c86f6a6d1db3e7bf4
:6daeab9ffef3e0a25770674527969d09f7cec9f8b426aa71cac29bf4b8aecced
:53071524eba327aa46b92fac91cb6f73876ae3c62762d31ee67cb94b7b09a3c9
:6ba9dc905278e617268af5ced3948159b1393ef54d9378fb53f73f3c61c07286
:040ff6be62b3bbaebd42b8bc2d3c300e626acfb25943df9b17cf23d17e99ee64
:433dfadf3b5f6c0c013711f27f4abe84c9ba345fc102244a8b95976b37900ab6
:afdedf8113d9007f18131ae777d2c2cd697130c086498d29818ee4ec00b4b4f5
:1cbe37763aec868868eaf4d871420f8f38a6be93fad17dbf117d5dabe681fbc4
:4d4068fe0acbeb6e7bd1c3c2de8483aaea57d204129a2b471173cb9318a44c54
:20a25278440c9d7d93b80e6cbf3279d44a5fadadc0214cc48b747f097a44a083
:22fbfa3992ecc4ee698064cdc16736a8f8766cd96a75f1116219745451abdcd8
:00256622c247b75ce08aa1d2600d6565935e5df170795176fcc520f27831b5ed
:508b16ceb5217560563330214ef8c2b1acfa0341e92be99505fcf0d64655fbd1
:5c311b1958adf89216ff830993581f557ad67e5865f09fb30812dc54e88e37d7
:a3d4a43251ac01e17fe8d31e046cfbb95a135c2817792642ce2df8d77be325a7
:1727a181c40aa7761bffd8920217243998741a1d6e7eed0aabc8fa6340f19c36
:ec7c0a86d64de2bc4949299c2e0afeb1c065c185454541ee22d13605d1dbf462
:b7f5621aebed8ca2ced7cf9a08eb0e19d965cc0c76d4e76a359bc147889c2f29
:e7bd55af751843be61203a2273af523fa743ffdb92cd765a80ebcf7f82283938
:cf27ff2e64d3336bdaaee1b09ef519f1bd43e9f42b8ce8f4c8b007586c92bf87
:08b1b18d7e20c96492001c105422c147b96c22703eb099c223c8d21f5c54f94e
:e8b7d58b808258beee4cddf5e4783ee64624af0ff6479c6114a4d7aaf3be6050
:203d6531ba4a92ee5146dd2b3f53cb21017bd593c1e6716fb44a8c13cdbbdb1a
:7d48a1a1962c78f92156881b5c296544d99e529a0b1b18ea94bf89304225f548
:8882cb25e71893011b9ebf8fb962802ce52f8e1891d54780cfdd272926ff8f75
:df75d9bb7d161c15f2bfa2409e9ec84cb0828c7434998447b901c9da20e25a85
:d0b7514347826ca432fdc24cece9c0c496f39eee2373a005216ad3c2bd8ab1a2
:0d93caafe836711b780b98562717bdd8c22059fc1de7f70dcc6b210d7a26e339
:87876464bc9a5c3437dd157248109e180a2df33d06a7b85f5e3ce027c827d93f
:d833b7797412dfbc236ed63bd31d9463caaea9d5a160e9b9a27876881c695498
:f923439065378f86a4cc906cbcf6fe08cbb57efece508aeccae0735b327080c6
:d6be2951c168163f24c0fa8fa70fbad8c9341045f9dc4fa61971ab584894f548
:f3c160dff48776fe3fb1ef3fbe379d024bf0519a680a2ebce26a24020fa4c0ab
:17902e4918b0c038d5f93050b2bae9d42cec3920ac97be6b327d06153ef4516b
:dd33ea6a9661c9be3e6913ecadcf4266f163c32691b0151c875ab6595d05c033
:c2556f601818df8bede614f7088ae172e7392dd385b83c35ddc0fae5f1aa4f99
:033e5c9981e5462aa4ba9e78c90603b5babab4b5ce1432e9fafe0389825a1483
:c1a156738460324608a480112baa3eb423ec34db59fbf7a593dcc2c5d71f404b
:6885603999086dd27f88607607463bb8a3f0952d79a401f20a854f642e55a82b
:48e3877ad2e943c1ebc173314874eb8469475201c08ce3a2a8a83c641206984e
:d7e956352d3181a6ca9103d763d9b1e8e7ad97a1f3714f4a9e20be7dc824f621
:122d565f3c91841f68e8bc2d07072ecac43cf77e3081677bb70ac5638915d9c6
:f59e6f4bb322b917a969e1aa2db06bacf454356b3052e24311f98ad82d88d50a
:7c266f8764f1f5a03c91be3d8a3719ef60652da305be9b8c064fa884ed75049c
:4adb3b2e1a6ad2ee3f7030364f02a8a27c3364546858fe690b942d11d9be3ab4
:142a9a73ca109a03ede5c62b0734ade65c015f9559eeae7e8c4991d86d7b5cac
:8ae7ac2544134613466e4f3fee5de24457ae1b7379b91c91c86a1007f86993da
:38ec17a8f32f872834cfd885ba6a9f35b4947eeb9143b724ce2fbe1e20b1ee4f
:e24b196c37d31dbab80ed28f0ecc9add270b60cf8e28ef90ecae8d9839cc6272
:559eb92c479051780174d9c7c3cc32af6c36deea9745bb781ed2ff047622afda
:d9db39451348524413d3441ff7444ec023c2b35eb550d80f3f09d4403ae650ca
:b6a90cc9f1ae908fbaf24d6cdc13591c5deecc9fd571686f857a3386ac7de3d4
:f1fa802689858c91697667531bab2ebadd9f0e198884fc54a763d5276163540c
:a61970079cf6e1b6d2f7e0eade15e4b9a8c70ccf2ddd01b5daf5ef8c1055dc7d
:2c2cc1b9aec7d0d7a73ffecf91fda62150e6930d705ca563ecfb2af6aa7e2d0d
:7f39becd2344453754c75552e865b47fcea2c8aa8066d1c83faeaf95a57c9dc3
:36ef12440a366b77082b4400806da08e73800ba33b4c0bee71f2cfdcfe5962a2
:4fe4d0f6c62ac3d33268be4bd4b472dd908ce9cdab116feda5b4f8089e7b146e
:40cf7fb8810e57f1d331cb24ba0a92ad364b225d96aa56e3f0c5a8ff51810c6f
:202300910956185941f39edcc285eedd302fe4d0f99680918773386ba413b9ad
:f0c9165308e3a8ada16741c0ab967d16feb2ae54af9cb7cc6c90bd3802478787
:e81b23f43ffa3a9356553ea9754c87c1ba3bd75b5a1d98116a088860d5b9adc7
:368ea5f885de451bfcd2f316549f80682bc1b18aed502241aa2a785b1b80a12b
:db9962df656ece0613cded0c10ad3ebf78f7babdc0dafab5e1d49a0324f6a7a5
:333125fb297bba448980fd6774f5fcdccebe4810dc548e302a8cf2f9ff043b54
:ae0943fefa0b18721ef5eac25e3578c3e11311f06a62c1e6b2054c9f8b6cb35e
:a4f3626f8bc685e9f938238eb9b1ddccc469251a93bac54e68ea0afdbdf3eccb
:994e67638a82964b7e8b845060df8440e81b3eb86ac6576f445a5564b533f5a2
:5c978ae490257f22408cdb2eae7025e2f0329cffd1f7804524c26a5a1092eb4b
:f9c976bec912bc7b9139b8b9c06bda8ad30cc28fd77db1d4a18dd61e1d5b164b
:68b4b803e6c219495998f21147e11fbc48fa273cff771fddb4a8d8dc85d13c1b
:5a24a3dc53c1cd6c2cdf2ac222945f1f8bcd6671a5e9d8e77fe465bb020561a1
:2d7aad2aeb15e79b75bd4497e3ff9aa100c14aa12a228fb5022e61bed0db6fc8
:a425f1de56c24fa7e62993bbed8f3c12a39acc3ff333d0339f3b819b9ce514d0
:25e957ffb1f87c09a130b48e3dc58a4fcaa7e2de2b780b46954048e12dd1b81a
:588d3b3206c7ec7f3791996f6c5fedeb84a735da9c0e5d8f372dc57d4b8bb6c7
:791d76a651a1c153251f5f38687d6395540781c7253a3d2f318be9359243591d
:b2769b76d327eba5cbfef5b016025f9cc6107bd5720deb55f1ac1b591e4e88ec
:0f1d3792d06bd5189bccfcf7474ce8e4351b86434f7110bc7fc2b8efb10762b0
:a1945fdb5450aba693ed9a83ab34b3b0f896d629f9965c6c35312cc29cae4647
:749ef5514a6adcfe0765bc43f63c98e20d8d7ea96c9e613fdcf1cdbc8c5eb638
:c1c0a387973d221befcefb36ca8e6110f42add7f8ffbe1a2eee22a2093009f91
:70ff85f747c55fedc7dbca7bc20ca4b20a53c612d1702d6c3797fb18c40d2121
:268664f23e2606c5db0a9407b5abe74788390a1ff86aa1950f33cc7087d8aefb
:93cab4676eefd7dc3e5fc5d98178174b156deb98a380381f400cdb03bcbc10ae
:f3a20c524f68b6feacddd55783950639cc4bb4dff036517e5098e22072267912
:e3057e2a493d9cf075805087eeaba846ff990d988af33762cb05e499b53c7f26
:613618ae37513f1150edbcd3ea45b8c858459241d0a83b1237445863368840db
:6b0b27d965293563ff3c9abd87e3937f973c1e1cc7bd6627a5b2230b009a8503
:28548f520e083ad49aa61954cc40772b68aaa6523cc2259125e2565b821758fa
:22b5e526f17a37a5f1b2f787afed4956d34cb57d816ad897a9d943beb9bc4fd4
:7bb538b9c4ba7ac1c9b0eb2e1343b3559df7f7d9507e742f1781d1b6cccd53cb
:d0027664c16d8eb070c4ac8b9ccb05caf384dd82e056c89108c7f71f576d97af
:5576fd96c3323bbc30ff29e7dbf4905cdee03256dd1d08daa054e7ede9a9dc9c
:3a1ce87d48d844b9ffdde8fd1f0e32a8af1ca89628aa5e15a1359999f6f98b0a
:b83329b056bd9c277cbd40d8719f8f6ad6dc30cf2f2ce875cea3415d9e735d01
:a605883b6509b77395320e06ba73569ca871b107d7181ad51041c7194be4b845
:17a76b42fd61ea1b187fa83c6148a879af4e6c5d800c09031fba0bd1a2040687
:c8c44363085c9fdd32760dce30e37d4f04a8f9c2fbe780e3c41919e069fdbce7
:046f40fd096e97849ba2be4516b2d8fd879a268ad0488b603c727241eaa27fee
:7b5c8724c1f3286c689839ba95b5258bf91c1ba72f650fea39baeae2ac4c1a48
:a036cf966b04a211f4d6c036d57ffffd356b5ed1f201e6cbe5f5ad67f80a3ddb
:3a69833e2ae950edb62c7fe20d05f4669b3de4a0452fdb0abe38eae8507693cf
:2bd5d6f2f24d6852d886d5829128a5a47ff7c75ab271289618e581bc6a44138a
:07898a6a479237d3c0c06b90a0c0de73a1d49568550b8ac4fb1e3acc41c10b00
:aaeeb524e4fc43addf656ac5a00ea204645a983eb6691abf2a3229fe82107830
:73dbb0bdbf87b184c31efc3e5f037eebd1f6d8f724497d0d19fc1434be04cfa0
:d17e3e378b5d70942edb61f1a210af2aa5c7c6e276467cebd59ec1a200223949
:8ce1b5e41abab39ca4fb479141021ea6073c1115a9fdd7ea816e87b32228e6ff
:86c14e40a0119646ff1770211e4dcd9c36796f40a0d7f2175865771dcd3fe528
:8cb09fcd4b51dc073fba976e3c51f7a7c5d6f711ec0eb4d8fae6171ec6b98683
:9ee99a46a4033b7437fab07b9b42de5d988f1d951806fd14646dc00f275d711c
:a5af67778488c1b7c56f65d3a1776ab4f2e0af69e5d8f06c00ea0f1523c9182d
:3f85adb01e044f4979850437e79c7ce09d246b86227975212d85d1c6bfbda4bf
:05bba8afe6cb846c80d76840a844f7e9a0a908cfad92d4a62b6dcb37f777d2f0
:d73d34f9e1105b56746c1cbe37697b8a9d5b51125cd38c7e3dce6b88cf6aa4f7
:e9e381f6ab9e01e2df96107111b08a74d6f925605e684276d29ab91928357439
:6a2e5bee457c8516cd285d1b8e3a047d51ccf554e4cdf70e5d3cfd4b4c19fbbe
:f2677f95384e4fc0ed83385b8308d5a6b53a71015009113abfc1f388792c0ab6
:18381407e3d89f77f9a3ef6175f778d2fb9ed17df8ea92e6bfa253b34f1fc423
:53fd6821ea1a62d09e0486d5045b48772838ad1360fc884ac159f41b4a9a1444
:d58d0efa366f42bb85dcec0e35ff100e4fc6c5af6258de583fce3d193a158a1d
:a9ad35c139da815a2c4c7e58091fcc6b31d7f0db30de7bcaa6e964fb6f8fec39
:c35f3fc7efec645967f6ef4be312fb5d6509a2d43db5e2d78a9b8ed39c984732
:93be2d758a4b96493d73435659442a6cb462d5c84a328a9b586796349f2ee5c9
:f354ab3c428bc1b0a4790e299ead770d0e02391b2e96df4389a640531061f96d
:b07f55d2510eda178a109a7ca9c360f979e10eb4e6c99784ab40204ec52d96f5
:5d9dc02cd9264b8d0b9207fdf88b46870b98c330bce7f4966c3ff1625c243708
:00cd360cf4a2b0919e093860e2c96b18593f94fc801788f9fc68b014ff87b104
:6023e421f484cf4dbaaf01384a1eeff085a813b66a49eeb74a41dfcb6e49559d
:420794a7f58bf189f1232c7311910de552f259cf618a434c7f9354855e539bff
:325bc9505c3e5421156a4cf4d7f695361ba2c5248c9a02bf867b7a4377f6f328
:4b8d1bd683c4a56f60476193629eb5a15eb2ee128fb72ed42320e6ffadeee7f1
:7c7b8bfe0f41029222e4dbb54cb397fe91058555b3bea7ec428930529d512c40
:e2bcf9f215ce6634f084cd11b87b94fc3d3981ee829200059396ed07c3d47aa9
:e60c9f214626408803892d1a84f3a5a626c05c1433004d51b22754631116583f
:9509c8ac4e260b6ac0ca9da4ab34cb6d606a08f996b6a7073bdf6987ba707f08
:a703c45ac97751f5a68c9b28a83f57403df8d64bff99f1a558050df59d5de672
:ed4f1b336af3efbfb3974919f9b7849b45690edb1f9bf56314ce38a184b845d1
:396b4158141e8c29135a44817e3c7d3647388b89e84ff641360a38866ec34c6a
:ff325571151f10996295ba9f6246c3dbd1c20d02032badc59a32fa56ce6a1dc9
:a3edd604a48c6996acb79aa038b757698190787f78a8b758691a127d39044dfe
:8cd4e11906f9749dea74184f46d79ce869bd525f651f3b07835f0bb13b47b6f6
:5e2f029c13dcababe745dbf1921c2104840c79f5e014487e14df097da9bf0a07
:218f07195085d6f7e0fd798e5221d1b22bdd725e897edb4251c3b5c43a8576d4
:4910f7b31aab3a23a895f8ea06ad1345581ad774811e4238531c230ed7763d58
:72df8d65f5bb4081ff831bdc9791d09fea4c9596fb2542988d8baca7d71dcace
:f82a65d5334e9afae25408d6779d39b561f36b4141d27223f3373dde0a7d5f22
:97f78ca9fc3c58e9ec8c60c9720ee248539eab92196cb9063123480abc52c0ff
:edbc65ac22525f1f1416e0b9d24fd02dc1d683842343f669d500bb9005576fde
:f9c48788b9d5d2aa966c2c73cd1204d97501cc07ec25ccab4130a4a7ff6af620
:e2f3bd122f0fdb8e0f33c784164908a446adb2c7d2da6c045004d9afd28ec0aa
:6269773de1d7c34c4e7d74183523a63235e8de2e02230e0685efac4c5a56bfe3
:987e0d8b4935acfe3aa98d1b9ab35c2b6fdacd30916d0478e24783151bfe56fe
:2b28e443ba32be763973a19e12453dd28a717db1cc7bfc528f1857ab7c712b9f
:ffd1bbdd5aa546690798d579d511923c008200253103db1c7c768a704e88632a
:6c5e88ff68d4d33f36e74851ffaf1e553ebd4d7fa29ee72b05930f845a85ad00
:15af3100d1da67eacc4d36695a32c50767d8b9c8d08ca963032561243018bedb
:ba2de53195dbb23562338e41ac1428fdea8617d994b79cbd40e595618d721f28
:cbdf78ab8870afa5c522b717763a87f5aefad1292dafe8ed2bbb80a2d5f171e2
:a7f7660d4d5e1299c8cda2d8c93ead34fbda112c83f45a99e468afaa389ad485
:1cd22576fb4d3d91d41ce961a3cc5baf9265cdc7b6428ccce7c3b3fbaef5b6bd
:6a3a53ca5eb068de1d5e68080f7de200c0c556b2020e0c3883c0514b989dbe59
:81f2f63f5e173df9ef0c34f108a50acdbc40567e9a3cb277f72de1aba477ddca
:351a81f092ac79cba8bee2efdc0529e387c6fdfde3d4a74306533f9305ae6a7f
:033b3880dffcf1a9764946ff7b9506ce1389be695537f3af116a0e4fb5f55db7
:06c7484338bc9faa61700aa29ae1fc45ca8033aa5bb2db2f956f34467b7aa930
:805236777184dbd2b31f23f761f2e42db3b8b00896b1485b153f8fcf56559bfd
:a6cdfa40f5561439d4a67356e81dd2c6621628d087e7639a9dadede400e94cb2
:5b10a17d41dfe19618a2229d6d70497ccd2a76d0297983cf803e4a6173d82296
:185024143573067b83ac930d6d0d60f6955d7dbc7ba9d211a33801a4f1a1bac6
:1f68cad4d19de3c2aa034545a4e90035eafad741956bbc90ae9ce9b873f82997
:9583d1e354258a9c151cbd50e0cd5d8af844ae9d80e167f4a2b57c7b0bfea7c2
:b7b24d5f7a346a2f586bcab3f3cbe6292918ebf12dd9bd15b45c08ee2d314bc5
:5c2e8ef3a7d648f1c566cd7d94f079cc3934e0f2036265d3523ec3ef89182440
:efd724a24d6e5b6e7639cbe72afc6acccbd34df1d7720af15ccbe85e478858a3
:69617d9b69e0745dba4eb97ff53e424c7e13a4f865a582f5a0fb1ce989ee5e16
:7fcc17665961c5cb7044c343dd053f57158b997a3abe3499594392ca2848d11e
:6526b0ebe6725acb088fa7a5c2103a9319d83f8bb11dcd64e03b0794667251d1
:51d1c1eddfdcb377f771c5038b732d84e4aad744cb7cdb2df11b263276a44a0c
:a70b820203be22551a70385e011b17614db077b5ccfe125144477389289700d0
:0540ff56d3b412280513955e4403043924016f925c071ef6f2fa016ef03a8ee9
:7f184863c3d9b0e2597005f319c771b43a1b92ee4dff2705c08582c4f5651973
:ef4525555a56cc5cf034b5f6ae2e5aa4249f20dbff5d24b76fb3159a61f50edc
:711d013e4e39028d6508eeead7ff958c9e586c0d3739ee7d0cd69fbe6d38aca7
:31719c35276a5c3e58169b9256fb1e91cfb2964cfc69d9e8187b090ce0a01cfd
:4007306823133f517263e718f1b6f785a3e03025dba49b9f7a69b6c4be688c34
:d64d654087093422fdc52071032cc953c9533a376c3a114a908a9abb0571619e
:b9dac26c02d1db7fec689edaa4308b64b761daab8c1a891ee85b40c4a764754a
:18ad5e173e3bdaf97044423133b3cb9cd7d55749dbb94262fa3b109f35c0c747
:3727360ba282bb31e7f50fa70fb14939542c654ddd4411f9cc6bae185309c377
:f946c940e1496ca0d3226644b060afff7d266b80fe8934cf4a204376e2171193
:a5de037487876112b6c19f3c66bf6c035b92fa2e7670db1a0f6eebe6bfeb1111
:88d506f26a6f4da3fe7f2f2746dda35e92b5a3448a869eff8052eca813587b08
:c773c6712de94785ef2c44d3823534298b23c1bf09a01c25460e5f7155713f69
:e0da94a3d179aad4b87677a65e5a4cefcae83dba88aec1df58dafb27267c9baa
:908cf54469f482e589195160365b8ffb4957b26b71fe09500068d0c11ea8648a
:3cf05687ab7fff57d0217ff2259a8a201f488ca91423a77fde9c626ef2113651
:955c7c41b1836e53d7090cb516d39ed44bef1ab0c67643268eac75b03a780b6c
:d4079a2b6d63e72589dcaaf18a44bd41aa132c32a7f2b4e7079da8b332c176d1
:f36839151b2667193d4f53aad3640a819fddf9364348958aa6599044e0ea7c07
:32290ddf7fecfc794e841c4d69d7d898332a3e4a0bd1e05730897a60f0ea24b7
:097e23340c2ef22dc04529f665a2cc04b4f9200dbd2733546929f306a70bd77f
:ad4040cf3df4dea6de77dec9b071e9c0d053909e2e279090a8b757707eec92aa
:dc92487dd69f96ab1fe534131a5372128759a05c52a31386654b8b9b699b2210
:92532736518884fa864518897ab8505b9d061629425a3e6d0c5082660456418c
:4c4f3629647d70fec68c2541c9ac1be2990fc60ab69767eaf45f6237f686c653
:96fb09508f16927878daa67a9679e88fba2a17661763f0b6f757805efc1434e9
:8bec39b7c1b75a8e49514175595f4936fb56756b3a180bf95517c3d5852ebc3d
:6c4c5d7df310960f38a16f5f66f5b34268ef870913b8f3666d6b290bde55e23a
:f97bde5e9022c12bc9d7b7ba400c48b53a0f01f81a807ae0eaee70f588730d49
:97e987f5561d3bfae765f372c5539f1d1f5ce14cf101bb1c16935f67bcc42497
:284b98afee534c6b2e9a803f283d2f8ef4d08cac0d1c5f6e554fa59654c5b823
:84e45250e035bdc622341c0dc9cdf20ef3bf62f59b13732b88f17768c99bd60a
:3525b711e7f6f2b439401daf3429b7f6b56b1b30be19d55fe2df4eff783d97ce
:8fa7019eb635c370d293ef57f442ccf90a55cb78cf13eefd336668fecbb3f1cb
:fced1b95d8375678cf4547e8f21a3a7193c92a053747fad23a7977ec69a4b4d8
:97015282d6490807c5b477db1940c6fd2a70db5edb1ef2d4b55bcbed0c0dad02
:c31bb73fa88c0dd38ce77e55e92995f8fb2fd9fa1aec4b55f30202529944adb8
:9982bf3098cb81ae86b5dbe82f568aa85129ed08af1d7678ed1f5796a1a56f28
:c3a83a097a668a22d1bd69f6edb966da5279ae3cee0169f3d9f1933b7117af17
:c1a85d573f70d9152c3cbaec94cd81844cfaf8d663cc475997207fdc44f5b231
:67e0f260ab256ef5e3fce009fb0b1e9d8912b97553fc415f09c421b81fcf9d55
:9847b8896947a5e3beca69e25dee56b15ae9a8e1ff26e0c6200f1fc24cdaafcc
:e0c38cf6a542b3781db0adcfccb4cfd4adb326078d2cbef5191441f90dfdd63c
:9bca5630e31c361231b1c6776f0e5441fe5150ff88398a3914f8d011647dbd5e
:1129067450255845c25cd6acc41a2cdf8eb2797500c60d3c239471a8d057817f
:78b8da2a4d97411fb7037721c29dc03b9b3b207d16d7ba63aa1d708ca5f39d21
:1ebce2eb92f85d99c08bb972d6d9e5a075e0c4db33dff53c9761f386a24f0412
:2cf4968963f2b7724fefdf92d291ffacb6c2c290b7130b9a841c5c00fc58ddc0
:4919a021a6bc3a8188e85995998e87949c118d01e8d982c9d9b5e050cb6485fb
:8f4b6c62aeddab3a970adb99ed88755e07744817fbed9e70d2be143ddd9e6ae9
:3b2c74a5018e8ace81ac34efba7b8f762a745fb88c3f60f6567a277087e44aa2
:27037ae2bbb0f82c6a565189c7c07b502cc0b104aaeecf1ecee5e89285b64c18
:88f7869a96551b8e0bdfb89e108c0a0281477b38bc9edb7cde5cd35fa4404082
:c9be48054d08490e5b0095a7c44d6e53bfaaee0ab453fa9527917b54993c3b2e
:2712993836e39fd0c975a5ebb2594ab5e58476de181b3460df03e5f9335e950d
:72cc48a068b53a1c478fc6facc2b10cd3375254be972e06dc0a0a41c2984ff87
:fda602936d42706835f27a8ef03556627980d7f2461ba34f6c238c0d5cfd8dfe
:0e2a26d1de8d9e9d5cefc7ec0fad711187af6ebfec2a465bb0ece543d12c89c5
:2759f7c5b15a597e6e4caa98df14b110f5aa8ef26c4c1e9ad64b7e7fd1010f31
:0ebd90c8109414a9e25ab82ac9ba0fd48b662fde1b7f235ee8f2f3b7ace44d77
:fc75fdb94e71fa661d6f64c677fcd9e7e49021f5ac38c702b9dc33ae690a3a9d
:3f9fcff8e6bf75e81b1c27de29ad7f0a6c4e956695fdc91cbedda8485df93d08
:a1dd632288a3a95d4ddb903aaa3f03b50662862c06d476b3229bac9dc8a2967b
:abf41d6881c9bfae7f4dcb3ca8da59f031f780c51b137c0c6256584da3d9bcfe
:3d0add10dc9d9d98f832f52065129ef047aa9f7ca383a37f37a7067cabba2837
:7c374d6e85e2794a36d945e231194ad4c9e10a27060db4c1407236bf46de2232
:c0907a07c7c26bad9547fc051572974db6c9b9b49dc3e934b4acb71eb2d8354b
:8d8d99aed9f299b62c334195c678a6a2ac031b0e4a3bf180937d79a2380fa83a
:acb2fd90d65572b830c842a28f7af77ace0ef72e38da0fdc0cbb6708c2f43a97
:fe432dc8ba15c45ac06c8afac2147ef47c3366411437499c716a4e2f7935726b
:1ae1e2f806dda69d7518c5afbb338e6a53c42de99d28765e91a50e9aea2bd3d0
:8509a4b1ed96f2311f80423a2b77106a9be274925d0f46d0f8dd4e957b7ff017
:ffac48150050105f76626d8a19df986653ff832eb8ebc8baae1e207cc31fbf5c
:a230e434cd59af8f1ecb09ec80c7a0f3d47f9f015a432a17b0671dc49a978953
:94910d96993d1d2fbae8fa1fc183ab48d0d55a0e240570a551b9621f8ccf6da3
:7a109d57dc259bc5b9e5751d6b6c8b2fc2e679c3bae9b6a8b7dfb96b962ffc17
:9b797807430d465e29ce4e09d56750ecfe3f4f2b63e1632322d04b16eab679fa
:b9cf8100dc7400869aef8783f0e00ae5493016b321cfa65e1b641c367530e1df
:6d90ac33b172eafa9db4f84d532ad02325934c9436925f2bd191c7fcdee59410
:40ce51929ae4296e9a480ee58d1b5ad2430cc6c53fa6e62fd0c4145049d809fa
:ac94a90b68ee064840e11cc49daf4d8b5dfaa95c3325f6a90852ab8ae8f4dc71
:9d7f9718bbf3955d1241ab17f6171326b2920b133de169d1ace453762b8b563a
:8c9fa95ae3ee2ff2f35dadc7929e8fe4d4109f47951dd813ef8945dc94b1716a
:ba113935ea53d74d625abfdeb5a2260a7367388dffca641336399f1b8d72ba00
:a3b506969492bd975f9f7275146aadf69fd8825ce2185b552689e65d729158fc
:b0a6fbe480eb9fdf05f61cfb3af2991a2717268f50655d517d359280f43de8d5
:7a351fe3ada2b029b259418aa620c4d534d54804bda6b9a238b1b5f7131246ba
:c92784ce6b767ace80b36c66e38801c33e710d5d9aaddf3c3f1af78d7d519c9e
:5dd2c1cad452a3586c20ce43941d7c279360c9dfe9feee0a91d788cdb1314af4
:7fa1cbf0a62dd05c3f245ff2c89606e2ea4e441f046b5d7d9ef19b3910e90423
:ace7c85474b6d4ad483d2901076e8ca9011b067242accca4b7ceb0c78171da38
:fa4d1c8bf9fc4b984a95de304aa8206be2605df22fdf1aa4a388aa70dd4b18df
:4415e110796f6a850e54e66174abcc3b8b04759613851afe52bb548706b734c0
:cf31012d58cfc149af332afd8b02599b4a96112c82712f35acf6b4a94a7c432b
:e4b64a846428261676df9c5fb54f4a74ec34f161089f043b6f3e22f80b67187b
:c8db5c81630019a887c137e9c43ab7ed2f2451f0ebdbeeb669da4e4b85453d12
:7ef66f3d502c63d0b15161add3328f6e7bbf32f100911a03c9a03d8e58418bc0
:a5f8a2e1c1317890b9cf251065e7ad80f85ffcec00c57e6b467f1400343d312f
:77677bffd3583c511e06ee296f4d1a37513d1b35c685f028b8b699921ba63cb2
:f98aeb9659adaf35ffdcc17f48dd71ff4a041a01031afbf82811310da4136cf8
:2052e7c51f313cbcbd9ff8c87b4de14b763866d4b2f369b9bf11afb00b303686
:7576c046f663ddfe36573ca831704cd587b9b854e65a8b0aeed2b8c058889d86
:1767d3445c4bf597ae5b445b851323158e79c651cca335f5e9d42972f8801591
:b17e31005842f7accbd95c16e2f3eded2c01af96d1a4ea0cc781d155da0c2975
:fbd83eb75ebda284b2f33a78843bc9fb1eccaa9adf64790e8b8ca614d9c5b99e
:beaffeb3f6a8b163d5476c51d56ae0116025986cb2ed2e4b75b23fdd9d9bc767
:1572bed5e1aa6a1aad93c9c4af34a64a4ad3422b0c4dab59fb3166f6da68d4e3
:e10caa52dcb22cad5274f77044b98beceeb201020d64e2fdb0c79e130c1f4952
:eaa1317cc41938a2744b3990e77898b90c79df218d496638832375a93a49935d
:597231bbcdf214a3f909ece531424a8d77009e5375453fd9c8f80539e2698b3b
:1347c9f22a0d041b1e29a8d50841e89d92dbad76ef541888e33c15e9b80ff548
:468f04d0340a53f34daeee83156f4faaaf4f0770fbcc1d19944db06fc501aa78
:ad99d85c9c8f5926e8c43386426f9b40bd7943602f9c759fd05774354b4264e6
:4e691d02774a8c6d8db435f4bf872f1bfa773d719016c7fe046ecf992d8e5a39
:9d35486f18f60d85c3441f06fe4e889aaf9e651f48425caf2e6dd2d8ac8af89d
:dc35f9f5e8c45d595ba32b555e935ca20fc3af182628c5783aaadffb34bf29d9
:5672b6b764a86720d4b65fb1660fcff61093f8cc146b7cf08708d8d2909fea31
:b85d23bb5a7f266b3f992a22aacc6b11bfc067939a1aecd89f076fe51cec9409
:49066fec9a695c433e826024bcc7ea9bec162e2b651aabfff3cee68f813e6e3f
:7bd73d055bc13335ad4e0bf58fe4cbb67ca7596931c225fbf753862162bff58b
:7bf8ca2d38030e4c1c14420caa5b821e0d87c505c323c459f27f73960acf7366
:b32fcf81f289de475872780c431fc93374834ab7ccb51f4946e8631a038afd53
:3b8ae1279ea1b327217a0e0776e1f6da5ca3805bb6bffb8245b21a1d7eb3e9f4
:84736653dbb0a3d3128f93df8c3c1eca783edfa20c56d964d84359f87b9c93b7
:abf40b64a7ee4920323528f1e0c0be6ae91e279c957b607501d1ee32246e25aa
:def9d8d7adbb633b4b691d15f17fd627de830c345df7a205c37abd15a479c740
:d3ed4127a8dc819fc2271b747ec0a7fab434de7ad005a31f50e2dbf5243018ad
:ae233db5cd1ca9dd0ccb504600e976854612f8ee904050dbc4ef67f69ba65812
:857920a08ed4a6fb47d8c5a3a5d93da69981239307a26c5cc7b22d9667d54668
:3671b628a72215bf70bdb95b0a061b8238f0734307ab04510901cbd2d2c5b223
:da934f5d85c437e551e77edcf7ec3bf07105bbadd4d594aea3814c5ff3874c90
:7ad4b6564c1408340bd7b0e49041291f2662abb9abfe315766ae880ce2f86f7d
:95adc23251ae8fa4599072490c9d2c5a4569d3dbf7a39d98f67f828464b34293
:42ab639c054962acc040db26a69c7bf85e17d07f88f77998346de40ab48486af
:dc90ce443e85c9dd0301c76f206bebb7fd782f8b300fcd0e449d927ded70fdd4
:402792c3e9d5dd2d737f7404dc9c1eb698d940fcd715c44970d90cb591294b71
:3f4f1fdd867bccf20d703104e21f54bf4802dc7a6657c0ec18f349e73763a94e
:2d3ecff05728ae6f0ca5f2859fa8b9b504ae80db2b9085afbb83b0b004842bf1
:65a125587571e0457f12ba614cde04d2c6df83d26b2aa4a370eecc6ed795c78a
:62bee278076c97c57da3304751a3d613969fef48653d68ab6e33bad00abc0f1f
:3cbca5dd7d3fc0f29e3fb397c93e93ed7aee418757db727330d69813ee99a0b1
:7484564a6f49001ffab1ba980043b8b9e365759d2d92bb24a9ef28ca0c2210bb
:c2e0fa5118d6db001ebb12ea89bea01d8396bb416b5e7a48d43a5c2cd4aba944
:19202480a8ffbd79fd53773c1e312f810966015cd6fbbf3e2496448714c7984b
:bc96d2c1b89d7756b5c7831b8f3cf3ef25007807ef77175a8977bfff3636da47
:50fc397653998d06c814adc6146091675e12437fecd8d6953c76cd7f11887afb
:ccbb31dd913a726d24651e8174c68e607b8c859522240dfac198defd9a504654
:c98600a20e9969550f2976b50547d0ab9bdc1bfe2c7ebcbc51ab3c6805dda073
:2d1dc72060b25494759021825df6d16ac8e1808a0df479c84f1b9c9df9ede0b0
:2f1372b187451175cd6c540d6d17607f1d6782b395fa4a63dda1ce5526ff2be2
:4530bae8a4e01a02addbb0392e20b0a591fb1bc56a8d6d9d236918574973222e
:74f348e1637f34cf704e47cb26d676c8e8ee6131d97953a241527a8754c3b64a
:08422d894701321d124044f7ed24c00b736bd120d76d0a1c5f1d15130c1e8ab6
:87e8ca8af5f8583b0afdbcaa232b68fd2023a4339a1e99cffe305837b39ff73f
:cd3709d36cdba8b49d709442fec4b270b1e5c2311a684cbf96bffa240eafe19e
:be412046a26fd039dbf7088aa71f60b792ad393081cebd3edd2ceb88bd300db1
:fd832bc338d2f7ff059303e605eaa943ed6ff67d882cf4768b2a58ac20671357
:1f82377a559109f802fd2bf9065f3920db8267d3a905c0e72b306540b5dd845b
:af52aedd14fd2c37c0776aed9e0d71437987639302b708430cd458b1e1bc9289
:1327bdfe096f2daa3e79950a5bbd84ef5cc01a3b66f210d6b959838c7d622373
:573a7190fc6f12f188457694fb4ca7ee9dc777a62c26b8610cfa571e2a19479f
:7a47cb9d9377a001b65f702703934565cae6838da63865bd62bff414d732a6ac
:8b69664c1af5692f1c1422e5eae5961a56a2dffb5c5352ae8843a44f87777436
:0848e52bf5c90de938ec4b1cd5a8e5abb7afd6f83ab4258ce570d520758abeb7
:a93f49386db7610f0c78f3ac190a8a7b1b866c438406c393d4363f7a9b2f25d5
:eb3d01b3042db9a7ba9d77b382feeb50c0dd39a7c44909a00ca3922eb9cdd60b
:eca0f146506b6de78ab3d32918e2327f31f104831547cb56350a7834ae64ba62
:eabab6aca9b43e1a591fc5910d1a4e74c66a3e0c8102d91f8cf5f2fca7388761
:9abd7148f854e4f0a960a67cb0822cb119773c8663ddc0b15a5c6cc9d6f1565b
:a4f7d19e993e51853426909cea5995f093351883239a00ce15d415d8693305c6
:89f8d899d544857616c0e016eb38e7fb1b3b641b47aa46ca0f66f58835233638
:67270d43af617c3d93ba270af24363e73464c87d1def2148f313f1bfc50e6645
:2cba8fa018589bcec003e607c16cede1d7528bb1963509cb402e19000d3d2b42
:a3feca0aba716413bb5e96b5e14d7bcaf35b5c643e9330438f8ccd6f3f4ee8cb
:c66952a009daa69786be9d51e5b1ac89263607764e3d9e4bd0b370083fdcb9cc
:b77b20a63ea569a264b0c7e05cc9569301b2836cdd0fa5ce048f28e117c416ba
:ac37d8d0a701da5c9abd5b502be6593749eae3c27bd1ad4b4ae96a17b885c6ff
:bbe3ff7443200304f3c8708da2d420d6c4b9cb695ca7a349fe2c1d38bbe5d5eb
:6a2b1fc295ac9ea907bc1a79d2521ba977db59a85c0d987e3ec0b9c6e59b9505
:81736cb80450ec54c7129f3b4b442f9546d1aa70668bcd4db6757c2be27449d3
:8c4e4c63af4fa3ecbc59ffd86d0a8fe3127cf68a2cec273a0d89267aba7b3fb4
:ef2399794f34f2c435514f1e4552a848b82b025d77085281b02e695eb0081216
:5ff80eeef2e7a2a2b784f99691fd0a01bb606704346e7788292ffd394051ba8f
:43f8c7a0c987533a74e6cf0743c22dde1b38f692046c020423b94df4fe607090
:17f1d4687b0cceace7b69eb8bda2bab8c0ca1f294d9d639411ceb43e66d0fb92
:dd4ecbba7204d15c132bdbc029874535e269d1853029f3677794f53cc47a5d6e
:a8ace6902ef457ddc11214a164d65375f0ea2d60e73b6d9ab179b92489f4a1c2
:465cb268df6443dc29f8f0e7ab52fde0ddef779b86186a75e05bd69049988ce2
:a682bf66d301008aa6daf310dcb55ea157c07012c1d37eb794000a1348eeda46
:f21ba1649b41e60ec19e939a559a604082a5b18f4681f32630c76806af30b4b7
:f0d97038625c90a166feee8e822870260edd985dcca74b96d08f7f9d78f87fd5
:04200963a2d50544414b985942208a07d580e4d55b6786739da179306584dd1a
:7254c66727290f44b73b2d7f1b67c1b58d21d37dc295615cec58971a5f1f8605
:b60cb6a0acc51b3fd1dd3897df840c2d2757584fbb8eaf4dc27d45a80559e31a
:ff294f9c059beacbb069bf9a4100049311e6c376a7234268dd6872ee35a49dc8
:6a33223190cee363c7ca8fb6ece269e6aa81faff5ba9bd320d9e4305d0554770
:72d5e8f90d7253d609f4ae923bfd81011df42f2a346406105d73a9c0a69a3f92
:1345339b1d7f324f60da70246f777f12a2be2ab9f5ca496f8f2e881ea47e7595
:21115603ff4e4ca715f0d705a84936788c82a9fda83fc3372ef8368760e3fcc4
:9c3451f237130f146e7fd7e8cbad8e243a2094cfbd6d3f80367cb57c5097797a
:76542fd9c9f2f552520edf4bfb3e6e23ff9ebfc47ec66c4f13e6ab1556843b6f
:beb7f762d2f48c87bcb2fab15fe8afcbb63b848decf1749dd6dcab011e9bf321
:1dcef2150ff33efbaee784802d97ddf3c4ef8c31d44c059a21454ff721dbcfa6
:158ff14d8741e8c4dc5fdacb128394557a3d2e23e55c26ab2754ee063b72b043
:df9a6dee46c5ef576ddfd0648688325bc3617743c8d88a2e329aa7a197a9eb7c
:4d810b47a4403e274feb8e4dda00efaa7e721f9787a7f41f1627f0cfd85d409b
:b1e522bd3e21409266b135fe2932421ad9388052e8274eeaa5565f08cea5179b
:6cf1d4dd9a2ca11b7f1facc7be675cf7ab156fe4278eefab064734be13ef1902
:8775eae6b003b7c7f1a2a4675c383d5a4464041b45125bec57dfd470e78a6ec9
:773ac6e43d7a66198be31ccf916b0dcabb6705f9e9c28987c4912a1a55e05a5e
:840911975030f9bca8739d3d2fa68d13f0262041711c4db56b57ea40a0587e07
:54ed7bf93b7a9c0b6172b5445e77f9cae2f0069fbabe709f711e54cd3dc6984c
:b5c63dd92f122bd08c3952d7f7a4875f169b148fe9ef2c0c9b1559552c3f994a
:389d9535b80c4e3980404fab0acd82c5abb9e0050ad6396e8661800b891506b0
:4a7caf0e6856a51fec7680485528105a4d735b0e1105662bb92ac827bd036e65
:15f88a60202075743f7c9df1ee4358e5c43de19a0eb865c27e6962d36250c6a5
:c05c39bccc346795de94637c4c7a29aa3ece9812f0f2ce2fb20838159b807538
:6db98c992da0da73b1c3e9a8e9e29d8f9bc2657c7b5ebee0369bb99d9aec15d5
:cae6c7e7c17a5e8329ac365902848a48baa5d9a1a7d97f306825224c1c768682
:a21d1fc7a4ec3021f5a14542bef19e5791c54d38d3d238840d0f4fab5d22a2c5
:6424484e8006d775bd76c64dd10a59bcb83007458f8f2f20892cd5c235b7c41e
:08302bfec29d7a50dbaadd72beaccc48535694fe567937f4d068e0cbd1d56cb0
:c1125d42fb0c3dd7f66d14876e1e57b13ee287219aebe9697feae4875dae08f8
:0cfdbada676cb2e41d6da88a3710019cf2ec7f4263db41bc14a29b2e3a0711d8
:1556a23893691164539cf40276f0e73bd2171914501edc1cd791a84ac7d26f75
:53042f8672ffb49397457d62a4377f9d7c824126595d40b87b452177ebceaa0c
:e36b05d759370979bec53653c0f4fb23cae102a09e6bb903dd1cd709a01ef8e5
:99816339d666026a4bcac0543b4078dcbb8f2eab1de25d848918f5b54e0ce11a
:73a3318c3919f19877e44bdcd9b73682c7a4111429557f3827046a8ab9f92e8a
:e8a06e151010d8aa3f9db60e76507e80b12d58f8a12158b833e99d9c68956005
:2f20f4b779602d61700d2486dbd0acd8a27b62349d3a0965a6319edd433b90d3
:b8a6474eb7f81fa384830828ed16ef1307992725d54bdf40a6464a0ff0c0289d
:9e6ee388f393bee54ee53c0749df865cd1a52d8ecc749c2cabfd2a6a3fde0fd4
:a62312f03af7111e1d039acc58713793253cf25b8ac9644571859372c490ecad
:35c93e71edc8e79675d9f0c0c7009282a9bfefaee6423834018ff1b76aa01a43
:417ed7953ae26b231399267603ad5f7ac5403d752257b89477a81a7da60767f9
:9e8107c0081224e8f3cc76612e38f527dd4948a3ed1993dcdc0fbca0cc293eb3
:dd474dd1c8cbcf896e0010b4689147563a27bf4de9a766a40835183e759ea943
:a3b12205aa93a3ba73d29e944e546d06b75925588cc25866d8f3abf3ccebb975
:b6370d24658bbf60c5daa59f4538bdf6931de35c0fdeda5b5d00db132225b26d
:1809a069d52fb0d3084fbd3ab9fed541111165194fc7f01618f1dec22f2f2443
:eac115fd11b4a5acaaff84a08dffe9a28cd57c89491d98ea32323c14d3105814
:d28d7441d1e913dc023fa28f6c8e23bbddcaaba734508bc511be584b81515df4
:ebd6754e7de0c2048e34bd9c67765bbae1c144cb472b5c1825c30265e82d8665
:5af22fcadfd8dc5da06335e619d7ac58e2946cb93b89a72c16a1e3c0709cd0cd
:3d77c3e814760170ce77470a56e72cebe8f6fcef42ee7e6f61ad2fa0184f89a2
:be291e2607c7320f293ed89e48f8280b5fc7852d2fe29f1a131b25923471a06b
:44ff9abb65dd4182397e02a313f5ff5eb496e480aeeba674b0de3dd9354662d6
:ce68ea5e4729fdad5260243b6be6bd3210bbd7c5421774237616884579c0bb97
:62066645172336a9c1918ef9d995e4c37b30558741741d5a7d1e38686431a4db
:fb22f62e2349f50cdc5231bb426078c0b07883919215425a2e39fa3f7456a45d
:b518b56b441280768957183f5c214540024e9c124cbcb5f2110f92e109dc217e
:f8b460aa361dfb8393d5a5c936c46f725dc2929afee0d832f1bde11c484039a4
:6e8a63df37733c0fbf2c0bcb0c5d120594168d328b0cf21a6c0836ad332dd92a
:9c9231135afd0d325da24e6e21c6ec359990e2aeceade20c1bb8e9c8bfd83f9a
:052b2081c8a18a0ca0f12d5a9ace4c1ff26c740c12983f48f51945450239cb8e
:ef12522ca5c718bee6a8da0b60303b234a1cd4e7d22b03b29ba861cb146ec90f
:6c3e8cdc0cddddcb78d29ff3559f0fe7f9a7a1ba3a7d84ed65b6d4c231e32c18
:533ffd586aebd37039df72b68dcd70eab4241440d82df4002455973c6bf3e32d
:e2d2a0125e989bb079a01f71d0aba5ddff031ec7b85c84513db9264e30865d67
:e7e5e167746cfc6197b9a3175e63339b30b7fe1a3251ed617d37d26f71c9f136
:0dbe53a6449fe1568ba1ff8925fdf366da96147a3e4931e62a9f7f697f7d4cac
:9bc0bc2b9b7238aaa0d5ad820b0943bc2564cc04f788deb70e74d96888294db8
:b845d63876fa5dfaee76c743646dd377921c2af41e5d949b9e649ed65f481dff
:c71f256b71ab9cb4a7f9eab7e4e217c81564e4fa58d6427545719010b2d3e696
:3ed2b26ea458723b30fa477914a7b28aeb57472bb4ec99c5e8c1e2df370a2958
:620a3888958761cdc61481344cd6f0a01a4060cf949ea18edda9d193b7dee7b6
:b85799aa692e2c15edb2ee10c9f238e2ffdc6323b34fccfa7a99478d49cdda86
:2f877f958fd2f5c476b5034f350343ce30675b7354d43a0d4fdf2ab40b9964c0
:f7f603081717878c35bc4bd16c70ebc00541e6a1c12a7f34280c6b0a0f0af5b7
:b34fd4b946e3df606964a2b19c376f38553a899d4e75c81f1e443620da9f9d09
:967187dd05d88184a875ea815b4fcaf23b896eba42e5e15431c6482a6e41e581
:a110b726d03c3d4f3917ae161ba246a2e82c07d3812e093afa5712fdc68e9918
:143e4b6585772e53c474b476e14df89e2f6d214d69c9c9ae176a9aaa0adbe3c7
:c67e5cad271bc94fda206507c799e15492fadf35cb177a0fe7c9e034e7dbb6ee
:6ee1ffef61963b1d55965c47dd4fd6ff3feac71aa4611b0a1e2f8d0098c8f677
:45adce1649c72bec1a6382a12618cf385ad76e0d07e1ba4dd35faf6194d6e951
:f2dd8f8c787d4c889723f8609b9d36904216841b8d5144a7ebd0789fa9adc65b
:3bc7aad7f7df54fd2b1f836e177b4e7af8560f52ce6b67530fc0386ce9714b59
:8246f230811637061878cbd8f637f0f52ab5fef8b854ab423e1d07bc0eddb3be
:7d71f56d5e61126f1d2226d709b62abf96dc939e1b3323ea3e4846ba68dbc1f0
:d3da004b9988a31e8f5aac614da3734c6a413217dbe0c24c8ed15de8e8058b68
:12a5bb3edf6d036afc444d4f0164b43c28b407a93596d78a3073b4b023b8330e
:11b73e185f967effd3d527272910b909c27fc1fba5a91311707e2bb3032a8f6a
:30ae5c64dd3d657b6c1d487e0074d106642e313cbe751445ff255024d25a98fc
:c40cda83c378363e96c0d953baf0ccdf5d5aa722131ad2025ea85d61fa2877fd
:8f4443caa794b8c0f397e1568393ef21093cc5878c477e018548820d13bc59d9
:d2f13d9df955ca489b035fbb9b62893ed3835a78b6f714daf4ec38283a8c45bb
:45a3aac9b2786c5c47a8c22b9825e7eb651a2668fa360181116d4b62d489af1a
:a79b170772c5139649c6048193c0acee47159a9797bf9e20c9fb4dea981bb22a
:bcdba1f53f31c0e45bc672fb26adceec55ff965c7e804e91c1a133d34ede1edb
:685f6a93f6f0538abdd1f60d5dc91e7ead6f68148bd0bcdea21fce7eebb77393
:cffc6ca954d94f196b7915cf865400a05ba7c95917779d0db533f0440b4e9a45
:7cc6a29db9ad94b610a638047e18b742ad89d0fbd054974e28e609183c10116d
:965d287badd3cde603576042c2b42a4ef22ae3bac7ce4554cf74d26a192ffc88
:d2017b428d11115abaf481cbbe33fa51a8e38f36fa1a6df3f98d59f458e617e3
:2f90ce89f37860ac122015b9177e2259ef2cc3359d6561e9bc454468562f3df9
:47d9ef268b199d9df808ec591656c3302577c237e3b42c618c5d74fda48c1a37
:80a49f723db3dc30e24abd7f75b7b92fbac33e25ad8b45c24deb8b7324f6365e
:3d12db81341427ca93bb3e4cf8499d715713808d1f69e8dc0b5fc352c537e8ea
:871b1bb9199c9c2428b1b753baef1a47daefcb7d70870ec17b0f369d7ece4aeb
:b26992cb17e1a9ac904b75ba05c2b3dd5edc33094aeba8ac5e99585be172d2a0
:a86c1ffba552dceb8eb8c6771cd7c42675f72f26458e5b0c49db1b9b056a82c1
:57a59720c6e31d9c1b4b1751343dd6b2b3fcb1c19e5006d046aee4b59a372487
:35d403c8d3bb481d07cf2df1e2fc217b375d8c99065259b9b3a54d212c164fa2
:4b1623d77beb8ef048552d42592ba4b15073a870387c3aa7d844b9106a929a2a
:cf0da87841af21fbb759be30637d10398d25a730eda090e03ae14aa0c1569849
:4353b21276ecd387699609b78f67229a1468e859a0c82fe1c7a9632786eed583
:d98c912d44f0a76734e8d712c8437d104235d7330b17d4f6f0c6d8ca3566c803
:f5ff4d2e515ea2e11fa5a1d59ce00b5cb1fe9a3c8e3f761d5695175116d839bc
:9d2f18f409f11f770833c33d01638cf8a7383b6b33eae9b51fcf698694656800
:13eb6d69101027b4f1fd3ac5c24377095ba23dde7101b7407786c04c457971e7
:7b29d5225a1321f800f31633fc6827b97045a92fcfe5dcf940d3a882127c7bfe
:47d66e714851d39e0f3fbaff4f79c0ac1458297051e733ccc52b849ccc41de1b
:2accac8ee021bb4f831bbf380f1b62571486e81efadbc9ea437817ad795535d0
:2a8f511753e540a971fcbf2f7529415355cf8c285421cda9f21df50712e1c71d
:70a5d5ab7fed50d60a323903dd89c851b9ee92fbf42ee6fc7874e8598cfc6f07
:9136a140c68f48d566952f63c33b330f5654c3da48168614dcf9833432724f82
:63ffe96839869442db30c7c7fb8748f9296817fad47310749b4453f99159ba04
:e885a687cf00987db557fcbf1e8fd8eb501ee86d20f1f572e1909964ec83be3c
:132a8a60eefdaf8c25e170e6cfe0e2e88e318cc6eea0aade06bb94a8c338be0b
:ff2eafd5a2fc84d056d3abb72422f60e525732093ed8c3b4711c86edbc0591b0
:d4d2c7cc90fe50e3d9199685b5a1438c7546da5ed80ce6067c23481fba0cb884
:d06b99d8f6fd356ec5a3aff8c0eb4a9a46e48d4e49b4da76c4fb5cf8b44c5029
:c5f65d6b552bc014f1a45a5a77431cd532f9f1623fa7e67c2be90edb0957e12d
:09a97a2247cfb419256d869823c3f248b4c37289e2de30ce013daa8cca660b0c
:657cfba1248a96d279ed1c44acc1502fdf0b11c10ad6bb49d27fa1cf5628489d
:96c734ad0073a4e13fafd623216ff8a8f923be689222e0a8e7aba76fc0e0e9f8
:17c6cdd72ed15fef4611c85f9aa6303c40be0210c11919b860d5399a0c9d1c88
:490042a75a31d684f0cf4dabd3eec0375a2b4b71d1c2d656348e0d696f7a812d
:c09c4d393e5a8513171b1bc00a18f16cf06f616e9f3d26c9dcd27a95c59d7a8c
:ceefd61e5362171e18ff031bfdd56f7ab3c8c0c8a106cc6ba8d00df90ce42a89
:21ca74068042299700af7592b9db985d898ce321527c881062b98dd01364b4d9
:41b4aa4552698677f44743a10ed9f0c8e46538bec0c8760ab1370f4becbfdbd2
:d48fe51d881bf396c4ff019f3a9bcc57e743e0aa5a62db85f5ae887a65ffc208
:9b0f7b4306d2bcd21f062e2507e10c8b6502dc549c67734f8db1135abcbffd42
:47adcdfb966cfeb9d079cb1b4939bd7b30bdcf53a1b34a535374d6e4c121bcd4
:2e51f525fdfd68bcf7ffce4d9538a6adda95a9de3c668d397da1e4deb175f116
:0e0765564e0b04eccc6b2986ace573b81719bc1efe82ee119f0cb3a3ad721126
:10ecd8f170ef097eecc1bf815c0f4771da72c194f2c5e552119228dbcc6a66fc
:e2d51dcc82938c2254d53722a66928e2acacda92750f18e7c8dda726eeca2c7a
:ffc4c3ae69345a138987bab46c135ab2d5bf5954b5ebd2a125eef399aed51d68
:a16b1409df38266aa591ddc159c8c15316fd4e61b5e7be5b665ae25e3eea7c4b
:a1a045649c4dc31833dfc5bc2213ffb370acf9fc2037fd15c66ecfe1e95d95e4
:d8dd31d84f49ecf0ac83add9a402ea2e53e0da97dd00f3ab7d56bf0503e6cc86
:2787f3ebb2e8e08af7ebab6bd0c025825a39f46f719f20ee5ea8f21073f64b46
:474e4f8c0d89b415f3a630a31de5ed3bf18ab1f53055c75c04c69de9b6ad2349
:3eb2f3c686b18d38316aff6c68558dfcc263d13862142b1ee006da7e7e2693e7
:17fb8cb989dad189c38dbf7c2aaa480ef54e197af905053b07e2b39d93e968a7
:85b19196eec24c279caabecd452953643a8b77a0ac2641aac44f02a90693ae5a
:690db5771811b36ebcecfd91b50bd346dfd0ec2619ad9b83afc9c38d0213877e
:212ff7f411889854eb09b8645dc2e74b77a760b276a0906b7ca91a26d336fc34
:dd7a5272c871d9e5a0b9802f4da65f3ab555be18a60118799c77e9694cbabee1
:d8089b34f08e2ac656033ca620e01268244af9384249d8a8e19b2c580cf1e945
:59a775a7f00c06ed84ed04732a72e0c7386dcef1f6948d1dd9c6269978e6e530
:1e6cb99b7404273cd35cf837d45098d936f3336c82df2ceb01fff2fc1772ef08
:931168e9525a9f5bc40b9c9ed3096ed4b670a60cc75e2ad4c07d353eebfc2453
:1606361b886d39d4e3de1649727525c475913600c4034dac8b4da1f44e3edd93
:10078a352dd353f1c337a9e3a998c4dc3d1fc41902833663885a983a1128a194
:75a385e1ce4314bdc4ecc0382198e133b67666aeafbdac8935d3f68c44d39270
:88b145f9772254e031959fc38877171e3706f5e2192bcd9f968a58d16837b2d8
:5632ba058fbfc4c3e9f280f1ff78694d80ae2f859754aa9876f60bbcc3e12871
:fe58c344bb1bbb09777d1ca95333e6e6fa03d13c8d61c7e09f630772c9f2ab76
:44eda25fe3a24cee400c6078d5c27b765e49c1bd342b17fe91f20b515b870236
:e95f8817a59c0bb2ea25aded2807e1af3bd796c4adbc16c3ce20784bb757dbad
:afd547de502428990e4a37652db726640fd31b2693c42c39d58f62a3aec649a9
:8aaa2fe6b0eef09ea8e782faa5fc4ed9d80859255e5bb84fe7960d949bc107d1
:e40bece58379751b570d9968c2699feee7b9edaa221bc74cfe4924a2e0c8230d
:2354b80f58a5f0ab5669776c1355955f9d0d8f0b222dc744ac7ff634a8c04374
:ea20a6dfbf3b9ba93228b7b20d8a7ea594cf8af687aa890800fafbac83445ac1
:f822725768063711cf52866512ac1d187a9aba043d7a7b0232d16148843c727f
:d92b0790cdb750308790a8b811ab94ee1bdd125a33b422fc1c16b034b8137a0b
:04ba99d692439509e7c52576d8af747ab477c6f6cb87c8ce3059ec68b62c469c
:0dc17d8e1e38fe8eb5b6baba9e48af5b1702d502cb43aa1d6929471152dc7ddd
:52b27e4e36b053db7c3290ae1ca517076a9ee9c4fb9562931236a78d5667ae65
:18cd94407a821b60867813174fcbcabdee48a69d9ab84155bd3a5fc62f37f4a5
:3e6f40dc06e69f686907f2814b1ee04886f85fb124b55787f465204bd41d4d92
:0b7fee540e26a7843dff8ce1838c4d15e326dec750c9fc6b045bb2f346633c05
:36319310a8cff24e2c43a26949967ed159be3d58433562cdb2205198b1734819
:d090530836f0fb960c8960785d0d741778db933d3d51a346553806dc66e1fbf0
:aed37821a689284a61bb6eb92c7341e5457d7fe7cd6057a997fb92735b11cabc
:a01805e53ef4d640f65beb4cc1f0b45b5ea373f91a8a3d484888807a04fc43c3
:9cc218aac55cc358c8f4fe5c35a200c29f3eb8a07b6a2e7a480a7e1d3570e3f2
:b8c17d682c049ce61a851d3b4b9c4eec7e9f4aa859c6232ec2cd821aa898ec17
:e913e9a363cb43e887243dc5948f226459d3d6a73b61c7628ec7c4c4993690c3
:760ebcbc5268ab08907d26498b4b2c9674f77cbe9afcd5f5024db1108799f9ef
:aa0a0ac3293d8c0f4a74660d0f57644c86e90a66449fb0820ce409df8af7b405
:e999b5a3fbfeb4f07fedeb0cca7973d8955db5bec867637e24563a321e8e057f
:417ecab16dee1a9ea55a650183526d8978bebf61c30ce9b5984fff5e38073442
:668c806f801291be8e67a3479f9535cd4c92f7932b1dc0b291b2fb970add204e
:3f8df75d242cecd906c3c3480a3a8dc64c983636781a182d19adb92d8e35c570
:50090dbeae92f4934f4cf3ea1f573de765ce6a8a15c6ab33aa8de9e072b878ae
:842bcb08e2ea0fff14c7893e98e1e117c320d86145bdb446de8a862f6fe177d1
:65af31b3cd1650247ba97a88560f159138808f45ac2f7f901ec96c20d81dccbd
:c8ecb8315725fd837c98d2225ef77fc1a52e23838786e24c048a6cc12e8872b8
:d522529a0f0fa9b4f6f70af627646d4bb2e1fb439c1a6f25c712d7f24ca4ccbe
:2bc51fc400be047c7fd639fc2adad01c731e0a3b3330a30fe072cb8de9108ea4
:2c171d41805fd5e100247f3a371f36b1ba0e41b77c0496e903acfcb768fa53fd
:b142ff3adbadc38c13eb7875fe8965b35948dd5d5b1a35f38583df30a91304ff
:e778d526faa81c20869bea5fe9a7d880206fcf763bf1d01be886fdaa5bcc6f75
:101959c7f07092997c46eb55722ff31caf7ebad5f15c8bffa07b8b51393ee8f2
:c7575f56eb88a968672ada5282365e008b88c546ff343a74b85834fe36875927
:4a9449c0ca99dfde58bd8753de305645ac5a37273f288b824249b94fad93f2b0
:b48f1700678fa69788540fd4adc9fe2a3315e1767de1c7ac761779d9e6a4db04
:3754036374c9dd1710903a4837762f0862a743246945f2f873bff3ab8443e142
:2098e706366385ddea25fc937433fc43123dfb96c4ba1779b59a914223990c32
:859f95fc9fb3df85faeac09d8e84ec092c59f89681ba95b474abb24d899ea4ea
:14e542d091e5904fb01149043160352c7a3acc3f6c4032cab15a78e7cf26ea04
:56b300637a98f09ecc220bddf7affd7818ddce43bd099788cc1fb64c6ceda52e
:56a41ce37a3e5a524345dfe7224f2d86e88ae7bfbd6d3fae2c6d81f1d1390f0f
:a441e96f2a859801374019f3e6886b2c8d3334c735a737246de217a05dcc8902
:7546a1fb80e1979b6ab20b46c72e911d6cd651e1fc3bbf205c763f04472fa60c
:fc7160d01afac61982424ba58215b88dfc1b2ad438a1d81b744a1ce33928868f
:dcf8ba456d527069e12287dd8ac0f94401d910377e646add7065b9866d6b4356
:2e4d8e65d2d4934b0129b4ff55cbbf2f4d08b81e1e040787776fb87c265b4b6a
:5799467eec79d25f6fbf23cbd5e3cabe330826c33974e1510627ed6091076560
:e6a13fe6c64e6263e0e255cd15863e0fc6b6e98af39a57a8ea440f588d576e13
:e30f5e37177af9d66aac8cdbe6fa4651cd0819d66d932f086f3be20b109a3aab
:c373333bfc35fab20681a5c4c6c4c02366fe207bc818460ad229bf6ba3cb18da
:a352f764a4d43263c2725fe2fe499585320936e7a60ebe4160db8adc67460377
:812644426c616d7402d6ed216f8ddf85e96175ee392c538ac5568e149472bc50
:0598375fed2b272a02eccc293a95afc6ad732f9dcdf582a6900b0c0a7c121bbf
:5f3a7f335eb9b5266a20606311e19f8a8b5e260d36983b5b8e6d3ee22dd519d6
:cbd95b85e4b3b30ecc325040ab7d61701922516f30c6fd7a3c5e62289792fca2
:0eadf01143d03d2c17a186f150f6d2636d320f399bf937eb1e2c43508826fb3c
:e35c169fd37bd6a123c5c4362956b63da86b47128ce98f672d438b6d87e6238a
:db93c139a461dd2990bf9702f3b0fb8c36e17aa892dfa7a73ffb1578ab4e4867
:45079171ec3235d00b47d5cb3356c130fbb3cbc849248312ae59b4d104dcc575
:291ca54bd73937848c479cd9aea34fbde914043988468ad5649b1ea5f70e47a9
:641ad4d34de7e25401adaaa152108e45a1e23359a15299f0411683949a2fa421
:7da6d3409d43f135a87b9f13145b91acd7a06d05c938f50cbc30f034caf591a2
:bcd422c0e857effe93d3f5e732ffb0488ff85e6892d238ede86e1f00e5701677
:2cb1453f88aff4ea1e0c0347d14c12da20c2c3cb86d6094d2259b9b87e0d4baa
:ff936240e048d9d7e26930b4d900bbb89b11193d1190507d48da0f0349dd3608
:284b6226cea4e62762f1e4b634b37e3b13c8ab32e449bbc923b653fb40b4ac4b
:9e817c4ec0740aa43c3f6c8cdb8f9fccc77dfc1c4f97d6dec402ca38824b2c53
:850139e735e24b0e4ea9af6cd26e009f96ffa8c00d8f9673b3bb607f719da4e0
:433e4999b1123ac111c7bea768e503e40bb86bdb6867de05f2e77a8d30890e60
:bd94b4c6b7cc291567eeca0fd133c95e026ce0178b27c93c9525456c51c382c4
:1973d07629c7abe60f53cb3ad5ccfd7d3b6ef3e12dc823c74e91160c20b34ec9
:ddc211569bfc583ff21db8ef920fd52c7fbd462020b46bae7af19697b5b93e0f
:94693c24319b29b01763e4f47d6b38d80c8d117fe1b08877d4a1b82c901bca8c
:29323c60a9e01cdd5f656ca7aaa69370f289905e59e9a60f2bf2a11ce5af20b3
:d545f75626f330c2eabeb3b638d38437f0ff102c0e32fdf75e151cac1fb4a71b
:5b41c29fb32a22896bb7a15e32086514a518c6cf5d25bc1f879e792718bc6202
:d76756b819c2d03afc46cc5a31f5e8115dccef8d7dc63ffaea1da6fa8153622f
:29f02cd55a71779041dd559863e755e4e9a912901615d4c8397d2650159d890a
:bef231aa8a5ce1016d4f5313fe2c9a523aa40cacde0540b423dc4fcf05cbbb5d
:f88b4ff7b9ad36c969d5735766e38387d9a4da6aa92ec6579111947460ef843a
:f858dc5bbdd6fc91859c528019efcffe957168e5695eb4150eddf2962db14a0b
:777325f33eb38f28f87c1cc55f05fca1edb2df538dea329bd1ac8e09fc46e342
:f82dedce93064619ef796cde65c087d81ad9b4a0d4168e9bbb0dc5fa6d0fc106
:0b2038086efb28f75eb859fb7cbe983bd0a78e882784f0ce31c82a306267b1f4
:066abfefd721afae6271c7bd61a2c02a97e6842d2b0c7bb7fca7d98bb2306996
:384a32c108e947a2f29e8e88028b10d486f4afab71f18e78ced32268a314aa3d
:9370568e7dd7899c42bfcc8f8b3608a79d9865d62d09b8c219fe1527963d9b1d
:e4a6afc77a62b021f8c0217172d12fda0ef7aef61f56f2d15486c4891963d095
:1d11d9afd7e7540c1277e24d00d989a3d16b0713e950a46901486d56269fa927
:07327bb2566a09fb6ae78b6202143104d25f4ae70129b6475171216cacc7ecf0
:ddfd60406013ec8104df00eed08b0040dc6d4a4290306d143fbd94d4b5f76853
:9a333e722b4c3288d4b6efe787f8699319e1557c297d71d76905fe2eb84caf46
:28ce701e08ebf84b11b8a1dc86658d65d4e423d15fa50e631dd29e88a94469c4
:97cbb8509fd19d22190708e58f6254f8b7eaaaf9d74b68d7233140fceae6187f
:62b2b8834702b4970a4276add7742d0aa34e2bf33db86bfa0b19e322e170468b
:45adba92d770537007dc75773e1fc57a7e77ad45fc93869e5c436b5ed1af243f
:9daebeccfcb8c740ae4c608ae9b25c16fb03d1a39a775070900de3200141c59e
:aa3156fef9d6e92f6312ae3e715f016bb0e393ea71c7e32fd772bd6ed58dc79b
:a19b6a6fa9b4d5928ae9ed8d4fdb339b84f1ad2c2741c288fe61f869decb657c
:062fd99db99f32408745d019832c2f327c3492eb84e3159f280bdafdcf937ee5
:41530c0fb1f95c3c5221034acaeb063ae05aacc101e9271c8f595c1249b1fbae
:eb1b11ad6338236a3b2700ebf4c08b773ecfe063e3c57b9fad75c14ec262d380
:a6445dfc15d0e0dc8ce092842fbfcb906cafbf9d24c9f70548975191822a4934
:5068966a60a5792ea5eb2ccfb568dbf1b768bbb0dc74fe020a1d7031b9165111
:b3e5d908acdb3acf259078c4db8925726d15d88f7dd083f199490c9c2d8808ae
:674d3062add139592f8da6af01ee9fdb4f72406936ac9e7954a0045f321b6191
:c29af4a9f50ab5049c9fc322bb8f91b7c5c9569e6828763e5587c33c5500ee05
:e00cd58fd846db4da63482fdfb779216e4b499346dd477cd6e9d7ed192813017
:1f3041aeed5726451e72d320ba0a7c15a272d3b3143368149d13962287591d93
:ef64f1601d88db51c31456957368ccaf3f1645a93eecb99cd0d2b25cfc56e5c8
:e02f44cc42a4f4f538486766f751f7f7197d021c476a58a869776b842993cd3f
:32a385270d89460a8b26f0e6a3256e283b9015ba145a835356c66c09c6b24ab9
:508ba2e61e5a1469951590c596fdb16d780568065e6f4fe49a6b91529c905729
:b4b0ae4d75bfcd1a1ce8408d02d9894db23aaf43dd84f608bd0e689f669697e4
:dd04c27538e4843eb384ee6b86618bd82d1d5397aec683efc88a77d2ffab0594
:698f26297c7be38345ffd64494815ae0d31653a9128a817e3e4c12a5af2bd28d
:108f463f056c5438a8732c4b0578ea8e9e6bef7489c095773e7ce375521e5af8
:137bfe7cb48fbd75ff61d62b2c9a5e31e48bb58928a4d199771a5fd7bb507581
:a146e335caa73e54daa6a8a1767e2e3350ca6a443dd12bc68d2cbd639c64bf5e
:e7f73bf72076676442d9175852daa769d807b808f3f7e4e968865abe306378f8
:8d640998f4047da4b37f63fd651aa6f8a51cdea29c85800166862fcd35889ea7
:b80ee0c685c1b2049542bac55a06e591445b3738c77a16b75195c93e60690fec
:1e0418dbfddc00da1a1573bc38bf0869ac6a1dfe12c13126757ea8881aed0deb
:15a63d6e0624a1c1160865e91021d328c5564db6fac75028994a59ac6bfdd1e2
:68c060c251ef1125b9e5394bce4e3c1b30baaaab1e0cfc23a4386cde0946125e
:a0c1d2251b0000f18463bb1ff53f3d5580d95922e4d7e3b7a2bf638d16fef688
:ded72c5f742abfd73450cf0dc9cf1d3986a929c99d983cbb4f285bce15e466a7
:003eebd1f333562b80d9d35c3fc01d383c2facadffb9e192af1d1a9f6174c621
:fef43c36511f767786574c6d4baed827ae51b84c58806164931fcc54f96ee6c1
:706d2a9c7afd7a626f3e6d4d202d6dd203b41243b8e4c4ba5171c5574a61c715
:b96a359848c7952f12289de6d29b5d47f1ac348c47dc5aedfcf93a4e9509afc6
:69e15fc4a08d4ac1e030be75d0abe809ff31fd716fff2666ec6355cc3ca94dd0
:e5d3e6348228bd0b0c17daa0d47716a547491529720eabb65662c1de4db57d30
:6bfa977dbe9fc1bbe7cf8a42bca204674cef0ff83d8765893ec491ec86c5cc8d
:e68269c7bf6129eb12f3acc6170da04c6df240a15c87928062d79b175996b219
:2fe739e9df547816bc336a3e3ffe87d28cd3f65d04149ae2d5b2b95b3a60dc95
:b16e8061895c1c0773ef4b9696288535bc701b80f116a8acdd5f8bf780780d1e
:d5c1c0bec3a8040b130802ac6e1b4325779013292053fba470e2488e9f6234ae
:7f0a7123c22097ffd26eac0af79991cd434894ad88341c007174b537cfa1e104
:f01b6cd7e1cbc131d224437b197b81c210831bb99b97edd0d97e5d4d415b263b
:b9cd7e68f0fc84f5be3288a87ad98abcfb3be90f01e214bf944f9fd1cd120db4
:a5b87c54e869646a081c592bf96886b20d80a857f9b180caa464b38b32e1f2b0
:b969ac69beef7501d03e93f8a0e0bb534b2e131b5cd57a1c1dfb05938a4b1f98
:dd3dc05b1795131536f6d9bfbc044b217f289bccd4ce8834367bc4a6a0f1cad1
:e305db924757f7f66ef034973a0f9f6194b2638c831896f1addb1c98ca7c0c29
:c1859ce519127eaf7e5789468fb4fe1ed64ed1698228cf8a51b332617fe31675
:bc314d59e91ab76ab632ce2e79c4c4d4730977da80a31e2dc10df4cecfee565f
:c15f9e818e715a82eca980075077004876d33f2466e9140665e20b989105ffa4
:0dd2e1ffb4480bb49e8b79bc350683f3
:4397b8bc6006c434e128491c27375d35
