:020000040800F2
:10000000000008245D080008051100080711000819
:10001000091100080B1100080D1100080000000074
:10002000000000000000000000000000D19800085F
:100030000F1100080000000061990008C599000830
:100040005B0800085B0800085B0800081111000845
:100050001D1100085B0800085B0800085B08000829
:100060005B0800085B0800085B0800082111000815
:100070002D110008391100085B0800085B08000812
:100080005B0800085B0800085B08000845110008D1
:100090005B0800085B0800085B0800085B080008B4
:1000A0005B080008511100085B0800085B080008A5
:1000B0005B0800085B0800085B0800085B08000894
:1000C0005B0800085B0800085B0800085B08000884
:1000D0005B0800085D1100085B0800085B08000869
:1000E0005B0800085B080008000000005B080008CF
:1000F0005B0800085B0800085B0800085B08000854
:100100005B0800085B0800085B0800085B08000843
:100110005B0800085B0800085B0800085B08000833
:100120005B0800085B0800085B0800085B08000823
:100130005B0800085B0800085B0800085B08000813
:1001400000000000000000000000000000000000AF
:100150005B0800085B0800085B0800085B080008F3
:100160005B0800085B0800085B0800085B080008E3
:100170005B0800085B0800085B08000869110008BC
:10018000751100085B0800085B0800085B080008A0
:100190005B0800085B0800085B0800085B080008B3
:1001A0005B0800085B0800085B0800085B080008A3
:1001B0005B0800085B0800085B0800085B08000893
:1001C0005B0800085B0800085B0800085B08000883
:1001D0005B0800085B0800085B0800085B08000873
:1001E0005B0800085B0800085B0800085B08000863
:1001F0005B0800085B0800085B0800085B08000853
:100200005B0800085B0800085B0800085B08000842
:100210005B0800085B0800085B0800085B08000832
:100220005B0800085B0800085B080008000000008D
:100230005B0800085B080008000000005B0800087D
:100240005B0800085B0800085B0800085B08000802
:100250005B0800085B0800085B0800085B080008F2
:100260005B0800085B0800085B0800085B080008E2
:100270005B0800085B0800085B080008000000003D
:100280005B0800085B0800085B080008000000002D
:08029000000000005B080008FB
:1002C00053B94AB9002908BF00281CBF4FF0FF31BD
:1002D0004FF0FF3000F00CB8ADF1080C6DE904CE22
:1002E0000AF002FCDDF804E0DDE9022304B0704707
:1002F000704700BF844641EA000313F003036DD149
:10030000403A41D351F8043B40F8043B51F8043BD8
:1003100040F8043B51F8043B40F8043B51F8043BDF
:1003200040F8043B51F8043B40F8043B51F8043BCF
:1003300040F8043B51F8043B40F8043B51F8043BBF
:1003400040F8043B51F8043B40F8043B51F8043BAF
:1003500040F8043B51F8043B40F8043B51F8043B9F
:1003600040F8043B51F8043B40F8043B51F8043B8F
:1003700040F8043B51F8043B40F8043B51F8043B7F
:1003800040F8043B403ABDD2303211D351F8043B1F
:1003900040F8043B51F8043B40F8043B51F8043B5F
:1003A00040F8043B51F8043B40F8043B103AEDD2CE
:1003B0000C3205D351F8043B40F8043B043AF9D21F
:1003C000043208D0D2071CBF11F8013B00F8013BF2
:1003D00001D30B8803806046704700BF082A13D3FF
:1003E0008B078DD010F003038AD0C3F10403D21A17
:1003F000DB071CBF11F8013B00F8013B80D331F84B
:10040000023B20F8023B7BE7043AD9D3013A11F8CA
:10041000013B00F8013BF9D20B7803704B78437035
:100420008B78837060467047000000000000000079
:1004300000000000000000000000000000000000BC
:1004400030B490F800F020F007016FF0000C10F0CD
:10045000070491F820F040F048804FF000046FF05E
:100460000700D1E9002391F840F000F1080082FA7A
:100470004CF2A4FA8CF283FA4CF3A2FA8CF34BBB45
:10048000D1E9022382FA4CF200F10800A4FA8CF2BE
:1004900083FA4CF3A2FA8CF3E3B9D1E9042382FA8C
:1004A0004CF200F10800A4FA8CF283FA4CF3A2FAA1
:1004B0008CF37BB9D1E9062301F1200182FA4CF2D9
:1004C00000F10800A4FA8CF283FA4CF3A2FA8CF340
:1004D000002BC6D0002A04BF04301A4612BAB2FA62
:1004E00082F200EBD20030BC7047D1E9002304F067
:1004F0000305C4F100004FEAC50514F0040F91F89C
:1005000040F00CFA05F562EA05021CBF63EA050338
:1005100062464FF00004AAE7F0B538B1B1B10A78ED
:10052000B2B103461C7818460CB92046F0BDA24271
:100530000AD14E1E1F4616F8015F002DF6D017F89F
:10054000014B0CB1A542F6D00133EBE70846EDE7CD
:100550001046EBE703461A78184601330AB91046ED
:1005600001E08A42F7D17047FFF76ABF08B520B1B2
:100570002AB10AF017FC002008BD0220FCE7072082
:10058000FAE7013810B510F8013F03B910BD14683F
:100590000B55136801331360F5E7F0B5002385B000
:1005A0000A271C460133B0FBF7F6103407FB16058B
:1005B000DBB26C44303504F80C5C04463046092C40
:1005C000EFD80BB905B0F0BD581E04AD1468C3B226
:1005D00055FA80F010F80C0C0855106801301060C6
:1005E000EFE70000B5EEC00A0A4673B5F1EE10FA67
:1005F000054601AE42BFB1EE400A0B682D21FDEE6B
:10060000C07A44BFC15413680146B8EEE77A48BFC8
:10061000013317EE900A48BF136030EE470A9FED92
:10062000157AFFF7BAFF13682E210A2020EE070A79
:10063000E95402A91368BCEEC07A013317EE104AE0
:100640001360B4FBF0F300FB1344303401F8014DA8
:100650008E421C46F5D1002311F8014B013310687E
:10066000DBB22C541468042B04F101041460F3D1A0
:1006700002B070BD00401C46F7B5002604460D468A
:10068000174601962B78019813B1B0F5806F03D30C
:100690000023235403B0F0BD252B3ED16A7807EB2D
:1006A000860157F82630662A097926D007D8632AAA
:1006B0002CD0642A0DD0013502360135E2E7732AC9
:1006C000F9D10429F7D101AA21461846FFF759FFAD
:1006D000F1E701290DD0022905D00029EBD101AAAB
:1006E0002146187802E001AA21461868FFF755FF55
:1006F000E1E701AA21461888F8E70329DBD101A91F
:10070000204693ED000AFFF76DFFD4E70029D2D110
:10071000421C1B7801922354CDE7421C23540192C2
:10072000CBE758B151B15AB10139024410F8013B3D
:10073000824201F8013FF9D1002070470220704742
:10074000072070470023013930B59CB2A24201D87E
:10075000002006E0C55C0133CC5CA542F5D001D990
:10076000012030BD4FF0FF30FBE72DE9F041064698
:1007700008460F46FFF7F8FE0446A0B13046FFF7E3
:10078000F3FEA0420ED9051B4FF00008A2B206EB03
:10079000080439462046FFF7D5FF20B108F10108CB
:1007A000A845F4D900242046BDE8F081F8B50F46ED
:1007B00014461E46F8B1F1B1EAB1E3B1FFF7D5FF37
:1007C0000546C0B13846FFF7CFFE0544214628460E
:1007D000FFF7CBFF78B1441BA3B273B1BDF818206B
:1007E00093420AD81A46314628461C46FFF799FF1D
:1007F00000203055F8BD0220FCE70620FAE702464B
:1008000010B570B169B1002340F2FF14D05C30B173
:10081000A34201D1062010BDC8540133F6E7C854E5
:10082000F9E70220F7E7B0B1A9B10023CA5C12B121
:10083000B3F5007F01D1421E03E00133F6E7C8544F
:10084000013312F8010F20B1B3F5FF7FF7D906206D
:100850007047C854704702207047FEE708B500F0A3
:1008600007FD0748074A0849121AFFF743FD0748E2
:10087000074A0021121A0AF095FA0AF02FF9FEE74A
:1008800000000024980200243CB8000898020024CC
:100890005042002410B59CB04C22002109A80AF057
:1008A00081FA2022002101A80AF07CFA022004F03B
:1008B00011FB00230093254BDA6A22F00102DA6271
:1008C000DB6A234A03F001030093936923F4404356
:1008D00043F480439361936903F440430093009B86
:1008E00093699C04FCD54FF4803309211E220C200F
:1008F0000124CDE9091302230E941494CDE91523A4
:100900000522CDE91233CDE917230023CDE91903E0
:1009100009A81B9301F02CFB08B172B6FEE7032374
:100920003F222146CDE901234FF40063CDE9033096
:100930004FF48063CDE90500CDE9073001A801F04F
:100940005FFE08B172B6FEE71CB010BD000400588F
:100950000048025800B5B1B0B822002102A80AF040
:1009600021FA00234FF000426846CDE900234FF002
:100970000053159302F0C6F808B172B6FEE731B025
:100980005DF804FB08B504F01BFBFFF783FFFFF7DE
:10099000E1FF00F01FF800F07BFA00F033F900F0FF
:1009A0009DF800F0C5FA00F0B5F900F011FB00F079
:1009B0003DFBBDE8084000F07BBB00000268034B34
:1009C0009A4201D104F02ABB704700BF00000140E9
:1009D00072B6FEE72DE9F04114228AB00021DFF85B
:1009E000F8800DEB0200394E0AF0DCF9384B404636
:1009F000384FD3F8E0204FF440510024012542F055
:100A00008002C3F8E020D3F8E02002F080020192D7
:100A1000019AD3F8E02042F00102C3F8E020D3F8B5
:100A2000E02002F001020292029AD3F8E02042F0A4
:100A30000202C3F8E020D3F8E02002F002020392A1
:100A4000039AD3F8E02042F00802C3F8E020002225
:100A5000D3F8E03003F008030493049B03F096FA04
:100A6000304600224FF4704103F090FA00223846DD
:100A70004FF4806103F08AFA4FF4405305A94046D1
:100A8000CDE90535CDE9074403F098F94FF400634B
:100A900005A930460794CDE9053403F08FF94FF4EA
:100AA000704305A93046CDE90535CDE9074403F08B
:100AB00085F94FF4806305A93846CDE90535CDE9C0
:100AC000074403F07BF90AB0BDE8F081000C02583E
:100AD00000440258000002580004025810B50024D7
:100AE0008AB01C22214603A80294CDE900440AF0F2
:100AF00059F91C481C4B84820477446380F83840C1
:100B0000C0E90034042303610123C0E90244836186
:100B1000C363C0E90944C0E90B4401F063F808B1BC
:100B2000FFF756FF69460F48009401F0BBF908B182
:100B3000FFF74EFF0D4A062303A90A48CDE9032318
:100B4000002340F2FF72CDE9053204228DF82530F2
:100B5000CDE9072300F096FC08B1FFF739FF0AB092
:100B600010BD00BF98020024002002400800900C35
:100B700010B5B8B004461422002103A80AF012F9F7
:100B8000C022002108A80AF00DF922681A4B9A42E7
:100B900030D100234FF4002208A8CDE908234FF4F8
:100BA0000033319301F0AEFF08B1FFF711FF134B93
:100BB00003A91348D3F8D82042F02002C3F8D82064
:100BC000D3F8D82002F020020192019AD3F8E02055
:100BD00042F00102C3F8E0204022D3F8E03003F0F5
:100BE00001030293029B0323CDE903230023059312
:100BF00003F0E4F838B010BD002002400044025871
:100C0000000002581648012206214FF00D0C08B5CD
:100C1000144BC0E90512022103600023C0E907C19B
:100C2000052103828374C0E90233C0E90922C0E9C7
:100C30000B22C0E90D33C0E90F32C0E91113C0E93E
:100C40001313C0E91513C0E91732C0E9193104F0D4
:100C50004DFA18B1BDE80840FFF7BABE08BD00BFA5
:100C6000FC02002400A0004010B5B8B004461422D5
:100C7000002103A80AF096F8C022002108A80AF073
:100C800091F82268204B9A423CD100234FF4004255
:100C900008A8CDE908234FF08053249301F032FFD8
:100CA00008B1FFF795FE194B002403A91848D3F8A3
:100CB000EC2042F48072C3F8EC20D3F8EC2002F46C
:100CC00080720192019AD3F8E02042F00102C3F849
:100CD000E0204FF4C052D3F8E03003F00103029358
:100CE000029B0223CDE903230923CDE905440793A1
:100CF00003F064F813202246214604F021F9132062
:100D000004F050F938B010BD00A000400044025873
:100D10000000025808B516484FF4E133154AC0E9FF
:100D2000002300230C22C0E902330361C0E905233C
:100D3000C0E90733C0E9093305F0D0FD08B1FFF77A
:100D400047FE00210A4805F007FF08B1FFF740FE03
:100D50000021074805F020FF08B1FFF739FE0448DD
:100D600005F0DFFE18B1BDE80840FFF731BE08BD51
:100D70008C0400240010014070B5B8B0064614225F
:100D8000002103A80AF00EF8C022002108A80AF0EA
:100D900009F83268374B9A4269D10122002308A82A
:100DA000CDE9082301F0AEFE08B1FFF711FE324B8A
:100DB0004FF4404100253148D3F8F020304C42F048
:100DC0001002C3F8F020D3F8F02002F010020192D4
:100DD000019AD3F8E02042F00202C3F8E020D3F8F1
:100DE000E03003F002030293029B0223CDE90313D8
:100DF000042303A90793CDE9055502F0DFFF21483D
:100E00002A23C4E9000340232046C4E902354FF4F5
:100E10008063C4E90655C4E90435C4E9085503F004
:100E200039FA08B1FFF7D4FD174A2923F467A663FE
:100E3000164CC4E9002300234FF480622046C4E925
:100E40000233C4E90423C4E90633C4E9083303F0D8
:100E500021FA08B1FFF7BCFD00222520C6F880402A
:100E60001146A66304F06CF8252004F09BF838B016
:100E700070BD00BF00100140004402580004025839
:100E80001404002410000240280002409C030024A7
:100E9000244B4FF0040C07B5D3F8D820802122480A
:100EA0004FF0C07E42F00102C3F8D820D3F8D8300A
:100EB0001E4A03F001030193019B0023C0E90023B4
:100EC0004FF400720362C0E902124FF48062C0E97D
:100ED0000633C0E904230323C0E909C34FF4C00368
:100EE000C0E90BE303F0D6F908B1FFF771FD00226A
:100EF0000B20114604F024F80B2004F053F80022D4
:100F00000C20114604F01CF80C2004F04BF80022D1
:100F10000D20114604F014F80D2003B05DF804EB29
:100F200004F040B80044025820050024400002406C
:100F300008B50E4800230E4A7F2103614361C0E9D2
:100F40000023FF22C0E90633C0E9021205F0D8FEF3
:100F500008B1FFF73DFD0422B421044805F01CFF51
:100F600018B1BDE80840FFF733BD08BD980500245F
:100F70000040005810B5B0B00446C02200216846B9
:100F800009F010FF2268104B9A421AD100234FF447
:100F900080026846CDE900234FF400732D9301F0E1
:100FA000B1FD08B1FFF714FD084A0320136F43F4A5
:100FB000004313670022114603F0C2FF032003F031
:100FC000F1FF30B010BD00BF00400058004402588F
:100FD00008B50848084B036000238380C0E9053347
:100FE0000123036205F04CFF18B1BDE80840FFF78C
:100FF000EFBC08BDBC050024004C0258026882B05A
:10100000094B9A420DD1A3F50063D3F8E02042F4D6
:101010000022C3F8E020D3F8E03003F4002301936A
:10102000019B02B0704700BF004C025808B50A4847
:1010300080230A4AC0E9002300238360084BC36071
:10104000084B03612823436105F07BFF18B1BDE81D
:101050000840FFF7BDBC08BDE005002400100248B1
:10106000BCAE0008ACAE00080F4B07B502689A4250
:1010700017D10E4B4F20D3F8DC2042F01002C3F8FA
:10108000DC200022D3F8DC30114603F0100301937A
:10109000019B03F055FF4F2003B05DF804EB03F014
:1010A00081BF03B05DF804FB001002480044025801
:1010B00008B505482023036006F094FA18B1BDE88E
:1010C0000840FFF785BC08BD400600240C4B07B55F
:1010D000D3F8DC20502042F02002C3F8DC200022AC
:1010E000D3F8DC30114603F020030193019B03F099
:1010F00027FF502003B05DF804EB03F053BF00BF9F
:1011000000440258FEE7FEE7FEE7FEE7FEE7704711
:10111000014805F09DBE00BF9805002402F050BDB7
:10112000014803F0DFBC00BF14040024014803F0B1
:10113000D9BC00BF9C030024014803F0D3BC00BF0E
:1011400020050024014804F04BBB00BFFC02002432
:10115000014804F0F3BC00BF84060024014804F0F9
:1011600045BF00BF8C040024014805F013BF00BF39
:10117000E0050024014806F067BA00BF40060024DD
:101180000C4B07B5D3F8F420042042F00202C3F858
:10119000F4200022D3F8F430114603F00203019347
:1011A000019B03F0CDFE042003B05DF804EB03F0D7
:1011B000F9BE00BF004402580F2810B504468AB09B
:1011C00002D901200AB010BD01460022192003F007
:1011D000B7FE192003F0E6FE164B694602A81C6014
:1011E000154B164CD3F8F02042F00102C3F8F02062
:1011F000D3F8F03003F001030193019B01F06CFB85
:1012000001F058FB0E4B4000236040F2E733E360EF
:101210000C4BB0FBF3F001380023606020462361E3
:10122000A36004F07FFD0028CBD1204604F044FCED
:10123000C8E700BF0C0000240044025884060024C4
:101240000000014040420F00034B1A68D36823F0AE
:101250000103D360704700BF84060024034B1A6863
:10126000D36843F00103D360704700BF84060024B5
:101270002E4AD2F8883043F47003C2F888302C4AE2
:10128000136803F00F03062B05D8136823F00F0330
:1012900043F007031360274B1A6842F001021A60FB
:1012A00000221A61244A19680A4021491A600A6812
:1012B000100705D50A6822F00F0242F007020A6003
:1012C00000221E499A61DA611A6299621C49D96248
:1012D0001C4919635A639963DA6319645A6419687B
:1012E00021F4802119601A66174B1B686FF30F03F6
:1012F000B3F1005F03D2154B0122C3F808210D4B57
:10130000D3F8D420D2040FD4D3F8D42043F2D2019E
:1013100042F48052C3F8D4200D4A1160D3F8D4208F
:1013200022F48052C3F8D420704700BF00ED00E0E3
:1013300000200052004402587FEDF6EA000202024B
:101340000000FF01800201010010005C00800051DC
:1013500000400052806800F0010070478068C0F3D0
:10136000800070470368414A93422DE9F0410446EA
:101370000E461CD03E4802F540723E49834218BFDB
:101380000A4625699768082D07F01F0722D040F20A
:101390002122FA40D1070CD5DB6813F0010F18D0D9
:1013A000636D012043F020036365BDE8F081324A9C
:1013B000E7E72E4A93420AD02D4802F540722D49A4
:1013C000834218BF0A46936813F4404FE7E72A4A5E
:1013D000F9E7042503F02EFE804623681A682A42A6
:1013E00025D0626D42F400726265DA6812F4406FD3
:1013F0000FD1627D6AB91A6816070AD5626D22F4A8
:1014000080726265626DD00403D4626D42F00102A5
:101410006265174A934204D140F22122FA40D10773
:101420001BD5DA68082D1BD11D600020BDE7721C9A
:10143000D4D003F0FFFDA0EB0800B04201D8002E8D
:10144000CBD123681B682B40C7D1626D032084F881
:10145000503042F004026265A7E7044AD268E1E72F
:101460005204E2D40C221A60DFE700BF00200240E1
:101470000021024000630258002302400368186CF8
:10148000704700000023F7B50193054690F85030EF
:10149000012B00F0F4810124036880F850401846C5
:1014A000FFF75CFF002840F020810A68002A4FEA1D
:1014B000926007DBC2F31306002E77D18440DA690D
:1014C0002243DA614C6803F1300C1F2700F01F0043
:1014D000A60904F01F0406F00C06A740A0405CF823
:1014E000062022EA0702024318464CF80620FFF7BE
:1014F00035FF9A6802F0080202434BD1086803F1F5
:1015000014070726C40DC0F3045004F004048640F9
:101510003A5922EA06028E68864032433A519A4A84
:101520004869126802F07042B2F1805FDA6846D111
:10153000C2F3820252000F6990400C68042F46D01B
:1015400003F1600604F0F84456F8272002F0004248
:101550002243024346F82720487E0C69471E56F86E
:101560002420784222F00042784142EAC07246F8D4
:1015700024200A7E0C6902F1FF3C186904F01F0464
:10158000DCF1000220F4F04042EB0C02D202A24057
:1015900002431A611846FFF7DDFE024600283DD0DF
:1015A0000020002385F8503003B0F0BD92FAA2F27B
:1015B000B2FA82F2012402F01F0294407FE712F097
:1015C000100FDA68B4D0520802F00802B3E71A6EBE
:1015D000A00602F0F842B2EB846F03D11A6E22F03B
:1015E00000421A665A6E02F0F842904203D15A6ED7
:1015F00022F000425A669A6E02F0F842904203D1FD
:101600009A6E22F000429A66DA6E02F0F842904238
:10161000C0D1DA6E22F00042DA66BBE70C68CE6811
:10162000C4F31300D3F8C01006F0180721EA000134
:101630005648F84020400143C3F8C01054498E4238
:1016400034D154498B4256D153498C427CD05349B2
:101650008C427BD052498C427AD052498C4279D00C
:1016600001F1866110318C4276D04F498C4201F1F4
:10167000042101F5401171D08C4261D001F18661E5
:1016800001F500618C4259D048498C425AD04848F3
:101690004849844208BF0A46C2F3130100295FD1BA
:1016A000910E01228A40D9690A43DA61002CBFF603
:1016B00077AF38498B425DD03F4E404A4048B342F5
:1016C00018BF02468B42926802D03B498B4253D1ED
:1016D0003048FFF73FFE01463748FFF73BFE014326
:1016E0000CBF0120002000287ED16B6D012043F04B
:1016F00020036B6555E730498B42CDD126498C429A
:1017000022D026498C4221D025498C4220D025491F
:101710008C421FD001F1866110318C421CD02249CD
:101720008C421BD001F1042101F540118C4201F1E2
:10173000866101F5006103D08C42A8D1214AABE754
:10174000214AA9E7214AA7E70122A5E7204AA3E702
:10175000204AA1E7204A9FE7204A9DE7204A9BE7CD
:1017600092FAA2F2B2FA82F2012102F01F0201FA09
:1017700002F298E7114AA5E71A48FFF7EBFDB0FA25
:1017800080F04009AFE700BF0010005CFFFF0F00D2
:101790000000FF47002002400200300404006008FF
:1017A0000800900C1000C0100004002A0000214323
:1017B0000000844B0000B84F00210240002302408B
:1017C000006302580020903600106032000052473B
:1017D000400020198000501D000180210002B0252A
:1017E0000008302E00600258264802F0E071844262
:1017F0001ED114023FF5D4AE234A93427FF4D0AEFB
:10180000D2F8083323F0E0730B4343F40003C2F82B
:1018100008331E4B1E4A1B68B3FBF2F301335B0017
:101820000193019B002B3FF4BBAE019B013BF7E70B
:101830001848844210D1D0013FF5B2AE124A93420B
:101840007FF4AEAED2F8083323F0E0730B4343F0DD
:101850008073C2F80833A3E60F4884427FF4A0AE39
:1018600052023FF59DAE084A93427FF499AED2F8FA
:10187000083323F0E0730B4343F48003E9E70220CD
:1018800092E600BF000084CB0060025804000024F0
:10189000400D0300000052C70000B8CF026870B5C9
:1018A00004461046FFF756FD08B1002070BD916850
:1018B000214B194209D0636D012043F01003636589
:1018C000A36D43F00103A365F0E7936823F00043A1
:1018D00023F03F0343F00103936003F0ABFB226866
:1018E000164B054616499A420CD003F5407315482D
:1018F0008A4218BF03468A429B6801D1D906D4D1D7
:10190000114E13E0114BF6E71046FFF723FD20B907
:101910009368334043F00103936003F08BFB401B5B
:10192000022803D923681B68DA07C4D52268136824
:10193000DB07E9D5B9E700BF3F0000800020024087
:101940000021024000630258C0FFFF7F00230240D5
:101950003A4B70B504460068984255D0384903F5B3
:101960004073384A884218BF13469E68FFF7F6FC5A
:10197000054600285FD194F85030012B5BD001233D
:10198000204684F85030FFF789FF002850D1636D5E
:1019900006F01F012A4A23F4706323F0010343F485
:1019A000807363652368934230D189BBA2F580724E
:1019B000656D25F480156565656D15F4805502D05B
:1019C000A56D25F00605A5651C2593421D604FF009
:1019D000000584F8505005D040F2212525FA01F188
:1019E000C90717D5DA68920105D5626D22F4405215
:1019F00042F4805262659A6822F0004222F03F026F
:101A000042F004029A6070BD0F4BAEE71A46CFE772
:101A10000A4AD1E7636D43F480136365D3689B0181
:101A2000F1D5636D23F4405343F480536365EAE7D3
:101A300084F85050E7E70220E5E700BF00200240AD
:101A4000002102400063025800230240026838B5BA
:101A5000044610469368FFF77DFC08B9002038BDA6
:101A60009907FBD4936803F00D03012B19D19368F8
:101A700023F0004323F03F0343F00203936003236A
:101A8000136003F0D7FA054623689B68DB07E5D5AA
:101A900003F0D0FA401B0228F6D923689B68DA07C6
:101AA000F2D5636D012043F010036365A36D43F02D
:101AB0000103A365D3E7000038B5434A0546036830
:101AC000934203D002F58072934225D13F4B9B682D
:101AD00013F4403F14BF01230023FBB94FF400204F
:101AE000002101F003FF6B680446B3F5101F4AD0D4
:101AF0003FD8B3F5E01F44D036D8B3F5801F08D0E7
:101B00002CD8B3F5002F04D023F40022B2F5802F97
:101B100016D19B0C5B000FE02D4BD8E700F096FE32
:101B20006B680446B3F5003F05D0B3F5403F06D0DF
:101B3000B3F5803F04D11B0CB4FBF3F400E0840840
:101B400003F090FA41F2030398422B6823D8214A0C
:101B500094429A681BD942F480721AE0B3F5A01F30
:101B6000D7D0B3F5C01FD3E7B3F5001FE8D14409C0
:101B7000E6E7B3F5201F08D0B3F5301FE0D1040A23
:101B8000DEE70409DCE78409DAE7C409D8E722F4D0
:101B900080729A6038BD104A944203D89A6822F441
:101BA0004072F6E70D4A944203D89A6822F44072D4
:101BB000D1E70B4A94429A6896BF22F4407242F4ED
:101BC000407242F40072E4E7002002400023024029
:101BD00000630258002D310121BCBE0041787D0117
:101BE00081F0FA02002373B504460193002800F047
:101BF000ED80456D25B9FEF7BBFFA56584F8505013
:101C000023689A68900005D59A6822F0204222F055
:101C10003F029A609A68D10040F19E809A68D20093
:101C200000F1B080626D012542F010026265A26D84
:101C300042F00102A2651846FFF790FB626D02F0C8
:101C40001002024340F0BE80626D184622F4817299
:101C500042F002026265FFF77DFB88B95C4A93425D
:101C600004D002F58072934240F08E805848FFF70E
:101C700071FB03465748FFF76DFB034300F092806A
:101C800003F0F0F941F20303A2689842217F607DDE
:101C9000236B40F28980102A40F086800A0442EAD1
:101CA0004032134343F01C03012902BF226A02F1B0
:101CB000FF3243EA4243626A22B102F47872A16AB7
:101CC0000A43134322684449D0680140104619432F
:101CD000D160FFF743FB936803F00803034327D168
:101CE000D368217D23F4804323F0030343EA813347
:101CF000E16A0B43D36094F83830012B5AD1E36B7F
:101D00001069591ED4E91036334343EA0143A16CEC
:101D10000B43324901400B4343F00103136120465A
:101D20001369616B23F070430B431361FFF7C4FE2B
:101D3000E3682268012B41D1116BA36921F00F01E7
:101D4000013B0B431363636D23F0030343F0010373
:101D50006365284602B070BD9A68214922F010429E
:101D600022F03F0242F080529A601E4A1268B2FB93
:101D7000F1F201320192019A002A3FF44FAF019A29
:101D8000013AF7E7002556E71748FFF7E3FA00287E
:101D90007FF476AF154A9368616823F47C130B4394
:101DA00093606DE7124AF6E7134343EA403343EA90
:101DB000014379E7136923F00103AFE7136B23F0C5
:101DC0000F03BFE7636D43F0100363650125C0E7B0
:101DD000002002400021024003C0F0FF1EF800FC7A
:101DE000400D030004000024006002580063025804
:101DF00000230240806800F0010070478068C0F353
:101E000080007047002373B50193044690F850306A
:101E10000D461646012B3ED0012380F85030FFF7C7
:101E200015FE636D002833D123F48853226806F031
:101E3000804605F4803523F0020343F00203636516
:101E4000164B91680B4033432B4343F000439360A0
:101E50009368002B12DA019B013301930199104B17
:101E60009942F5D3636D012023F0120343F0100370
:101E70006365002384F8503002B070BD636D23F0B9
:101E8000030343F001036365002384F85030F3E754
:101E900043F01003F7E70220EEE700BFC0FFFE3F6C
:101EA00000F8C32570B590F850209AB00346012A77
:101EB00055D001222B4C80F8502000201D68169030
:101EC000A54217900ED12848FFF798FF04462846F0
:101ED000FFF794FF20430ED0596D104641F02001CA
:101EE000596524E0596D83F85000104641F02001F7
:101EF00059651AB070BD0C681C4AE4B190684E6810
:101F000020F44040304390602846FFF773FF0546B9
:101F10001548FFF76FFF054308D1896890680C43A7
:101F200020F4716121F00F010C4394600020002225
:101F300083F85020DDE79168284621F44041916004
:101F4000FFF758FF01460848FFF754FF0143EDD162
:101F5000916821F4716121F00F019160E6E70220A0
:101F6000C7E700BF002002400021024000230240DA
:101F700070B50446002872D00368DD075CD423687E
:101F8000980700F1AB802368D80627D59B4A1369D0
:101F9000916A03F03803082B07D0182B40F0018119
:101FA00001F00303012B40F0FC801368D90502D532
:101FB000E369802B53D103F055F841F20303216A02
:101FC00098428E4B00F2E6805A68202922F0F842AF
:101FD0000CBF42F0804242EA81625A6023681807CF
:101FE00000F121812368990600F1428123685D0791
:101FF0001CD5834D2B6843F480732B6003F01AF8D3
:1020000006462B68DA0540F15881A3687B4D012B09
:1020100040F05A812B6F43F001032B6703F00AF85D
:10202000764E0546336F9B0740F17381616A002944
:1020300040F0778100202BE0704A1369916A03F029
:102040003803102B05D0182B0BD101F00303022B02
:1020500007D11368990392D56368002B8FD10120B3
:1020600016E06368654DB3F5803F12D12B6843F4E9
:1020700080332B6002F0DEFF604E054633689A0322
:102080003FF57DAF02F0D6FF401B6428F6D9032050
:1020900070BDA3B92B6823F480332B602B6823F425
:1020A00080232B6002F0C6FF06462B689B037FF55A
:1020B00066AF02F0BFFF801B6428F6D9E7E7B3F5EF
:1020C000A02F2B6803D143F480232B60CEE723F4A9
:1020D00080332B602B6823F48023CAE74749E268EA
:1020E0000B69886A13F0380303D0182B2AD18507AF
:1020F00028D10B68580701D5002AB0D03F4D2B6876
:1021000023F0190313432B6002F094FF06462B685B
:10211000590711D502F0A6FF41F203032269984244
:102120006B6822D823F47C33402A0CBF43F400337D
:1021300043EA02336B6026E702F07CFF801B022833
:10214000E5D9A4E72D4D2B68A2B123F01903134361
:102150002B6002F06FFF06462B685A07DAD402F0B4
:1021600069FF801B0228F7D991E723F0FE4343EA79
:102170000263DFE723F001032B6002F05BFF0646FA
:102180002B685B077FF5FFAE02F054FF801B02282F
:10219000F6D97CE7DA6822F07C5242EA0162DA6022
:1021A0001CE7E369154D6BB32B6843F080032B608C
:1021B00002F040FF06462B68DA0511D502F052FF07
:1021C00041F20303226A984210D86B68202A23F058
:1021D000F8430CBF43F0804343EA82636B60FDE643
:1021E00002F028FF801B0228E5D950E7EB6823F0B6
:1021F0007C5343EA0263EB60F0E600BF0044025800
:10220000004802582B6823F080032B6002F012FF75
:1022100006462B68DB057FF5E1AE02F00BFF801B65
:102220000228F6D933E76369A34D83B16B6F43F09E
:1022300001036B6702F0FEFE06466B6F9A073FF5DF
:10224000D1AE02F0F7FE801B0228F6D91FE76B6FB4
:1022500023F001036B6702F0EDFE06466B6F9B07F0
:102260007FF5C0AE02F0E6FE801B0228F6D90EE72D
:10227000A369914D83B12B6843F480532B6002F026
:10228000D9FE06462B6898043FF5B0AE02F0D2FEA8
:10229000801B0228F6D9FAE62B6823F480532B60C2
:1022A00002F0C8FE06462B6899047FF59FAE02F047
:1022B000C1FE801B0228F6D9E9E602F0BBFE801BB6
:1022C00064287FF69EAEE2E6ABB92B6F23F00103E4
:1022D0002B672B6F23F004032B6702F0ABFE06463F
:1022E0002B6F98077FF5A2AE02F0A4FE801BB0F51D
:1022F0007A7FF5D9CBE6052B2B6F03D143F004038E
:102300002B6787E623F001032B672B6F23F0040371
:1023100083E602F08FFE401BB0F57A7F7FF682AE37
:10232000B5E6654D2B6903F03803182B78D02B6880
:10233000022923F080732B6065D102F07BFE0646F4
:102340002B68990159D4AB6AA26A23F47C7323F0F9
:1023500003031343E26A43EA0213AB62636BA26BAB
:10236000013B013A5B0212049BB202F4FE021343EA
:10237000226B013AC2F308021343E26B013A1206E0
:1023800002F0FE4213432B63EB6A23F00103EB627E
:102390006B6BA26C6FF3CF0343EAC2036B63EB6A10
:1023A000226C23F00C031343EB62EB6A626C23F0A4
:1023B00002031343EB62EB6A43F48033EB62EB6A94
:1023C00043F40033EB62EB6A43F48023EB62EB6A85
:1023D00043F00103EB622B6843F080732B6002F043
:1023E00029FE354D04462B689A013FF523AE02F0D5
:1023F00021FE001B0228F6D949E602F01BFE801BD5
:1024000002289DD943E602F015FE04462B689B0185
:102410007FF510AE02F00EFE001B0228F6D936E65C
:102420000129AA6A2B6B3FF41AAE02F00301A06ADD
:1024300081427FF414AEC2F30512E16A8A427FF44E
:102440000EAE226BC3F30801013A91427FF407AE4E
:10245000626BC3F34621013A91427FF400AEA26B56
:10246000C3F30641013A91427FF4F9ADE26BC3F345
:102470000663013A93427FF4F2AD6B6BA26CC3F337
:10248000CC039A423FF4D6AD0B4DEB6A23F0010327
:10249000EB6202F0CFFD064602F0CCFDB042FBD06D
:1024A0006B6BA26C6FF3CF0343EAC2036B63EB6AFF
:1024B00043F00103EB62BDE500440258494B1A6941
:1024C00002F03802102A30B500F08880182A0CD0AB
:1024D000002A40F085801A68434812F0200F03D08C
:1024E0001B68C3F3C103D84030BD996A9D6ADC6A9A
:1024F00015F47C7FC5F305105A6BF5D0C2F3CC02FE
:1025000004F0010401F0030107EE900A6243B7EE04
:10251000006A0129B8EEE77A06EE902AFAEEE96A37
:102520004ED002293ED000294AD11A68920627D5FA
:1025300019682D4AC1F3C1011B6BCA40C3F30803DC
:1025400007EE902AF8EEE75AC5EE877A07EE103AC2
:10255000B8EEC77A37EE267A37EE067A67EE877AD4
:10256000204B1B6BC3F34623013307EE103AF8EE02
:10257000C76A87EEA67AFCEEC77A17EE900AB3E731
:102580001B6BC3F3080307EE903AF8EEE77A77EE99
:10259000A67A77EE867A9FED156AC6EE076A67EE31
:1025A000A67ADDE71B6BC3F3080307EE903AF8EE5B
:1025B000E77A77EEA67A77EE867A9FED0D6AECE7FA
:1025C0001B6BC3F3080307EE903AF8EEE77A77EE59
:1025D000A67A77EE867A9FED076ADEE7064883E7FC
:1025E000064881E7004402580090D0030024744C50
:1025F0000024F44A0024744A00127A0000093D00C5
:102600002DE9F0410D46044610B90120BDE8F081E6
:10261000884A136803F00F038B42C0F0938023684D
:102620005F0700F19B801E070BD583496069CA696B
:1026300002F07002904204D9CA6922F0700202438B
:10264000CA61D8060BD57C49A069CA6902F4E06268
:10265000904204D9CA6922F4E0620243CA61990631
:102660000BD57549E0690A6A02F07002904204D9FC
:102670000A6A22F0700202430A629A070BD56E4979
:10268000E0688A6902F00F02904204D98A6922F058
:102690000F0202438A61DF076ED423689E0700F1B0
:1026A000A18064490A6802F00F02AA4200F2A880E1
:1026B000580700F1B18019070BD55F496069CA69F5
:1026C00002F07002904204D2CA6922F07002024302
:1026D000CA61DA060BD55849A069CA6902F4E062FA
:1026E000904204D2CA6922F4E0620243CA619B06A6
:1026F0000BD5514AE169136A03F07003994204D281
:10270000136A23F070030B431362FFF7D7FE4A49A5
:102710004A4A8B69C3F30323D35C03F01F03D840F9
:102720008B6903F00F03D35C454A03F01F0320FAC3
:1027300003F31360434B1860434BBDE8F041186846
:10274000FEF73ABD136823F00F030B4313601368C1
:1027500003F00F038B427FF458AF60E736492069DE
:102760008A6902F0700290427FF65DAF8A6922F0BA
:10277000700202438A6156E72F4BA1689A6922F4DE
:1027800070620A439A6161681A6802291DD112F4C5
:10279000003F3FF43AAF1A6941F28838264F22F0E1
:1027A00007020A431A6102F045FC06463B6962686B
:1027B00003F03803B3EBC20F3FF46FAF02F03AFC03
:1027C000801B4045F2D9032020E7032902D112F0F3
:1027D000007FDEE7012902D112F4807FD9E712F0F1
:1027E000040FD6E71449E0688A6902F00F029042AC
:1027F000BFF457AF8A6922F00F0202438A6150E7A3
:102800000A6822F00F022A430A600A6802F00F02E7
:10281000AA427FF4FAAE4BE7074920698A6902F0C1
:1028200070029042BFF447AF8A6922F070020243FF
:102830008A6140E70020005200440258CCAE0008F4
:1028400000000024040000240C00002408B5FFF759
:1028500035FE0B4A0B4993699269C3F3032302F0D7
:102860000F02CB5C03F01F0320FA03F3885C064AD7
:1028700000F01F0023FA00F01060044A136008BD46
:1028800000440258CCAE00080000002404000024DC
:1028900008B5FFF7DBFF054B054ADB69C3F30213FD
:1028A000D35C03F01F03D84008BD00BF00440258AA
:1028B000CCAE000808B5FFF7C9FF054B054ADB6938
:1028C000C3F30223D35C03F01F03D84008BD00BF4D
:1028D00000440258CCAE00083F230360114B1A6934
:1028E00002F0070242609A6902F4706282609A699B
:1028F00002F00F02C2609A6902F070020261DA69A6
:1029000002F070024261DA6902F4E06282611B6ADD
:1029100003F07003C361044B1B6803F00F030B60EB
:10292000704700BF0044025800200052F8B5394CEF
:1029300006460D46A36A03F00303032B67D0236802
:1029400023F08063236002F075FB074623681A01B9
:1029500049D4A36A326823F47C3343EA0233A36286
:10296000B368F268013B013A5B0212049BB202F4C5
:10297000FE0213437268013AC2F30802134332693C
:10298000013A120602F0FE421343A363E36A72693E
:1029900023F0C0031343E362E36AB26923F0200328
:1029A0001343E362E36A23F01003E362E36BF2692B
:1029B0006FF3CF0343EAC203E363E36A43F0100318
:1029C000E362E36AB5B943F40023E362114C236880
:1029D00043F08063236002F02DFB054623681B0152
:1029E0000FD5002005E002F025FBC01B0228ADD961
:1029F0000320F8BD012D0CBF43F4801343F40013F2
:102A0000E3E702F017FB401B0228E7D9F0E70120BB
:102A1000EFE700BF00440258F8B5394C06460D46B2
:102A2000A36A03F00303032B67D0236823F08053CA
:102A3000236002F0FFFA074623689A0049D4A36A8C
:102A4000326823F07C7343EA0253A362B368F268EE
:102A5000013B013A5B0212049BB202F4FE021343F3
:102A60007268013AC2F3080213433269013A12064E
:102A700002F0FE4213432364E36A726923F4406365
:102A80001343E362E36AB26923F400731343E3621E
:102A9000E36A23F48073E362636CF2696FF3CF033C
:102AA00043EAC2036364E36A43F48073E362E36A64
:102AB000B5B943F48003E362114C236843F08053BB
:102AC000236002F0B7FA054623689B000FD500206B
:102AD00005E002F0AFFAC01B0228ADD90320F8BD13
:102AE000012D0CBF43F4000343F08073E3E702F0D1
:102AF000A1FA401B0228E7D9F0E70120EFE700BF69
:102B00000044025803682DE9F041054618011ED51E
:102B1000AB6EB3F5001F2BD00FD8D3B1B3F5801F28
:102B20001DD001262B68D90551D5AB6D042B4DD88E
:102B3000DFE803F0243F46292900B3F5401FF0D118
:102B4000854AA96E136D23F440130B4313650026C9
:102B5000E8E7814AD36A43F40033D362F0E7022105
:102B600005F10800FFF7E2FE06460028DAD1E7E7A4
:102B7000022105F12800FFF74FFFF5E7764AD36AF7
:102B800043F40033D36234461CBB734AA96D136D02
:102B900023F007030B4313652B689A0528D5EB6DCB
:102BA000802B43D017D8A3B3402B38D0012634460E
:102BB0001EE0002105F10800FFF7B8FE0446E3E738
:102BC000002105F12800FFF727FFF7E7012634462B
:102BD000E2E72646E0E7C02B02D0B3F5807FE5D1DF
:102BE00054BB5D4AE96D136D23F4E0730B43136529
:102BF0002B685B0531D5D5F8A830B3F5800F49D0E7
:102C00001CD8002B39D0B3F5001F3CD00126344628
:102C100023E0514AD36A43F40033D362E0E7002152
:102C200005F10800FFF782FE0446D9E7002105F10F
:102C30002800FFF7F1FEF7E72646D9E7B3F5C00F06
:102C400002D0B3F5000FE1D154BB434AD5F8A81028
:102C5000936D23F460030B4393652B681F0530D5F8
:102C6000D5F8AC30B3F1007F45D01BD8B3B3B3F186
:102C7000807F39D00126344623E0374AD36A43F4B3
:102C80000033D362E0E7002105F10800FFF74EFEB4
:102C90000446D9E7002105F12800FFF7BDFEF7E75C
:102CA0002646DAE7B3F1407F02D0B3F1806FE1D17D
:102CB0003CBB294AD5F8AC10936D23F0E0630B437D
:102CC00093652B68980128D5EB6C202B3BD01AD844
:102CD000DBB1102B31D0012634461EE01E4AD36AE8
:102CE00043F40033D362E3E7002105F10800FFF766
:102CF0001DFE0446DCE7002105F12800FFF78CFEED
:102D0000F7E72646DDE7302BE5D11CBB124AE96C1C
:102D1000D36C23F030030B43D3642B68D9042CD538
:102D20002B6EB3F5005F74D018D8002B64D0B3F5C8
:102D3000805F67D0012634461FE0074AD36A43F418
:102D40000033D362E1E7022105F10800FFF7EEFD51
:102D50000446DAE72646E0E700440258B3F5405F50
:102D600002D0B3F5804FE5D1002C58D19C4A296E92
:102D7000136D23F4E0430B4313652B689A040BD5C2
:102D80006B6EB3F5003F64D04BD8002B51D0B3F538
:102D9000803F57D0012634462B685B040CD5D5F80C
:102DA000B030B3F1005F75D05BD8002B61D0B3F1C8
:102DB000805F68D0012634462B681F0411D52B6F25
:102DC000B3F1805F6ED0B3F1005F71D0002B76D18C
:102DD000002C77D1824A296F136D23F040530B43A7
:102DE00013652B68D8017DD5AB6C032B00F2BF8037
:102DF000DFE803F06F6AB66F794AD36A43F40033B1
:102E0000D362B1E7002105F10800FFF78FFD04460A
:102E1000AAE7002105F12800FFF7FEFDF7E72646A7
:102E2000ABE723F48032B2F5802F02D0B3F5403FF8
:102E3000B0D1A4B96A4A696E136D23F4E0230B4341
:102E40001365A9E7012105F10800FFF76FFD0446AE
:102E5000EFE7012105F12800FFF7DEFDF7E7264641
:102E60009AE723F08052B2F1804F02D0B3F1405F75
:102E7000A0D1ACB95A4AD5F8B010936D23F0E04315
:102E80000B43936598E7012105F10800FFF74EFD1C
:102E90000446EEE7012105F12800FFF7BDFDF7E745
:102EA000264689E74E4AD36A43F40033D3628FE75C
:102EB000012105F10800FFF739FD044688E70126E6
:102EC00034468EE726468CE7454AD36A43F40033FE
:102ED000D362002C4ED1424AA96CD36C23F0030379
:102EE0000B43D3642B6859024ED53E4F3B6843F4E5
:102EF00080733B6002F09EF880463B68DA053BD564
:102F0000002C73D1364BD5F8B4001A6F424012F43E
:102F1000407F0BD01A6F196F22F4407241F4803158
:102F20001967196F21F4803119671A67B0F5807F2E
:102F300041D0D5F8B4302A4903F44072B2F5407F4D
:102F400049D10869284A20F47C5002EA131202434E
:102F50000A61C3F30B03224A116F0B43136713E09B
:102F6000022105F10800FFF7E1FC0446B1E7012664
:102F70003446B7E72646B5E702F05CF8A0EB080058
:102F80006428BAD9032634462B68D80708D5EB6FD6
:102F9000102B43D02CD88BB3082B38D001263446C5
:102FA0002B68990750D5AB6F052B63D8DFE803F08A
:102FB000443E5C44444402F03DF8DFF82480074678
:102FC000D8F870309B07B4D402F034F8C01BB0F5C9
:102FD0007A7FF5D9D6E70A6922F47C52B8E700BFB8
:102FE0000044025800480258CFFFFF002646CBE7B6
:102FF00023F00802202A01D0182BCFD1A4B9204AEF
:10300000E96F536D23F038030B435365C8E7012183
:1030100005F10800FFF78AFC0446EFE7012105F1FE
:103020002800FFF7F9FCF7E72646B9E7012105F18B
:103030000800FFF77BFC0446FCB9114AA96F536DE9
:1030400023F007030B4353652B685A072BD5D5F89C
:103050009430052B00F26E81DFE813F01A001400A3
:1030600066011A001A001A00012105F12800FFF775
:10307000D3FCE0E701263446E6E72646E4E700BF56
:1030800000440258012105F10800FFF74FFC0446F7
:10309000002C40F05281AA4AD5F89410936D23F089
:1030A00007030B4393652B689B0610D5D5F890302A
:1030B000B3F1005F00F0608100F24481002B00F06A
:1030C0004A81B3F1805F00F05081012634462B68BD
:1030D0005F0610D5D5F89C30B3F5006F00F06E8117
:1030E00000F25281002B00F05881B3F5806F00F0A0
:1030F0005E81012634462B68180610D5D5F8A0301D
:10310000B3F5804F00F07C8100F26081002B00F06D
:103110006681B3F5005F00F06C81012634462B68B0
:10312000190714D5D5F88430B3F5805F07D1022193
:1031300005F12800FFF770FC002818BF0126804A1F
:10314000D5F88410536D23F440530B4353652B681B
:10315000DA0614D5D5F89830B3F5807F07D102216F
:1031600005F12800FFF758FC002818BF0126744A13
:10317000D5F89810936D23F440730B4393652B6837
:103180001B031BD5D5F8A410B1F5803F00F040819A
:10319000B1F5003F07D0002940F0408105F108005B
:1031A000FFF7C4FB0446002C40F03B81644AD5F88D
:1031B000A410936D23F440330B4393652B685F0396
:1031C0000FD5D5F88830B3F5001F00F03B81B3F57B
:1031D000401F00F02D81B3F5801F00F024810126EF
:1031E00034462B68D80309D52B6D002B00F03381B2
:1031F000B3F5803F00F03D81012634462B689900ED
:1032000007D5022105F12800FFF706FC002818BFAA
:103210000126D5E900319A0340F14381D5F88000B9
:10322000B0F5807F00F03F8100F22C81002800F093
:103230002F810124DF0206D541486E6F026D22F016
:10324000004232430265DE0007D53D48D5F8B8603C
:10325000026922F4804232430261980206D538485E
:10326000EE6E026D22F08072324302655A0009D57B
:10327000334A106920F4004010611069D5F8BC6031
:1032800030431061002B06DA2D486E6DC26C22F0BF
:1032900040523243C2641F0207D5294AD5F88C0038
:1032A000536D23F4400303435365CE0706D5002135
:1032B00005F10800FFF73AFB074600B927466B689F
:1032C0009C0706D5012105F10800FFF72FFB0646F4
:1032D00000B93E466B68580706D5022105F1080083
:1032E000FFF724FB044600B934466B68190706D57E
:1032F000002105F12800FFF78FFB064600B926469E
:103300006B68DA0606D5012105F12800FFF784FB7A
:10331000044600B934466B689B0600F1CA80201E43
:1033200018BF0120BDE8F081012105F12800FFF759
:1033300073FBACE601263446B5E62646B3E600BF8D
:103340000044025823F08052B2F1804F03D0B3F111
:10335000405F7FF4BAAEACB95B4AD5F89010536DBC
:1033600023F0E0430B435365B1E6002105F108006B
:10337000FFF7DCFA0446EEE7022105F12800FFF72B
:103380004BFBF7E72646A2E623F48062B2F5805FA6
:1033900003D0B3F5406F7FF4ACAEACB94A4AD5F870
:1033A0009C10936D23F4E0530B439365A3E6002137
:1033B00005F10800FFF7BAFA0446EEE7022105F12D
:1033C0002800FFF729FBF7E7264694E623F400528E
:1033D000B2F5004F03D0B3F5C04F7FF49EAEACB949
:1033E000394AD5F8A010936D23F460430B439365DD
:1033F00095E6002105F10800FFF798FA0446EEE78C
:10340000022105F12800FFF707FBF7E7264686E6CD
:10341000022105F12800FFF7FFFAC3E60126344632
:10342000CCE62646CAE6284AD36A43F40033D36280
:103430007CB9254AD5F88810536D23F440130B430B
:103440005365CEE6012105F12800FFF7E5FA0446B1
:10345000EEE72646C5E61C4AD36A43F40033D3623E
:1034600074B9194A296DD36C23F480330B43D364A8
:10347000C4E6022105F10800FFF758FA0446EFE719
:103480002646BBE620F48072B2F5007F7FF4D1AE11
:10349000002C7FF4CFAE0C4C626D22F440720243DC
:1034A00062653446C6E6084FFA6A42F40032FA62B0
:1034B000EEE7022105F12800FFF7AEFA00283FF4FD
:1034C0002EAF01202EE700BF0044025808B5FFF7D9
:1034D000BDF9054B054A1B6AC3F30213D35C03F025
:1034E0001F03D84008BD00BF00440258CCAE0008FE
:1034F0004F4970B58C6A8E6ACD6A16F47C3FC6F36C
:103500000533CA6B00F0908007EE903AC2F3CC030B
:10351000C5F3001204F00304B8EEE77A5343012C1C
:10352000B7EE006A06EE903AFAEEE96A6ED0022C27
:103530005ED0002C6AD10B689B0647D50A688B6B5E
:10354000C2F3C1013B4AC3F30803CA4007EE902A05
:10355000F8EEE75AC5EE877A07EE103AB8EEC77A6A
:1035600037EE267A37EE067A67EE877A304A936B23
:10357000C3F3462307EE103AB8EEC77A37EE067A61
:10358000C7EE876AFCEEE66AC0ED006A936BC3F390
:10359000064307EE103AB8EEC77A37EE067AC7EE62
:1035A000876AFCEEE66AC0ED016A936BC3F30663BB
:1035B00006EE903AF8EEE66A76EE866A87EEA67A2E
:1035C000FCEEC77A17EE903A836070BD8B6BDFED2F
:1035D0001A5AC3F3080307EE903AF8EEE77A77EE4B
:1035E000A67A77EE867AC5EE876A67EEA67ABDE799
:1035F0008B6BDFED125AC3F3080307EE903AF8EE37
:10360000E77A77EEA67A77EE867AECE78B6BDFEDDA
:103610000C5AC3F3080307EE903AF8EEE77A77EE18
:10362000A67A77EE867ADEE7C0E90033CCE700BF02
:10363000004402580090D0030024744C0024F44A43
:103640000024744A4F4970B58C6A8E6ACD6A16F0B0
:103650007C7FC6F305534A6C00F0908007EE903AE9
:10366000C2F3CC03C5F3002204F00304B8EEE77AFA
:103670005343012CB7EE006A06EE903AFAEEE96A7F
:103680006ED0022C5ED0002C6AD10B689B0647D509
:103690000A680B6CC2F3C1013B4AC3F30803CA407A
:1036A00007EE902AF8EEE75AC5EE877A07EE103A51
:1036B000B8EEC77A37EE267A37EE067A67EE877A63
:1036C000304A136CC3F3462307EE103AB8EEC77ABC
:1036D00037EE067AC7EE876AFCEEE66AC0ED006A4E
:1036E000136CC3F3064307EE103AB8EEC77A37EE11
:1036F000067AC7EE876AFCEEE66AC0ED016A136CD3
:10370000C3F3066306EE903AF8EEE66A76EE866A52
:1037100087EEA67AFCEEC77A17EE903A836070BD0A
:103720000B6CDFED1A5AC3F3080307EE903AF8EE7C
:10373000E77A77EEA67A77EE867AC5EE876A67EE45
:10374000A67ABDE70B6CDFED125AC3F3080307EE50
:10375000903AF8EEE77A77EEA67A77EE867AECE79B
:103760000B6CDFED0C5AC3F3080307EE903AF8EE4A
:10377000E77A77EEA67A77EE867ADEE7C0E900335D
:10378000CCE700BF004402580090D0030024744CE2
:103790000024F44A0024744A4F4970B58C6A8E6A3A
:1037A000CD6A16F47C7FC6F305134A6B00F0908057
:1037B00007EE903AC2F3CC0305F0010204F00304D3
:1037C000B8EEE77A5343012CB7EE006A06EE903A62
:1037D000FAEEE96A4ED0022C5ED0002C6AD10B685A
:1037E0009B0667D50A680B6BC2F3C1013B4AC3F362
:1037F0000803CA4007EE902AF8EEE75AC5EE877A2A
:1038000007EE103AB8EEC77A37EE267A37EE067A28
:1038100067EE877A304A136BC3F3462307EE103AFC
:10382000B8EEC77A37EE067AC7EE876AFCEEE66A2C
:10383000C0ED006A136BC3F3064307EE103AB8EE0F
:10384000C77A37EE067AC7EE876AFCEEE66AC0ED05
:10385000016A136BC3F3066306EE903AF8EEE66A6C
:1038600076EE866A87EEA67AFCEEC77A17EE903A75
:10387000836070BD0B6BDFED1A5AC3F3080307EECC
:10388000903AF8EEE77A77EEA67A77EE867AC5EE8A
:10389000876A67EEA67ABDE70B6BDFED125AC3F3BA
:1038A000080307EE903AF8EEE77A77EEA67A77EE1D
:1038B000867AECE70B6BDFED0C5AC3F3080307EED7
:1038C000903AF8EEE77A77EEA67A77EE867ADEE738
:1038D000C0E90033CCE700BF004402580090D00399
:1038E0000024744A0024F44A0024744C1FB5A0F547
:1038F00080730B4315D19D4B1A6D02F00702042A09
:103900002DD8DFE812F01C00E10005005101410054
:10391000186810F0005000F0DF8001A8FFF792FE59
:10392000D9E0A0F500730B431BD1904B1A6D02F444
:10393000E072802AECD00CD8002A40F0C5801868CC
:1039400010F0007000F0C88001A8FFF725FF029872
:10395000C2E0C02A00F02881B2F5807F14D0002098
:10396000BAE0A0F580630B432ED1804B9A6D02F430
:103970006002B2F5800FCBD0DED9B2F5C00F00F0F7
:103980001381B2F5000FE9E7DA6C196802F04052D2
:10399000480706D52AB91B68C3F3C1037448D84049
:1039A0009AE0724B1968C90503D5B2F1805F00F047
:1039B000FD80186810F4003000F08E80B2F1005FD6
:1039C0006C4818BF002087E0A0F500630B431FD1AF
:1039D000664B9A6D02F0E062B2F1007F98D0ABD9ED
:1039E000B2F1407F00F0E080B2F1806FB7D1DA6CC5
:1039F000196802F040521B68480701D5002ACBD055
:103A0000D90503D5B2F1805F00F0D080574BD0E7E5
:103A1000A0F580530B430FD1544B1A6D02F4E042D2
:103A2000B2F5005F3FF474AF86D9B2F5405F00F0A5
:103A3000BB80B2F5804FD9E7A0F500530B4332D1DC
:103A40004A4A136D03F4E023B3F5403F00F0818050
:103A50000DD8B3F5803F16D0B3F5003F1BD0002B37
:103A60007FF47DAF05B05DF804EBFEF711BFB3F551
:103A7000802F74D0B3F5A02F7FF471AF10683D4B49
:103A800010F400306FE0106810F0006024D001A83E
:103A9000FFF72EFD5BE7106810F000501CD001A866
:103AA000FFF7D0FD53E7A0F500230B4320D12F4BA8
:103AB0009A6D02F44032B2F5803F10D0B2F5003F6B
:103AC00095D0002A7FF44BAF186810F0006003D047
:103AD00001A8FFF70DFD019805B05DF804FB18681B
:103AE00010F00050F8D001A8FFF7ACFD0398F3E701
:103AF000A0F580330B430CD11C4BDA6CD2037FF55D
:103B00001EAF186810F00060E6D001A8FFF7F0FCC7
:103B1000ECE7A0F580430B4330D1144A936D03F0DA
:103B2000E043B3F1405F14D00DD8B3F1805FAAD069
:103B3000B3F1005FAFD0002B7FF411AF05B05DF89B
:103B400004EBFFF7C3BCB3F1804F08D0B3F1A04F33
:103B500092E7106810F00400BED013681CE71068EC
:103B6000054B10F4807018BF1846B5E700440258A2
:103B70000090D00300127A0000093D00A0F500403B
:103B800008437FF4ECAE0A4A136D03F04053B3F1DF
:103B9000805F07D0B3F1005F3FF475AF002B7FF477
:103BA000DEAE6BE71068CBE6024895E7024893E784
:103BB000004402580080BB0000093D007047704778
:103BC00070B56A4D6A4C2B6913F4803F17D0237887
:103BD000012BDEB27BD16368013B63606368002B1D
:103BE0006AD0E068FFF7EAFF4FF4803331466B613B
:103BF000E3680133E360E068A26800F0BBF85B4D66
:103C0000D5F81031DB0318D52378042B40F08380DE
:103C10006368013B63606368002B70D0E068FFF766
:103C2000CDFF4FF480330221C5F81431E36801332E
:103C3000E360E068A26800F09DF84C490B6913F45A
:103C4000DC030FD0A2691A43A2614B612278012ADA
:103C5000D3B27AD14FF0FF33E068E36000232370E2
:103C6000FFF7ADFF4149D1F8103113F4DC0312D056
:103C7000A2691A4342F00042A261C1F814312278CD
:103C8000042AD3B269D14FF0FF33E068E360002328
:103C90002370FFF794FF237803F0FF015BB9334BE8
:103CA000DA6822F4DE02DA60D3F80C2122F4DE02B4
:103CB000C3F80C21217570BD4FF0FF32E260237014
:103CC000E068FFF77BFF4FF480336B6197E7227862
:103CD000022AD3B201D0072B09D10120FFF76EFFD2
:103CE00000234FF480322370204B5A6187E7032B67
:103CF00001D12069F2E7043B022B80D9F0E74FF0B5
:103D0000FF32E2602370E068FFF758FF4FF4803322
:103D1000C5F8143191E72278D3B202F0FD02052AEA
:103D20000AD10220FFF74AFF00234FF480322370AC
:103D30000E4BC3F8142180E7062B01D12069F1E76F
:103D4000013B022B7FF679AFEEE7022B03D0072B66
:103D500001D0206982E7012080E703F0FD03052BF5
:103D600001D0206993E7022091E700BF00200052B4
:103D7000D006002410B5CC070BD50F4CE36823F414
:103D8000E663E360E36843EA0023134343F08403FC
:103D9000E3608B070FD50849D1F80C3123F4E663B3
:103DA000C1F80C31D1F80C3143EA0020024342F053
:103DB0008402C1F80C2110BD002000522DE9F74FFC
:103DC0000023DFF8C4914FF0B0440A6832FA03F5DB
:103DD00002D103B0BDE8F08F012505FA03F818EA17
:103DE000020200F0BB804E6803274FEA430E06F044
:103DF000030507FA0EFC6F1E6FEA0C0C012F34D876
:103E0000876807EA0C0ACF6807FA0EF747EA0A073D
:103E10008760476827EA0808C6F300179F4047EA0B
:103E200008074760C768022D07EA0C088F6807FA81
:103E30000EF747EA0807C76019D14FEAD30803F025
:103E4000070A4FF00F0B00EB88084FEA8A0AD8F8F0
:103E500020700BFA0AFB27EA0B0B0F6907FA0AF727
:103E600047EA0B07C8F8207001E0032DDAD1076894
:103E700005FA0EF516F4403F07EA0C0745EA070578
:103E800005606BD0D9F8F45023F0030703F0030C5E
:103E90004FF00F0E45F0020507F1B0474FEA8C0CCA
:103EA000C9F8F45007F58067D9F8F4500EFA0CFE03
:103EB00005F002050195019DBD6825EA0E0E314D04
:103EC000A8424DD005F58065A8424BD005F5806528
:103ED000A84249D005F58065A84247D005F5806520
:103EE000A84245D005F58065A84243D005F5806518
:103EF000A84241D005F58065A8423FD005F5806510
:103F0000A8423DD005F58065A84214BF0A250925C1
:103F100005FA0CF516F4801F45EA0E05BD606FEA40
:103F2000020725680CBF3D40154316F4001F2560AD
:103F300065680CBF3D40154316F4003F6560D4F83A
:103F400084500CBF3D401543F603C4F88450D4F8A8
:103F5000805054BF3D401543C4F88050013334E7CE
:103F60000025D5E70125D3E70225D1E70325CFE7D3
:103F70000425CDE70525CBE70625C9E70725C7E7D3
:103F80000825C5E700000258004402580AB18161C3
:103F900070470904FBE7436901EA030221EA0301D0
:103FA00041EA024181617047F0B5DFF844C104681D
:103FB000876D644545D04C4DAC4242D01835AC427B
:103FC0003FD01835AC423CD01835AC4239D018350A
:103FD000AC4236D01835AC4233D01835AC4230D074
:103FE00005F55675AC422CD01835AC4229D01835A1
:103FF000AC4226D01835AC4223D01835AC4220D084
:104000001835AC421DD01835AC421AD01835AC4228
:1040100017D0364DAC4214D01435AC4211D0143503
:10402000AC420ED01435AC420BD01435AC4208D0A3
:104030001435AC4205D01435AC4202D01435AC4234
:1040400048D1D0E919566E60C56E15B1D0E91C563D
:104050006E606445C56D86682DD0234884422AD0A1
:104060001830844227D01830844224D0183084423B
:1040700021D0183084421ED0183084421BD0183012
:10408000844218D000F55670844214D0183084420F
:1040900011D0183084420ED0183084420BD0183022
:1040A000844208D01830844205D01830844202D0AF
:1040B000183084420FD13F2005F01F0500FA05F5A6
:1040C000BD60206820F480202060402E636008D10D
:1040D000A260E160F0BD05F01F050120A8407860F6
:1040E000F3E7A160E260F5E72800024008540258B7
:1040F000100002400368024623498B4210B531D0BC
:1041000018318B422ED018318B422BD018318B4274
:1041100028D018318B4225D018318B4222D018314B
:104120008B421FD018318B421CD001F556718B4247
:1041300018D018318B4215D018318B4212D018315B
:104140008B420FD018318B420CD018318B4209D0E2
:1041500018318B4206D018318B4203D023F0FF0078
:10416000906510BDDCB218210848103CB4FBF1F199
:1041700001F007015F2C415C23F47F7020F0030005
:10418000D16588BF0430EBE710000240DCAE0008C8
:1041900002682049D3B28A4228D014318A4225D0FD
:1041A00014318A4222D014318A421FD014318A42FB
:1041B0001CD014318A4219D014318A4216D01431DD
:1041C0008A4213D01821103BB3FBF1F3124911447A
:1041D000A8291CD903F18052012103F01F0302F525
:1041E000024201FA03F30D4992000CE01422083B4D
:1041F0000121B3FBF2F303F1B05201FA03F30849D2
:1042000002F5164292008366C0E918217047083310
:10421000E0E700BF08540258F0FBFDBF80080240F1
:10422000805802580279511E072910B521D8036819
:10423000134CA3421ED01434A3421BD01434A34207
:1042400018D01434A34215D01434A34212D014341D
:10425000A3420FD01434A3420CD01434A34209D08B
:10426000084B1344084A9B00C0E91B3201238B40D2
:10427000436710BD054B1344054A9B00F4E700BF9C
:10428000085402583F820010400902403F96001631
:1042900040590258F8B5044600F0CCFE0646002C02
:1042A00000F0A98023686F4DAB4264D06E4A934200
:1042B00061D0183293425ED0183293425BD01832EC
:1042C000934258D01832934255D01832934252D06C
:1042D000183293424FD002F5567293424BD01832A7
:1042E000934248D01832934245D01832934242D07C
:1042F000183293423FD0183293423CD01832934246
:1043000039D01832934236D0584A934240F02F8128
:10431000022284F83520002284F83420A26818682C
:10432000402A6FF3101000F04081A2F180014A4250
:104330004A419203D4E90316314366693143A669C1
:104340003143E6693143266A40EA161040EAD1015A
:1043500020460A431A60464A1A441423B2FBF3F279
:104360009200E265FFF7C6FEE36D03F01F02012332
:104370009340436092E0022284F83520002284F8C2
:1043800034201A6822F001021A6022681368DB07E1
:1043900027D413683748A1691840D4E9023633435B
:1043A0002669334366693343E6690B433343266A20
:1043B0003343666A042E43EA000302BFD4E90B07C5
:1043C000384303432C4800686FF30F00B0F1005FDF
:1043D0001BD360682E2810D8282816D943F48013E0
:1043E00013E000F027FE801B0528CED9202363654B
:1043F000032384F835300120F8BD3F38132804D852
:104400001E4F27FA00F0C707E8D41360042E536943
:1044100023F0070343EA060336D1A06AE66A0343A2
:1044200096B339B9012815D030F002012CD1F00132
:104430002AD512E0B1F5005F22D1032824D801A1CA
:1044400051F820F05B4400082F4400085B4400084A
:1044500055440008B6F1C07F16D14023636501239F
:10446000C7E700BF1000024028000240085402586D
:10447000F8ABFDA73F8010FE0010005C0F030F009B
:104480000228EAD90328D2D053612046FFF732FE32
:10449000E36D03F01F023F23934083602368AB4228
:1044A00045D0454A934242D0183293423FD0183209
:1044B00093423CD01832934239D01832934236D0CE
:1044C0001832934233D01832934230D002F55672EC
:1044D00093422CD01832934229D01832934226D0DE
:1044E0001832934223D01832934220D0183293428C
:1044F0001DD0183293421AD01832934217D02F4A47
:10450000934214D01432934211D0143293420ED0FD
:10451000143293420BD01432934208D01432934297
:1045200005D01432934202D01432934219D120465E
:104530000025FFF72DFEA368226E802B04BF002309
:1045400063606368D9B2013B1160072BD4E919217C
:1045500051602CD8FFF766FEE36E1D60D4E91C3273
:104560005A6000200123606584F8353044E7144A1E
:1045700093423FF4CDAE143293423FF4C9AE1432AD
:1045800093423FF4C5AE143293423FF4C1AE1432AD
:1045900093423FF4BDAE143293423FF4B9AE1432AD
:1045A00093423FF4B5AE402321E71022C2E6C4E9AE
:1045B0001B556567D5E700BF280002400854025824
:1045C0001C54025870B50546002800F0DA8090F8B7
:1045D0003400012800F0D780012085F8340095F8D8
:1045E000350001284FF0000040F0C6800224674EDD
:1045F00085F835402C686865B4421ED06448844212
:104600001BD01830844218D01830844215D018308E
:10461000844212D0183084420FD0183084420CD01B
:104620001830844209D000F55670844205D0183005
:10463000844202D018308442FFD0206820F001006C
:1046400020602846FFF7B0FCB4422A6C53D0504B90
:104650009C4250D018339C424DD018339C424AD0D3
:1046600018339C4247D018339C4244D018339C42A4
:1046700041D018339C423ED003F556739C423AD049
:1046800018339C4237D018339C4234D018339C42A4
:1046900031D018339C422ED018339C422BD0183383
:1046A0009C4228D018339C4225D0236823F00E0367
:1046B00043F00A032360002A54D1364B9C4225D094
:1046C000354B9C4222D014339C421FD014339C4261
:1046D0001CD014339C4219D014339C4216D014338E
:1046E0009C4213D014339C4210D02368002043F026
:1046F0000103236070BD236823F01E0343F01603FB
:1047000023601AB1236843F0080323602B6E1A68F4
:10471000D2032CD4EB6E1BB11A6842F480721A607B
:10472000B442E2D01A4B9C42DFD018339C42DCD01A
:1047300018339C42D9D018339C42D6D018339C42AF
:10474000D3D018339C42D0D018339C42CDD003F53F
:1047500056739C42C9D018339C42C6D018339C4231
:10476000C3D0C2E7236843F004032360A5E71A68B7
:1047700042F480721A60CDE74FF4006385F834008C
:104780006B650120B6E70220B4E700BF10000240CD
:1047900028000240085402581C540258F8B5054637
:1047A00000F048FC074645B195F83530022B06D09D
:1047B00080236B65002385F834300120F8BD2C6818
:1047C0007C4EB4425BD07C4B9C4258D018339C4208
:1047D00055D018339C4252D018339C424FD01833D6
:1047E0009C424CD018339C4249D018339C4246D04E
:1047F00003F556739C4242D018339C423FD0183385
:104800009C423CD018339C4239D018339C4236D05D
:1048100018339C4233D018339C4230D018339C421A
:104820002DD0236823F00E032360644B9C422FD1CC
:104830002A6EB442136823F4807313603DD05E4B3C
:104840009C423AD018339C4237D018339C4234D023
:1048500018339C4231D018339C422ED018339C42DE
:104860002BD018339C4228D003F556739C4224D099
:1048700018339C4221D018339C421ED01DE023687F
:1048800023F01E032360636923F080036361CFE795
:104890004B4B9C42CCD014339C42C9D014339C4225
:1048A000C6D014339C42C3D014339C42C0D01433BE
:1048B0009C42BDD014339C42BAD0236823F001033C
:1048C00023602368DB0747D42B68EA6DB342A86DE9
:1048D00002F01F024BD038498B4248D018318B422E
:1048E00045D018318B4242D018318B423FD018311D
:1048F0008B423CD018318B4239D018318B4236D0A4
:1049000001F556718B4232D018318B422FD01831BD
:104910008B422CD018318B4229D018318B4226D0B3
:1049200018318B4223D018318B4220D018318B4262
:104930001DD0012101FA02F24260204A93421AD1AD
:10494000D5E919325A60EB6E5BBB0123002085F874
:10495000353085F8340031E700F06CFBC01B0528CA
:10496000AFD920236B65032385F8353022E73F2339
:1049700093408360E4E7124A9342E1D014329342B9
:10498000DED014329342DBD014329342D8D01432AA
:104990009342D5D014329342D2D014329342D4D120
:1049A000CEE71A6822F480721A60D5E91C325A6088
:1049B000CBE700BF10000240280002400854025814
:1049C0001C54025808B528B190F83530022B03D09A
:1049D0008023436501205DE003683F4A934251D044
:1049E000183293424ED0183293424BD01832934231
:1049F00048D01832934245D01832934242D01832F0
:104A000093423FD0183293423CD002F55672934203
:104A100038D01832934235D01832934232D01832FF
:104A200093422FD0183293422CD01832934229D07F
:104A30001832934226D01832934223D01A6822F0BB
:104A40000E021A601A6822F001021A60234A934289
:104A500021D1026E136823F480731360D0E916131A
:104A600003F01F02012393404B60D0E919325A60D2
:104A7000C36E2BB31A6822F480721A60D0E91C321C
:104A80005A601DE0042280F835201A6822F00102E5
:104A90001A60002008BD124A9342DAD014329342C1
:104AA000D7D014329342D4D014329342D1D014329E
:104AB0009342CED014329342CBD014329342C8D01A
:104AC000012380F83530002380F83430036D002B4B
:104AD000DFD09847DDE700BF1000024008540258BD
:104AE0001C54025800232DE9F34101930446844BE2
:104AF000844F1E680368856DBB42D5F80080D5F8E9
:104B000000C047D0804A934244D01832934241D0EB
:104B1000183293423ED0183293423BD0183293421F
:104B200038D01832934235D01832934232D002F541
:104B3000567293422ED0183293422BD018329342A1
:104B400028D01832934225D01832934222D01832FE
:104B500093421FD0183293421CD01832934219D07E
:104B60006A4A934240F03681E16D04201A6801F0F0
:104B70001F01884010EA0C0F00F05381560740F1E6
:104B800050811104686040F14481D30300F14781F2
:104B9000A36CA0E0E26D082102F01F02914011EA2F
:104BA000080F0BD01868400708D5186820F00400DB
:104BB0001860A960616D41F00101616528FA02F198
:104BC000C80709D55969090606D501219140A96090
:104BD000616D41F0020161650421914011EA080F05
:104BE00007D01868800704D5A960616D41F0040101
:104BF0006165102101FA02F212EA080F0FD019685C
:104C000009070CD5AA601A6850036CD51B681903F4
:104C100001D4236C00E0A36C0BB120469847E26DF1
:104C2000202102F01F02914011EA080F7AD0236878
:104C3000BB422DD0344883422AD01830834227D03B
:104C40001830834224D01830834221D01830834258
:104C50001ED0183083421BD01830834218D000F584
:104C60005670834214D01830834211D018308342DA
:104C70000ED0183083420BD01830834208D0183041
:104C8000834205D01830834202D01830834232D19B
:104C9000186810F0100F45D0A96094F83510042959
:104CA00036D1196821F016011960596921F0800187
:104CB0005961216C09B9A16C19B1196821F0080179
:104CC00019603F239340AB60012384F83530002303
:104CD00084F83430236D002B00F09880204602B019
:104CE000BDE8F04118471A68D20592D41A6822F03C
:104CF00008021A608DE7186810F0020FCBE700BFBA
:104D00000400002410000240280002400854025809
:104D10001A68500343D51B6819034DD4636C0BB15B
:104D200020469847636D002B70D0636DDA074FD52E
:104D3000042384F835302368BB421ED04F4A934287
:104D40001BD01832934218D01832934215D0183223
:104D5000934212D0183293420FD0183293420CD0A3
:104D60001832934209D002F55672934205D0183298
:104D7000934202D018329342FFD01A6822F0010207
:104D80001A604FF41652B6FBF2F6019A0132B242A3
:104D9000019213D91B68DB0714D4012313E01A68AE
:104DA00012F4807208D1196821F0100119600123F2
:104DB00084F8342084F83530E36BB0E71A68D707FD
:104DC000E3D4E7E7032384F83530002384F8343054
:104DD000E36C80E72A4A93423FF4C6AE1432934212
:104DE0003FF4C2AE143293423FF4BEAE143293424B
:104DF0003FF4BAAE143293423FF4B6AE143293424B
:104E00003FF4B2AE143293423FF4AEAE02B0BDE80E
:104E1000F081970603D41A6822F004021A60236C0A
:104E200059E70220884010EA0C0F16D0960714D5D7
:104E30006860100403D5D1030DD4636C4BE712F006
:104E4000200208D1196821F00A011960012384F8B1
:104E5000342084F83530E36B3DE70820884010EAC1
:104E60000C0FD3D01207D1D51A6822F00E021A60A7
:104E7000012303FA01F169606365A4E72800024099
:104E80001C540258406D7047104B1A6822F0010202
:104E900002431A601A6922F005021A611A6922F0A7
:104EA00002021A610A4B1A6942F004021A61BFF346
:104EB0004F8FBFF36F8F012905D130BF1A6922F0E0
:104EC00004021A61704720BFF8E700BF004802588B
:104ED00000ED00E038B5104CE36813F0040FE36810
:104EE00005D103F00703181A18BF012038BD23F0BD
:104EF00007031843E06000F09DF8054663689B04D3
:104F000001D50020F2E700F095F8401BB0F57A7F5C
:104F1000F4D90120EAE700BF00480258074903021C
:104F2000CA6803F4E06322F4E0621204120C134333
:104F300043F0BF6343F40033CB60704700ED00E003
:104F4000164B30B5DC68C4F30224C4F10703251DF9
:104F5000042B28BF0423062D4FF0FF358CBF033CE4
:104F6000002405FA03F3002805FA04F521EA0303F7
:104F700022EA050203FA04F343EA02034FEA0313A9
:104F8000DBB206DB00F1604000F5614080F80033E1
:104F900030BD00F00F00024A1354F9E700ED00E0C5
:104FA00014ED00E0002807DB0123410900F01F0099
:104FB000024A834042F82130704700BF00E100E020
:104FC00010B50320FFF7AAFFFDF778FA0F49104A42
:104FD0008B69C3F30323D35C03F01F03D8408B69B1
:104FE00003F00F03D35C0B4A03F01F0320FA03F313
:104FF0001360094B18600F20FCF7DEF8044618B95F
:10500000FCF7BEF8204610BD0124FBE7004402581F
:10501000CCAE00080000002404000024034A044B26
:1050200011681B780B441360704700BFEC06002426
:1050300008000024014B1868704700BFEC060024EC
:1050400038B50446FFF7F6FF0546631C1EBF044B48
:105050001B78E418FFF7EEFF431BA342FAD338BDD9
:1050600008000024014B1868000C70470010005C19
:10507000F0B5D1E900670C698D68FFB92C4344EAAB
:105080008644D1E9066535434E6935430E6A45EAE3
:105090000665CE6845EA0645866ED0F884007343FF
:1050A00000EB830640F8234000200F4C7560083663
:1050B000CB680432E35C834205D8F0BD34432C4313
:1050C00044F08044DDE712F8023C12F8015C1B0456
:1050D00043EA056312F8045C2B4312F8035C43EACD
:1050E000052333500430E3E7E4AE00082DE9F04F28
:1050F00099B004464C22CC4905A8FBF7FBF8002CDC
:1051000000F0B381C94B22689A4204BF03F5807353
:10511000636094F8983003F0FF0223B9204684F8C6
:105120009920FBF7A1FD2268936923F01003936196
:10513000FFF780FF054623689A69110700F1868111
:105140009A6942F001029A61FFF774FF05462368ED
:105150009A69D20740F18D819A6942F002029A6100
:10516000227C012A9A690CBF22F0400242F04002E0
:105170009A61627C012A9A690CBF42F4804222F44F
:1051800080429A61A27C012A9A690CBF22F4805263
:1051900042F480529A619A69A06822F440720243F4
:1051A0009A619A6922F0A4029A611A6922F01002A7
:1051B0001A61E268012A40F063819A6942F00402B0
:1051C0009A61A269B0F5407F02F1FF31E26902F114
:1051D000FF324FEA022242EA4162216A01F1FF31C5
:1051E00042EA0102616901F1FF3142EA0142DA61FA
:1051F0000ED1E26A511E226B013A120142EA0122EB
:10520000A16A01390A43616A013942EA0142DA605E
:10521000266E2EB1D3F8C020616E0A43C3F8C020B9
:10522000D4F85CE0A26E16EB0E0F01920CD018A819
:105230000199D3F8C82000EB810122F0070251F850
:105240004C1C0A43C3F8C820D4E910C20392BCF135
:10525000000F0CD018A80399D3F8BC2000EB8101F3
:1052600022F0070251F84C1C0A43C3F8BC20D4E9D1
:105270001289B8F1000F0CD018A9D3F8BC2001EBAB
:10528000890122F0700251F84C1C42EA0112C3F865
:10529000BC20226DD4F854B0029262B118A9D3F8A0
:1052A000BC2001EB8B0122F4E06251F84C1C42EA75
:1052B0000122C3F8BC205D4A934204D161688A6828
:1052C00022F003028A600022594D606BC4F89C20D2
:1052D000C4F894200122D4F83CA084F89820D3F894
:1052E00084202A4042EA8002C3F88420D3F8841044
:1052F000A26B21F47F0141EA0241C3F884108118B6
:10530000D3F8887000F180502F4000F52C5047EA08
:10531000810701EB4A01C3F888708000D3F88870D8
:1053200027F4FE0747EA0A47C3F88870D3F8A0704D
:105330002F4047EA8107C3F8A070D3F8A07027F484
:10534000FE0747EA0C47C3F8A070039F07FB0CFC5D
:10535000D3F8B07061442F4047EA8107C3F8B070BA
:10536000D3F8B07027F4FE0747EA0847C3F8B070D7
:1053700009FB08F7D3F8AC8001EB070908EA050838
:10538000029948EA89080BFB01FBC3F8AC80D3F80B
:10539000F08009EB0B01D4F8589008EA050848EAB8
:1053A000810801EB4901C3F8F080D3F8F08028F4BC
:1053B0007C1848EA0948C3F8F080D3F8C08008EAAE
:1053C000050848EA8101C3F8C010D3F8C01021F4E1
:1053D0007C1141EA0E41C3F8C010D3F8C01021F08F
:1053E0007C5141EA0661C3F8C01000EB8203019AC8
:1053F000236703EBCA0302FB0EFE636703EB8C0318
:105400005643A36703EB8703E066E36703EB8B0375
:10541000C4F8803003EBC903C4F8843003EB8E0377
:1054200003EB860606E000BF60AE000800A0004067
:105430000300FFFFC4F88830204BC4F890609E4200
:1054400035D9D4F89C3043F0200309E0FFF7F2FD92
:10545000401B0A287FF66FAED4F89C3043F001035E
:10546000C4F89C30032384F89830012019B0BDE8BB
:10547000F08FFFF7DFFD401B0A287FF668AEEBE7F1
:10548000002A3FF49EAE022A0AD09969032A41F00D
:1054900080019961196941F0100119617FF491AEA1
:1054A0009A6942F020028BE6002340F8043BD4F8CE
:1054B00090309842F8D30020D8E700BFFCD30040DA
:1054C00030B590F89830013B012B2DD8D1E900542C
:1054D000D1E90323BDB9072A4FEA03430BD1CA69B7
:1054E00043EA02238A69134343F06053C26E42F8D1
:1054F0002430002030BD8D68496943EA85730B4331
:1055000043EAC263F2E7072A43EA42731ABF8D688F
:105510004A698A69016F18BF42EA857201EBC400CB
:1055200041F834304260E4E7D0F89C3043F00203A5
:10553000C0F89C300120DDE790F89830012B0CD1A9
:105540000268022380F89830936923F00103936185
:105550000023C0F89C3018467047D0F89C3043F0C8
:105560000403C0F89C3001207047F8B590F89830DB
:105570000446022B26D10668D6F8C03013F07C5FB3
:1055800007D1D0F89C3043F020030120C4F89C30B0
:10559000F8BDD6F8C45015F4001504D0D0F89C30EE
:1055A00043F40073F1E7D6F8C470C7F304473B46F1
:1055B000FFF75EFD01222846BA40C6F8D020C4F8A5
:1055C0009420E5E7D0F89C3043F00803DDE70000C5
:1055D000F0B590F89840022C40F0AC80402966D19C
:1055E0000568D5F8A04014F4FE0F04D1D0F89C3023
:1055F00043F0200307E0D5F8A440660607D1D0F8B1
:105600009C3043F48073C0F89C300120F0BDD5F885
:10561000A44014F0807402D0D5F8A040E40FD5F86F
:10562000A450466FC5F305252544446C6C4306EB36
:105630008404276807F0804757602668002F5ED1F2
:10564000C6F38A461660073454F8076CDFF8F0C0DA
:1056500006F00056966054F8076C06F00046166196
:1056600034F8036CD66134F8016C06F00F06D6608E
:1056700054F8036C06F48016566154F8036C06F473
:1056800000169661267806F07F06166254F8036CC1
:10569000F60F56620026D7681CF80770B74231D85B
:1056A0004029026833D1C2F8A8500020AEE7412952
:1056B0001AD10568D5F8B04014F4FE0F96D0D5F88D
:1056C000B44064069BD0D5F8B44014F0807402D086
:1056D000D5F8B040E40FD5F8B450866FC5F3052572
:1056E0002544C46C6C43A2E7046D8C427FF67EAF08
:1056F000446DC56F4C4305EB8404002599E726F003
:1057000060469FE714F8017F9F550136C3E74129A2
:1057100002D1C2F8B850C8E71F294FF0010303D8DF
:105720008B40C2F89830C0E701F01F018B40C2F8EF
:105730009C30BAE7D0F89C3043F0080363E700BF21
:10574000E4AE000890F89830013B012B2DD8036897
:10575000986D08421FD1D86D40F00100D8658805CA
:1057600004D5D3F8E0001043C3F8E000480504D5A1
:10577000D3F8E4000243C3F8E42021F04042586D1E
:1057800022F44012024300205A650C4A536943EA4E
:10579000917353617047986D31EA000003D1D86D61
:1057A00040F00200DAE70320D8E7D0F89C3043F05D
:1057B0000203C0F89C300120704700BF00A80040E1
:1057C0007047704770477047704770477047704721
:1057D0007047704770477047704770477047704711
:1057E0002DE9F74FAC4983460C694A6904EA020384
:1057F0000268146D556D00939B0704EA050A146D49
:10580000556D01930AF4704A04EA0509146D556D4B
:10581000166D09F00F0904EA0508546D176D26404E
:10582000546D556D08F0F008274006F07156EB05F1
:10583000146D07F0607708D5E30506D54FF4807343
:10584000136500220A61FFF7C4FF680511D56105E1
:105850000FD5DBF800204FF48063D2F8DC00D2F8DB
:10586000E410136500238C4A014058461361FFF78A
:10587000ACFF019B63B1DBF800200021009B584680
:105880001165854903F003020A610199FFF798FF4A
:10589000BAF1000F0AD0DBF8002000215846C2F808
:1058A00050A07D4A11615146FFF78BFFB9F1000FFF
:1058B0000AD0DBF8002000215846C2F85090764A02
:1058C0001161494602F064F9B8F1000F0AD0DBF823
:1058D000002000215846C2F850806F4A11614146AD
:1058E000FFF770FF2A050CD523050AD5DBF8002049
:1058F0004FF40061584611650021674A1161FFF7B6
:1059000062FFA80511D5A1050FD5DBF800204FF4E3
:105910000073D2F8D800D2F8E010136500235E4A75
:10592000014058461361FFF74FFF2A030CD52303AC
:105930000AD5DBF800204FF40021584611650021FC
:10594000554A1161FFF742FFE8030CD5E1030AD580
:10595000DBF800204FF480315846116500214E4A93
:105960001161FFF734FF6A030CD563030AD5DBF836
:1059700000204FF48021584611650021464A1161EC
:10598000FFF726FFA803DBF800100DD5A2030BD507
:105990004FF4003200200A653F4A1061DBF89C207A
:1059A00042F08002CBF89C203FB10F6500213A4ABB
:1059B000584611613946FFF70EFFDBF8001046B17B
:1059C000354A00200E651061DBF89C203243CBF88D
:1059D0009C20324A914263D1DBF8042091688B0706
:1059E0005ED0116A506A176A0140506A166A074011
:1059F000506A156A11F00F0106EA0006506A146A2F
:105A000007F0300705EA0005506A06F4C076D2F8C0
:105A1000249004EA000405F4FC45D2F8208004F444
:105A2000F02403D058461162FFF7D6FE37B1DBF8F9
:105A30000420394658461762FFF7CFFE19F0400F91
:105A40000ED018F0400F0BD0DBF804004027C16BDC
:105A5000C26B090C076202F03F025846FFF7BEFE18
:105A600036B1DBF80420314658461662FFF7B7FE20
:105A70003DB1DBF804201562DBF89C202A43CBF80B
:105A80009C206CB1DBF804201462DBF89C202243DC
:105A9000CBF89C2004E000BF00A8004000A000401C
:105AA000DBF89C2012B15846FFF794FE03B0BDE826
:105AB000F08F00BF7047000090F83D30012B33D1CC
:105AC000022380F83D300368DA6842F00102DA60B0
:105AD000164A93421AD0B3F1804F17D0A2F57C42F8
:105AE000934213D002F5806293420FD002F5806298
:105AF00093420BD002F57842934207D0A2F56C4254
:105B0000934203D002F59432934207D19968084A30
:105B10000A40062A06D0B2F5803F03D01A6842F048
:105B200001021A6000207047012070470000014008
:105B3000070001007047704770477047036870B5F1
:105B4000DD6804461E69B2070DD5A9070BD56FF0B5
:105B500002021A61012202779B699A0775D0FFF74A
:105B6000EAFF00232377730710D568070ED5236853
:105B70006FF0040220461A61022222779B6913F417
:105B8000407F68D0FFF7D7FF0023237731070FD579
:105B90002A070DD523686FF0080220461A610422F7
:105BA0002277DB699B075CD0FFF7C5FF00232377D3
:105BB000F10610D5EA060ED523686FF010022046D4
:105BC0001A6108222277DB6913F4407F4FD0FFF778
:105BD000B2FF00232377F30708D5E80706D523682B
:105BE0006FF0010220461A61FAF7E8FE16F4025F30
:105BF00008D0290606D523686FF4025220461A61A0
:105C000000F0C1F8F20508D52B0606D523686FF41D
:105C1000807220461A6100F0B7F8700608D5690650
:105C200006D523686FF0400220461A61FFF785FF12
:105C3000B20622D5AB0620D523686FF0200220469D
:105C40001A61BDE8704000F09DB8FFF773FF204671
:105C5000FFF772FF85E7FFF76DFF2046FFF76CFF48
:105C600092E7FFF767FF2046FFF766FF9EE7FFF723
:105C700061FF2046FFF760FFABE770BD274A03686E
:105C8000904212D0B0F1804F0FD0A2F57C429042EA
:105C90000BD002F58062904207D002F580629042FC
:105CA00003D002F57842904208D123F070034A688D
:105CB000134323F44073CA6813430AE0184A90421E
:105CC000F7D002F580629042F3D002F580629042F4
:105CD000EFD04A6923F0800313438A68C2620A68DE
:105CE00082620E4A90420FD002F5806290420BD041
:105CF00002F57052904207D002F58062904203D0C4
:105D000002F58062904201D10A690263026842F0A2
:105D100004020260012242610360704700000140FA
:105D20000040014010B5044650B390F83D3003F0F8
:105D3000FF021BB980F83C20FFF7BCFE022320685D
:105D4000211D84F83D30FFF799FF0123002084F8DE
:105D5000483084F83E3084F83F3084F8403084F88E
:105D6000413084F8423084F8433084F8443084F879
:105D7000453084F8463084F8473084F83D3010BD13
:105D80000120FCE7704770477047026852E8003F07
:105D900023F0C00342E8003102680029F5D102F186
:105DA000080353E8003F23F4000302F1080C4CE819
:105DB00000310029F3D12023C0F88830704700005B
:105DC00010B5026852E8003F23F4907342E80031B6
:105DD00002680029F5D10F4C02F1080353E8003F97
:105DE000234002F1080C4CE800310029F4D1C36EC5
:105DF000012B07D152E8003F23F0100342E80031A5
:105E00000029F7D12023C0F88C300023C3664367F4
:105E100010BD00BFFEFFFFEFF8B504461346D4F8EF
:105E20008850202D32D1F1B1EAB1A4F856200026D5
:105E3000A4F854202122E06FC4F890602165C4F8D2
:105E40008820226888B1124F2832C763114F076437
:105E5000114FC0E91376FEF7B5FB30B11023C4F83B
:105E60009030C4F888500120F8BD402223681A629F
:105E7000226802F1080353E8003F43F0800302F177
:105E8000080141E800300028F3D1EDE70220EBE7FC
:105E90003B5F0008835F0008915F0008026838B527
:105EA000D0F888300446D0F88C50916809061FD588
:105EB000212B1DD102F1080353E8003F23F080039A
:105EC00002F1080040E800310029F3D1E06F60B131
:105ED000FEF764FC48B1E06FFEF7D4FF202804D140
:105EE00010230320C4F8903009E02046FFF74DFF4F
:105EF000226893685B0601D5222D01D0002038BDB1
:105F000002F1080353E8003F23F0400302F10800C8
:105F100040E800310029F3D1D4F8800040B1FEF709
:105F20003DFC28B1D4F88000FEF7ACFF2028D7D084
:105F30002046FFF745FFE1E7704708B50346806B51
:105F4000DB69B3F5807F18D00023A0F856300268D3
:105F500002F1080353E8003F23F08003083242E8CF
:105F6000003102680029F2D152E8003F43F04003BB
:105F700042E800310029F7D108BDFFF7DDFFFBE75C
:105F80007047806B08B5FFF7FBFF08BD704770478F
:105F9000806B38B50468D0F88830D0F88C50A2688F
:105FA000120606D5212B04D10023A0F85630FFF7A6
:105FB000ECFEA3685B0606D5222D04D10023A0F8D1
:105FC0005E30FFF7FDFED0F8903043F01003C0F8CC
:105FD0009030FFF7DCFF38BD08B5806B0023A0F8D8
:105FE0005E30FFF7D4FF08BD7047000003682DE95D
:105FF000F041D96940F60F061A68044631429D689F
:1060000010D18E0640F1978002F0200605F08057EF
:106010003E4300F09080436F002B00F08580BDE888
:10602000F0411847A64EA7482E401040304300F0DC
:106030008280CF0709D5D00507D501201862D4F892
:10604000900040F00100C4F890008F0709D5E807E0
:1060500007D502201862D4F8900040F00400C4F87C
:1060600090004F0709D5E80707D504201862D4F837
:10607000900040F00200C4F890000F070BD502F02A
:106080002000304307D008201862D4F8900040F078
:106090000800C4F890000E050AD5500108D54FF449
:1060A00000601862D4F8903043F02003C4F89030B8
:1060B000D4F89030002B37D08B0609D502F020029F
:1060C00005F080552A4303D0636F0BB120469847F3
:1060D00026682046D4F89020B36802F0280203F026
:1060E000400353EA020521D0FFF76AFEB3685F065A
:1060F00017D5226802F1080353E8003F23F040035C
:10610000083242E800310029F3D1D4F8800040B1D0
:106110006D4B0365FEF756FC30B1D4F88000036D7B
:106120007DE72046FFF733FFBDE8F081FFF72FFF43
:10613000C4F89050F8E7E06E012840F0B580CE0634
:1061400040F1B280D00640F1AF801022B4F85C007C
:106150001A629A68520677D5D4F880505B492A684B
:106160008A421ED018318A421BD018318A4218D078
:1061700018318A4215D018318A4212D018318A4219
:106180000FD018318A420CD018318A4209D001F55B
:1061900056718A4205D018318A4202D018318A429B
:1061A000FFD0516889B2002943D0814241D2EA69C7
:1061B000A4F85E10B2F5807F2FD053E8002F22F4B0
:1061C000807243E800210029F7D103F1080252E868
:1061D000002F22F0010203F1080040E8002100290D
:1061E000F3D103F1080252E8002F22F0400203F13C
:1061F000080040E800210029F3D12022C4F88C20B7
:10620000E16653E8002F22F0100243E80021002944
:10621000F7D1D4F88000FEF7C1FA0223B4F85C107D
:106220002367B4F85E30C91A89B22046FFF7DCFE56
:106230007AE781427FF478AFEB69B3F5807F7FF432
:1062400073AF02232367F0E7B4F85E20B4F85E1062
:1062500092B289B200293FF467AF801A81B2002957
:106260003FF462AF53E8002F22F4907243E800201D
:106270000028F7D1164D03F1080252E8002F2A40FA
:1062800003F1080646E800200028F4D120226067C8
:10629000C4F88C20E06653E8002F22F0100243E897
:1062A00000200028F7D1CCE7CF0213D56E0211D51C
:1062B0004FF4801220461A62BDE8F04100F0D2BBD4
:1062C0000100001020010004D95F00081000024006
:1062D000FEFFFFEF08060BD502F0800005F4000575
:1062E000284305D0A36F002B3FF41EAF204696E64F
:1062F0004F0611D556060FD553E8002F22F0400265
:1063000043E800210029F7D120232046A167C4F8E3
:106310008830FFF711FE07E70D0206D5500004D5BF
:106320002046BDE8F04100F09FBBCB017FF5FCAEFD
:10633000002ABFF6F9AE2046BDE8F04100F093BB5D
:10634000806B08B501230367C36E012B05D1B0F83C
:106350005C104908FFF748FE08BDFFF717FEFBE792
:1063600008B50346806BDB69B3F5807F32D000232C
:10637000A0F85E30026852E8003F23F4807342E8E0
:10638000003103680029F5D103F1080252E8002F1B
:1063900022F0010203F1080C4CE800210029F3D19E
:1063A00003F1080252E8002F22F0400203F1080C2A
:1063B0004CE800210029F3D12022C0F88C20C26EC5
:1063C000012A07D153E8002F22F0100243E80021F0
:1063D0000029F7D100230367C36E012B04D1B0F865
:1063E0005C10FFF701FE08BD01F0B4FAFBE7000006
:1063F0000268C369816830B504460069156887B0D2
:10640000014360690143A548194328400143E068FE
:106410001160516821F440510143A0695160A049C5
:106420008A421CBF216A0843916821F06E4121F421
:1064300030610143606A9160D16A21F00F0101432C
:10644000D16298498A4212D1974A526D02F03802BD
:10645000182A00F001813BD8082A00F0F580102AA4
:1064600000F03A81002A00F0E98001206AE08F49BB
:106470008A420DD18C4A526D02F00702052AF4D8E7
:10648000DFE812F07E00E2002A01EA0007012B009B
:1064900087498A42EED087498A42EBD086498A42B0
:1064A000E8D086498A42CFD085498A42E2D08549E0
:1064B0008A42DFD07A4B9A42D7D17B4A936D03F060
:1064C0000703052BD1D8DFE803F038454A4F590FB1
:1064D000202A00F0DE80282AC7D1B3F5004F00F053
:1064E0008A804FF40040C4E04FF40040764B626A6B
:1064F000656833F8122005EB4501B0FBF2F39942D1
:10650000B3D8B3EB053FB0D800231946F9F7D8FE4E
:106510002A4609026B0841EA10610002C0184FF0D8
:10652000000341F10001F9F7CBFE684BA0F5407282
:106530009A429AD82368D86003E0FCF7C7FF002886
:10654000D4D100204FF00113A3660023C4E91D330A
:1065500007B030BD6846FCF7CBFF0198EFE703A812
:10656000FDF770F80498EAE71368594813F0200F14
:10657000BCD01368C3F3C103D840B7E75548B5E7AB
:10658000B3F5004F55D10023082B3FF66EAF01A2A3
:1065900052F823F0C1650008CD6500086B6400085F
:1065A0006B640008D36500086B6400086B64000826
:1065B0006B640008DD6500080423E5E70823E3E7D2
:1065C000FCF766F90346002BBBD014E0FCF772F928
:1065D000F8E76846FCF78CFF019BF4E703A8FDF79A
:1065E00031F8049BEFE713F0200F394B03D012680A
:1065F000C2F3C102D340606A334A616832F81020A6
:10660000B3FBF2F34A0802EB43034FF6EF72B3FB1E
:10661000F1F3A3F1100191423FF627AF23F00F02EF
:10662000C3F34203216892B21343CB6089E7294B3D
:10663000E1E7FCF72DF9002883D01AE0B3F5004F0D
:10664000C4D0FCF737F9F6E7B3F5004FB4D068468D
:10665000FCF74EFF0198EEE7B3F5004F124A1368BE
:10666000C1D013F0200F1A4803D01368C3F3C1033D
:10667000D840616A144A636832F81120B0FBF2F026
:1066800000EB5300B0FBF3F04FF6EF73A0F11002F4
:106690004EE7B3F5004FCAD00E48EAE7F369FFCFE3
:1066A000000C005800100140004402580044004013
:1066B00000480040004C00400050004000140140E1
:1066C00000780040007C0040F4AE0008FFFC0F00A2
:1066D0000090D00300093D00B3F5004F3FF46EAFCA
:1066E00003A8FCF7AFFF0498A5E700BF836A1A0769
:1066F00010B506D50168846B4A6822F40042224333
:106700004A60DC0706D50168C46A4A6822F4003290
:1067100022434A60990706D50168046B4A6822F44F
:10672000803222434A605A0706D50168446B4A68A2
:1067300022F4802222434A60DC0606D50168C46B3D
:106740008A6822F4805222438A60990606D501683D
:10675000046C8A6822F4005222438A605A0610D5DB
:106760000168446C4A68B4F5801F22F4801242EA42
:1067700004024A6005D14A68846C22F4C0022243B4
:106780004A601B0606D50268C16C536823F40023D7
:106790000B43536010BD2DE9F843DDF8209004460B
:1067A0000D46174698462268D36935EA03030CBFA5
:1067B00001230023BB4201D0002022E0B9F1FF3FBA
:1067C000F2D0FEF737FCA0EB0800484529D8B9F114
:1067D000000F26D021680B685A07E4D5802DE2D03F
:1067E000402DE0D0CE6916F008060CD008252046D2
:1067F0000D62FFF7E5FA00230120C4F8905084F8F9
:106800008430BDE8F883CB691B05CCD54FF4006319
:1068100020460B62FFF7D4FA202384F88460C4F882
:1068200090300320EDE773B500260446C0F8906071
:10683000FEF700FC236805461B681A071CD56FF09D
:106840007E4332464FF40011009303462046FFF783
:10685000A2FF88B1226852E8003F23F0800342E89B
:1068600000310029F6D12023C4F88830032000230A
:1068700084F8843002B070BD23681B685B0724D5A0
:106880006FF07E4300224FF48001204600932B4698
:10689000FFF781FFC8B1226852E8003F23F49073EC
:1068A00042E8003122680029F5D102F1080353E8DB
:1068B000003F23F0010302F1080040E80031002905
:1068C000F3D12023C4F88C30D0E720230020C4F873
:1068D0008830C4F88C30E0662067C8E710B50446FD
:1068E00050B3D0F888301BB980F88430FAF744FAF6
:1068F00024232268C4F88830136823F0010313604E
:10690000A36A13B12046FFF7F1FE2046FFF770FDA2
:10691000012811D0236820465A6822F490425A6018
:106920009A6822F02A029A601A6842F00102BDE8D1
:1069300010401A60FFF777BF012010BD70B51346F5
:10694000A0F85C20002204468165C0F89020222037
:106950002568C4F88C00D4F88000A0B11C4EC66332
:106960001C4E06641C4EC0E913620A4605F1240160
:10697000FDF728FE38B110230120C4F89030202301
:10698000C4F88C3070BD226923683AB153E8002FF7
:1069900042F4807243E800210029F7D103F1080294
:1069A00052E8002F42F0010203F1080040E8002104
:1069B0000029F3D103F1080252E8002F42F040020F
:1069C00003F1080141E800200028F3D1DAE700BF15
:1069D0006163000841630008915F0008D0F88C30C3
:1069E000202B30B415D1B9B1B2B100230468C3660D
:1069F0000A4B9C420AD063681B0207D554E8003F4B
:106A000043F0806344E80035002DF7D130BCFFF738
:106A100095BF022030BC70470120FBE7000C0058F6
:106A2000436E30B52BB90123A0F86A30A0F8683066
:106A300030BD0368094D9A689968094CC2F34262F7
:106A4000490F6B5C615C1B01B3FBF1F3A0F86A308A
:106A5000AB5CA25C1B01B3FBF2F3E7E714AF0008E9
:106A60000CAF00087047704770471FB504AB044671
:106A700003E9060090F88430012B3AD0012380F816
:106A800084302423C0F8883003681A6822F0010299
:106A90001A609A6822F440120A439A6071B95A68DF
:106AA000BDF80C0022F010029DF80E1002435A604F
:106AB0005A6822F07F4242EA01625A601A6842F044
:106AC00001021A60FEF7B6FA6FF07E4203464FF4F9
:106AD0008001009220460022FFF75DFE38B9202396
:106AE000C4F88830002384F8843004B010BD03203B
:106AF000F8E70220F9E790F88430012B0FD001234A
:106B000080F88430016851E8002F42F0020241E829
:106B10000023002BF6D180F88430184670470220FD
:106B2000704790F88430012B14D002682423C0F8F9
:106B300088301168136821F0005123F001031360BD
:106B4000002343661160202280F88430C0F888203A
:106B5000184670470220704770B590F8843004469C
:106B6000012B17D005682423C0F888302E682B68C5
:106B700023F001032B60AB6823F060431943A96045
:106B8000FFF74EFF20232E60C0F88830002084F8E5
:106B9000840070BD0220FCE770B590F88430044694
:106BA000012B17D005682423C0F888302E682B6885
:106BB00023F001032B60AB6823F060631943A960E5
:106BC000FFF72EFF20232E60C0F88830002084F8C5
:106BD000840070BD0220FCE770B5044648B303682A
:106BE0004CF6CC4241F601061A6045F255521A6045
:106BF00042685A6082689A60FEF71CFA054623686C
:106C0000DA68520706D11969E26891420DD01A611B
:106C1000002070BDFEF70EFA401BB042EFD923688A
:106C2000DB685907EBD00320F3E74AF6AA221A6083
:106C3000EEE70120EDE703684AF6AA2200201A6079
:106C40007047000038B50A4A04460368DA60FEF768
:106C5000F1F905462368DB689B0601D5002038BDA5
:106C6000FEF7E8F9401BB0F57A7FF3D90320F6E789
:106C70005FFF0300026870B5D468054614F0400455
:106C80001AD14FF0FF33D360FEF7D4F923460646FE
:106C90002A68D46814F0400401D1032B01D11846AE
:106CA00070BDFEF7C7F9801B2346B0F57A7FEFD998
:106CB000032385F82130EBE70023F0E738B50F4CCC
:106CC0000546E36823F08003E360A3689B0606D4CF
:106CD000FFF7B8FF10B1032085F8210038BDA36885
:106CE00023F02003A360FFF7ADFF10B1032085F868
:106CF0002100A36843F02003A360EFE700400058A1
:106D000038B50446002845D090F8213003F0FF0242
:106D10001BB980F82020FAF72DF9022384F82130DE
:106D20002368DA68D20604D50123002084F82130D4
:106D300038BDCA2220465A6253225A62FFF79AFF90
:106D400010BB22682069936823F4E00323F040031A
:106D50009360636891680343A069034320460B4333
:106D60009360D4E9021343EA01431361FFF7A6FFDE
:106D700050B922686569D36C23F00303D364E369D7
:106D8000D16C2B430B43D3642368FF225A62002843
:106D9000CAD0CDE70120CBE72DE9F04190F82030B3
:106DA00004460F461646012B4FF0020034D0012353
:106DB000CA2284F8210084F8203023685A625322C2
:106DC0005A62224B9A6822F480629A60DB685B0602
:106DD00024D523684FF0B04200205F61996821F00C
:106DE000070131439960D2F8801041F40021C2F8C4
:106DF0008010116841F4002111609A6842F48042C9
:106E00009A609A6842F480629A60FF225A62012373
:106E100084F8200084F82130BDE8F081FEF70AF9FB
:106E200080462368DD6815F00405D2D1FEF702F92B
:106E3000A0EB0800B0F57A7FF3D92368FF22032086
:106E40005A6284F8210084F82050E5E70040005899
:106E50004FF0B0434FF4002210B5C3F88820044629
:106E60000268D3685B0506D5D368DBB263F4906330
:106E7000D36002F03BFF012384F8213010BD0000F5
:106E800010B5044608B9012010BD437F03F0FF028E
:106E900013B90277FAF7B2F8022363772379E3B9DB
:106EA0002368134A5A619A6822F018029A6062793C
:106EB0002368D2B94FF0FF321A6100209A686169E5
:106EC00022F060020A43A1699A609A6822F0800267
:106ED0000A439A6001236377D6E7D4E90212204679
:106EE00000F008F80028E2D0CDE72269E4E700BF0F
:106EF000B71DC104CB0710B50DD51F23013B1DD312
:106F000021FA03F4E407F9D5102A13D0102A04D883
:106F10003AB1082A10D001200BE0182AFBD1062B29
:106F2000F9D800684161836823F018031343836034
:106F3000002010BD072BF3E70F2BF1E7102AE5D156
:106F4000E9E710B5044600B390F84D3003F0FF02B6
:106F50001BB980F84C20FAF787F82168D4E9013092
:106F60000A680343606922F40022034322F47E721C
:106F700013430B60FEF776F801236065002023645D
:106F80002065A06584F84D3010BD0120FCE77047F6
:106F9000704770470368DA69F0B5950785B0044615
:106FA00009D04769282F0CD078D8102F05D88F4AE0
:106FB000FA40D00779D405B0F0BD182F75D0202F36
:106FC000F9D194F84D20022A40F0D980628F596897
:106FD00092B28D0735D5E08FB2EB900F4FEA90015A
:106FE0002FD2628F206B92B250F822209A60628F6B
:106FF000013292B26287628F92B250F822209A6078
:10700000628F013292B26287628F92B250F8222070
:107010009A60628F013292B26287628F92B250F8A8
:1070200022209A60628F013292B26287628F92B29E
:10703000914206D15A69204622F001025A61FFF7B7
:10704000A6FF2268A38F51689BB24807B3D5E18F92
:10705000B3EB910F4FEA9100ADD2D3686D4600219A
:107060000093D3680193D3680293D3680393A38FEB
:107070009BB29842A38F9BB201D9042974D1984244
:1070800099D1536923F002035361012384F84D30F1
:10709000136823F400431360002368E127F008021B
:1070A000B2F5002F76D0302F8AE794F84D20022ACF
:1070B00065D1DA69D10722D59A69D2071FD5628FC7
:1070C000216B92B251F822209A60628F013292B203
:1070D0006287628F92B251F82220E18F9A60628FAC
:1070E000013292B26287628F92B2B2EB910F06D1F7
:1070F0005A69204622F001025A61FFF748FF2268D0
:10710000D3699F077FF557AF93699E077FF553AF0C
:10711000D068A38F616B9BB241F82300A38F01332A
:107120009BB2A387D068A38F9BB241F82300A38FA3
:10713000E18F01339BB2A387A38F9BB2B3EB910F77
:107140007FF439AF536923F002035361136823F4CA
:1071500000431360002384F84C30012384F84D3041
:107160002046FFF715FF26E755F8047B0131666BD3
:1071700046F82370A38F01339BB2A38777E70023E0
:10718000204684F84C30236D43F008032365FFF755
:1071900000FF10E71D6815F480356BD0228FC069A1
:1071A00092B2904224D15A6922F001025A611A68BF
:1071B00022F400421A60626DB2F5005F03D31A68D0
:1071C00022F470021A60022222641A6822F4403209
:1071D0001A601A6842F400321A605A6942F00302D7
:1071E0005A611A6842F400421A60E4E601010100A3
:1071F000228F92B2821A032A3AD9228FA16992B2BF
:1072000051F822209A60228F013292B22287228F77
:1072100092B251F822209A60228F013292B22287D4
:10722000228F92B251F822209A60228F013292B2BC
:107230002287228F92B251F822209A60238F013345
:107240009BB22387B7E6228F0131A56992B255F828
:1072500022209A60228F013292B2228700F003022C
:107260008A42F0D8002101329960042AFBD1A2E6BB
:107270000021F3E7C28F408F80B24AB9596921F0EB
:1072800003015961012384F84C2084F84D3092E6C3
:10729000618F960889B2C1EB9201032975D98642A4
:1072A00073D35969C9077FF586AE618F206B89B2A8
:1072B00050F821109960618F013189B26187618F27
:1072C00089B250F821109960618F013189B26187CC
:1072D000618F89B250F821109960618F013189B2B4
:1072E0006187618F89B250F821109960618F0131F7
:1072F00089B26187618F89B28E4208D1170706D1A2
:107300005A69204622F001025A61FFF740FEA28F1F
:10731000E38F92B29808B2EB930FBFF44CAE2168A2
:107320004A6856077FF547AECA68EC460092CA68BD
:107330000192CA680292CA680392A28F92B29042E6
:10734000A28F92B201D9042D14D190427FF433AEB2
:1073500013F00F037FF42FAE4A6922F002024A6154
:10736000012284F84D200A6822F400420A6084F861
:107370004C30F5E65CF8047B0135666B46F822700C
:10738000A28F013292B2A287D7E710073FF413AE63
:107390005969C90732D51009616D0130B1F5005F37
:1073A0004FEA001EC2EB001C13D31968480735D4FE
:1073B000B7F5002F0DD1196821F400411960186844
:1073C00020F4700040EA0C501860196841F4004144
:1073D000196002F110011CF0030F4FF00007A1EB40
:1073E0000E014FEA910118BF01318F4219D10020DF
:1073F000032924D9596921F00101596159684907C4
:1074000020D4A28F92B296423FF6D5AD5A6922F0AF
:1074100003025A61012384F84D303DE6B7F1081F9D
:10742000C8E7B4F83AC00137206B1FFA8CFC50F85B
:107430002C009860608F013080B26087D5E7013101
:107440009860D5E7D968032A0091D9680191D96875
:107450000291D968039111D8D4F834C06F46002046
:10746000A18F013057F804EB89B24CF821E0A18FCD
:10747000013189B2A18781B28A42F1D86A460BE014
:10748000A18F013552F8047B89B2606B40F82170FE
:10749000A18F013189B2A187A18F89B28E42B0D963
:1074A000042DEDD1ADE700BF1C2927D004D8102949
:1074B00005D0142911D07047202937D07047294BA7
:1074C000DA6812BA02601A6912BA42605A6912BACC
:1074D00082609B691BBAC3607047224BDA6812BA9C
:1074E00002601A6912BA42605A6912BA82609A69D5
:1074F00012BAC260DB691BBA03617047194BDA68C4
:1075000012BA02601A6912BA42605A6912BA8260EB
:107510009A6912BAC260DB69134A1BBA0361536AE3
:107520001BBA4361936A1BBA836170470D4BDA68DB
:1075300012BA02601A6912BA42605A6912BA8260BB
:107540009A6912BAC260DB691BBA0361064B5A6AB8
:1075500012BA42619A6A12BA8261DB6A1BBAC361CB
:10756000704700BF00140248001702482DE9F0419F
:10757000904605460E461C46FDF75CFD0746B8F1F1
:10758000000F09D1DFF85880D8F8243036EA030319
:1075900013D10020BDE8F081DFF84480D8F8243012
:1075A00036EA0303F5D1631CF8D0FDF743FDC01B99
:1075B000A0420BD8002CF1D108E0621CE4D0FDF70A
:1075C00039FDC01BA04201D8002CDDD101230320CE
:1075D00085F83530002385F82C0085F83430D9E75C
:1075E0000014024838B5044628B390F8353003F04B
:1075F000FF021BB980F83420F9F768FD00200F4A1C
:1076000002230121E06184F8353084F82D102062D6
:10761000E0866062A0631368256823F030032B4383
:107620001360136823F40053136084F8351084F852
:107630002C00E06338BD0120FCE700BF00140248C5
:10764000704770477047000038B590F835300446F1
:10765000022BDAB240F0E280416A714B81B91A6ABA
:1076600022F003021A62012380F8353084F82C30AE
:107670002046E36B43F00103E363FFF7E3FF26E0FB
:10768000416A012918BF032242625A6A12F00202BB
:1076900025D01968634A006911421CD0196811404D
:1076A000B1F5802F19D01B689A4314BF10212021F7
:1076B000FFF7FAFE5A4A2046136A23F003031362C7
:1076C000012384F8353084F82D30FFF7BAFF00230A
:1076D00084F82C3038BD1421EAE71C21E8E7596A08
:1076E000C907F4D5016A69B190F83610012909D1AA
:1076F000196A21F003011962082380F8362080F806
:107700003530E4E7216AE36840291A461DD903F1C0
:107710004000434953F8045B83424D60FAD1606AEC
:1077200002280DD11B684B60236A432B05D9236ABD
:107730004432443B2362E260C9E700232362C6E788
:10774000236A4032403B2362F5E7226A3449033220
:10775000086A22F0030220F001001A4408629A42EB
:107760000BD1236C012B0CD100252046256484F815
:107770003530FFF765FF2562A9E753F8040B486031
:10778000EDE7274D2046AB6843F48073AB600023E0
:107790002362FFF755FF94F82D30032B23D14FF4CC
:1077A0007A73012208212046FFF7E0FE28B12B6AF8
:1077B00023F003032B62032358E70423E26984F8D0
:1077C0002D3002F00301AB6823F01F0343EAC1032D
:1077D000AB60A3692262E360012363622B6A43F01A
:1077E00001032B6273E7042B7FF471AF4FF47A73BC
:1077F000012208212046FFF7B9FE0028D7D1052332
:10780000626884F82D3002F00301AB6823F01F0397
:1078100043EAC103AB60A3682262DCE7022325E7E9
:10782000001402488000040010B548B141B14AB1CB
:107830000548FEF7F1FA02280CBF0320002010BD16
:107840000220FCE70720FAE78C0400240346F0B589
:10785000E1B1D8B1468900240589DFF834C0354448
:1078600016FA84F2A0B292B2AA4209DAA2EB060E8C
:107870005F681CF80220013417F80E709742EFD1B0
:107880000880B0FA80F04009C000F0BD0220FCE79B
:107890001CAF000870B50446D8B14389028913446F
:1078A000B3F5806F17DC0D48FEF7F8FA0C4E6389CC
:1078B0006089228961681518AB4204DB0748FFF72D
:1078C0008DF8002070BD181AF25C01330A549BB287
:1078D000EEE70220F6E70620F4E700BF8C04002460
:1078E0001CAF000810B5044690B10A4861680368EF
:1078F0001A6822F001021A601A6842F001021A6046
:107900002289FFF76BF82046FFF7C4FF002010BD67
:107910000220FCE78C04002470B5044690B10B4BA8
:1079200000250B4E186005703046FEF7B7FAD6F802
:107930008C30202B08D1228930466168FFF74EF841
:10794000284670BD0220FCE70320FAE7F006002479
:107950008C040024024B01221B681A70704700BF80
:10796000F00600240E4B1A78824214D01A7C824210
:1079700013D093F82020824211D1022203EB02138C
:1079800000225A705A801A799989D243986802F075
:107990000102FCF7FBBA0022F0E70122EEE7704794
:1079A0003800002408B50020FFF7DCFF0120FFF7B6
:1079B000D9FF0220BDE80840FFF7D4BF04280A46DB
:1079C00007D8044B03EBC00153F830008988FCF75B
:1079D000DDBA70471000002402281FD8104B1A7817
:1079E000824214D01A7C824213D093F82020824223
:1079F00014D102221201312913440CD80122998991
:107A000098685A7000225A801A79FCF7BFBA00228F
:107A1000F0E70122EEE7022259805A70704700BF5A
:107A200038000024022801D8FFF79CBF70470000EF
:107A3000BFF34F8F0549064BCA6802F4E062134357
:107A4000CB60BFF34F8F00BFFDE700BF00ED00E04C
:107A50000400FA05F8B50E4E00250E4C0A273368CF
:107A6000013333606378022B0CD162883368B2FB38
:107A7000F7F2B3FBF2F102FB11331BB9A189A06845
:107A8000FCF789FA01351034032DEBD1F8BD00BFA6
:107A9000F40600243800002470B540F2FF72002183
:107AA0002E48FAF7AFF92D48F9F752FF01212B487C
:107AB000F9F758FC2A4E05462A4C002839D12748A8
:107AC000F9F7DCFC40F23B23274A58434FF47A7322
:107AD000B0FBF3F39042336018D203232370237872
:107AE000032B12D0214C217831BB2148027801327E
:107AF000D2B2032A027008D1012213F0FD0F0170E7
:107B0000227002D11B4BFA221A7070BDA3F5DA5213
:107B100040F6B831183A8A4201D80223DEE7A3F5CD
:107B20001C53103BB3F57A6F01D80123D6E72570BB
:107B3000D5E700233360D2E713F0FD03E5D1012937
:107B4000E3D10B490A780132D2B2032A0A7001BF8D
:107B5000FA20084A0B701070D7E700BF9802002483
:107B6000FC06002401070024C0CF6A00F9060024A7
:107B7000F806002400070024014B1B7803707047AF
:107B800000070024014B1878704700BF010700244C
:107B9000CB0737B550D5294C2378002B4CD1284D35
:107BA000402128482A46CDE900336B46FDF710FDF9
:107BB000002841D1244B2A681B889A423CD19DF869
:107BC00000300F2B0DD8214D082268462946F8F7C2
:107BD000A8FD2B7803F00F031D4A138001232370A7
:107BE0002AE003F0F003102B13D1184D0822684649
:107BF0002946F8F796FD032216490DF10500F8F71E
:107C000090FD2A786B78120202F470621343033BF2
:107C1000E2E7202B10D1104D07220C490DF1010095
:107C20002B881944F8F77DFD2B88094A0733128801
:107C30009BB29A422B80D1D903B030BD2C070024CF
:107C400004070024FC020024320700243707002424
:107C500030070024340700242E07002470B5104D8F
:107C600088B0002401262846FDF766FC02236946F9
:107C700028460694CDE90236CDE90044CDE9044416
:107C8000FDF71EFC224631462846FDF75BFD054BFD
:107C9000054A40212846FDF79BFC08B070BD00BF97
:107CA000FC020024370700240407002460B159B106
:107CB000074B1A78012A09D1064A02600020064AB9
:107CC000187012880A807047072070470820704794
:107CD0002C070024370700243007002437B514464A
:107CE0001A4600230F4DB0F5006F2860CDE9003330
:107CF0000D4B198014D29CB1931E052B10D80DF199
:107D00000101601C8DF80020F8F70BFD6A4629463A
:107D10000648FDF72AFC003818BF012003B030BD2B
:107D20000720FBE76800002432070024FC0200243F
:107D3000002313B5CDE90033114B8DF80110186005
:107D400030208DF8022019468DF800006A460D4853
:107D5000FDF70BFC044688B903220B490B48F8F7E2
:107D6000E0FC032221460948F8F700FC084B0322F7
:107D70001C70084B1A80204602B010BD0124FAE79F
:107D800068000024FC020024370700243407002484
:107D90002C0700242E070024FFF760BF10B1024B10
:107DA0001B780370704700BFE40F002410B569B161
:107DB000084C2378112B0BD8074A22F8330002EB2A
:107DC000C302002001335160237010BD0220FCE784
:107DD0000920FAE74E0F0024540F002418B1034B7A
:107DE0001860002070470220704700BF500F002429
:107DF00010B5114A1023114C537023789070C3B9F9
:107E00000138022803D906230720237010BD02235E
:107E100040F2B27140F23270FFF760FF30B90123D7
:107E20002370074B1880074B1870EFE70623237069
:107E3000ECE70320EAE700BF460F0024E50F00242B
:107E4000400F0024420F002410B50F4C2378CBB90B
:107E50000E4A222340F291715370030AD07040F20F
:107E6000117093700323FFF739FF40B9012323708A
:107E7000074B1870074B1880074B188010BD06235E
:107E80002370FBE70320F9E7E50F0024460F0024E9
:107E9000420F0024400F0024440F002410B50F4C63
:107EA0002378CBB90E4A19234FF4F26153700223A1
:107EB000D0704FF4E26093700323FFF70FFF40B9D7
:107EC00001232370074B1870074B1880074B18804D
:107ED00010BD06232370FBE70320F9E7E50F00241C
:107EE000460F0024420F0024400F0024440F0024BA
:107EF00020B103781B09024A13707047FF23FAE789
:107F00003B0F00242DE9F0435C4CADF2044D237887
:107F1000062B6CD8DFE803F03804467E8BAC5400A7
:107F2000574E3378022B3BD8564D2A88312A33D806
:107F3000554F56493846FFF7B9FEF0B93868002862
:107F400055D0534B53491B784BB9FFF7D1FF0B78F2
:107F500043B9514B01221A700223237014E002230B
:107F60000B70F4E7012B04D14B4B02221A70032350
:107F7000F3E7022B3BD10423EFE7082808D00623C0
:107F8000237000232B8033700DF2044DBDE8F08385
:107F90002B8801332B80F7E7013333700023F9E797
:107FA0000523DAE7384B3C4A1B6812789A5C502A62
:107FB00008D19B785A1E022A384A88BF00231370C2
:107FC0000023CAE7622A12D1304A1288012AF7D95F
:107FD000191D033A5B888DF8FC235BBA304A314D9A
:107FE00010789BB20022FE91D1B2814201D30623C8
:107FF000B3E7511C35F831609E4209D12A4B03EB9F
:10800000C2030DF580625B6812E903009847D7E769
:108010000A46E9E700224FF4E2601146FFF788FEC6
:108020000028E4D101231A4A23701370ACE71F4DD6
:10803000164E154B294632881868F8F772FB3388BC
:1080400005F1100140F2F2326846D5F80090D5F8FB
:108050000480AF68EE68A5F80034F8F74BF9144BCC
:10806000484641463A461D683346A8470023DAE7AA
:108070000023044A1380024A13706EE7E50F0024C0
:10808000420F0024400F00243C0F0024440F002422
:10809000E60F00243B0F00243A0F0024E40F0024D5
:1080A0004E0F00244C0F0024540F0024380B0024E2
:1080B000500F0024014B00221A707047E40F002477
:1080C0002DE9F74F06463A49F8F74FFB394905467F
:1080D0003046F8F74AFB384904463046F8F745FB86
:1080E000C5B1BCB1B0B10A212846F8F733FA88B15E
:1080F000471C32493846F8F738FB58B1C51B1FFA00
:1081000085F909F1FF337E2B50D80A212046F8F774
:1081100021FA08B9022046E0461C28493046F8F703
:1081200024FB0028F6D0841BA3B25A1EB2F5FF7FB1
:108130003CD8DFF898B04FF42172384601939BF891
:1081400000800027A4B202FB08F8AAB21C4D0092DE
:1081500008EB050A5146F8F7E4FA009A08F18001A5
:1081600030460AF80270224629445444F8F7D9FAF6
:10817000019B9BF80000134AAAF88232431C117835
:10818000DBB284F880700131AAF88092092B8BF859
:108190000030117003D90A238BF8000013700A4BCA
:1081A000012200201A7003B0BDE8F08F0620FAE724
:1081B0001CB300082BB300083CB30008E7B5000867
:1081C000E80F002410290024E70F002411290024BF
:1081D000084B1B78092B0BD1074B02221960074B68
:1081E00018600020064B1A700622064B1A70704762
:1081F000032070478F0000241C2900241829002424
:108200008D00002490000024054B1B78092B03BF30
:10821000044B02220020032008BF1A70704700BFE1
:108220008F00002490000024084B1B7853B1084BAA
:108230001B78092B08D1074B072218600020064B3A
:108240001A70704701207047032070478C0000248B
:108250008F0000241429002490000024084A0346BB
:10826000107801280BD0074A1278092A06D1064A4D
:10827000002013600822054B1A70704703207047D6
:108280008C0000248F000024142900249000002476
:10829000014B1B78037070478E00002437B5002314
:1082A0009D4C0DF107008DF8073000F07BFD237821
:1082B000013B082B16D8DFE813F009001F00E0008F
:1082C0004100010161009C00C80020019DF80730B9
:1082D000012B09D10023092290482370904B1A707A
:1082E00000F05AF903B030BD062BFBD1092301225F
:1082F00023708B4B1A70F5E79DF80750012D09D1BB
:10830000032000F05BFD0028ECD100F09DF9844BC8
:108310000822EFE7042D06D100F04AFD804B082229
:1083200025701A70DEE7023D012DDBD87D4B00225F
:108330001A7005227A4B1A70092337E09DF807302E
:10834000012B03D1784800F031F9E0E7042B0CD180
:1083500000F02EFD032000F041FD724B01221A7047
:1083600009226F4B1A70002320E0023B012BB9D881
:108370006C4B00221A700322694BDCE7694B1D78B5
:10838000012D2ED19DF80730012B11D1644C23789B
:10839000092BA7D1032000F011FD0028A2D1634BC7
:1083A0001968634B186800F087FA0823237099E76F
:1083B000042B0BD100F0FCFC032000F00FFD5D4B03
:1083C0001D7000232370564B092293E7023B012BBB
:1083D00088D80023574A137009222270504A13701C
:1083E00080E7002D7FF47EAF092323704C4B1D7076
:1083F00078E79DF80730012B0FD1032000F0DEFC59
:1084000000287FF46FAF4C4B186800F06DF9444BB7
:1084100008221A700222494B6CE7042B0BD100F0A2
:10842000C7FC032000F0DAFC3D4B09221A70002340
:10843000424A1370BAE7023B012B3FF653AF3F4B62
:1084400001221A700722364B75E79DF80730012B81
:108450000AD1032000F0B2FC00287FF443AF364B72
:10846000186800F097F9D2E7042BE4D100F0A0FCE3
:10847000032000F0B3FC314B70E79DF80730012B6F
:1084800008D1032000F09AFC00287FF42BAF00F005
:1084900003F93CE7042B07D100F08AFC032000F02D
:1084A0009DFC1F4B08225DE7023B012B3FF61AAFF4
:1084B0001C4B00221A700622194B3CE79DF807302E
:1084C000012B08D1032000F079FC00287FF40AAFCB
:1084D00000F0B8F91BE7042B06D100F069FC03207B
:1084E00000F07CFC02236DE7023B012B3FF6FAAE65
:1084F0000923042223700A4BFCE6032000F06EFCE3
:10850000074B1A78032A01D0052A01D105234DE72C
:108510000022227058E700BF90000024C1800008AC
:108520008F0000248E000024940000241C290024C5
:10853000182900248D000024142900248C00002414
:10854000014B1B78037070478D000024014B032200
:108550001A7070478D000024014B1B780370704720
:108560008C000024084B1A78012A0AD1074A0260BD
:10857000074A1078087000200649107008701870BB
:1085800070470820704700BFE70F0024E80F002461
:10859000102900241129002418B1034B1860002071
:1085A00070470220704700BF102C0024F0B505680A
:1085B0008BB0002D32D0416800292FD0C268002A2C
:1085C0002CD0036953B304248068CDE90743144BCE
:1085D00000900994CDE901451D78012DCDE90341B5
:1085E000CDE9054218D10F4B1E78032E14D10E4F42
:1085F0006A460E493846F8F73FF80D4B0D4A002001
:108600001F6013600C4A13600C4B1E700C4B1D70E6
:108610000C4B1C700BB0F0BD0320FBE70720F9E703
:10862000A90100241E2E0024042B002490B300086E
:1086300024010024242E0024202E00241F2E002498
:10864000A8010024282E00240B4B1B78012B11D1EC
:108650000A4A1278032A0DD1094A002009490A6002
:1086600009490A60094A1370094A13700422094B28
:108670001A70704703207047A90100241E2E0024A1
:1086800018010024242E0024202E00241F2E002454
:10869000A8010024282E00240B4B1B78012B11D19C
:1086A0000A4A1278032A0DD1094A002009490A60B2
:1086B00009490A60094A1370094A13700422094BD8
:1086C0001A70704703207047A90100241E2E002451
:1086D000F4000024242E0024202E00241F2E002429
:1086E000A8010024282E00242DE9FF41054600287A
:1086F00033D01C4B1E78012E31D11B4B1F78032F1A
:108700002DD1DFF88880F7F72FFF184C0DF1060305
:1087100002AA1749ADF806004046CDE90236F7F740
:10872000ABFFC4F80080DFF8688002AA0295042538
:10873000104940460395F7F79FFF0F4B0020C4F800
:108740000C801C600D4B1C600D4B1F700D4B1E7080
:108750000D4B1D7004B0BDE8F0810720FAE703203F
:10876000F8E700BFA90100241E2E0024D000002439
:10877000A6B30008A7B70008242E0024202E00244A
:108780001F2E0024A8010024282E0024C42A00241F
:10879000842A00242DE9FF410446002834D01C4BD4
:1087A0001D78012D32D11B4B1E78032E2ED1DFF800
:1087B0008C80F7F7D9FE184F0DF1060302AA17496E
:1087C000ADF806004046CDE90235F7F755FFC7F88A
:1087D0000080DFF86C8002AA02940424104940460D
:1087E0000394F7F749FF0F4B00200F4AC7F80C809E
:1087F00013600E4A13600E4B1E700E4B1D700E4B15
:108800001C7004B0BDE8F0810720FAE70320F8E708
:10881000A90100241E2E0024D0000024C0B30008AB
:10882000A7B70008AC000024242E0024202E00242A
:108830001F2E0024A8010024282E0024442A0024EE
:10884000042A00240C4B1B78012B12D10B4A1278FE
:10885000032A0ED10A4A00200A490A600A490A601E
:1088600002210A4A11700A4A13700422094B1A7035
:1088700070470320704700BFA90100241E2E00246A
:10888000F4000024242E0024202E00241F2E002477
:10889000A8010024282E002410B5044640B1F7F7A3
:1088A00063FE2146C2B20348BDE81040FEF7BCBFDC
:1088B000072010BD9C0100242DE9F04F0E4685B025
:1088C0000746002865D0002963D0344B1D78012D60
:1088D00061D1334B1B78032B5DD1DFF8F480F7F7C0
:1088E00043FE304C0DF1060302AA2F49ADF80600F5
:1088F0004046DFF8E0A0DFF8E090DFF8E0B0CDE937
:108900000235F7F7B9FEC4F80080E76042F2283874
:108910004FF47A773046C4F804A0A4F80880A57212
:10892000C4F81090A782A575F7F71EFE0DF1060397
:1089300002AA1E49ADF806005846CDE90235F7F700
:108940009BFE18221A48A4F8208084F82250A7859C
:1089500084F82E50C4E90969164E3146C4E906BAB6
:10896000F7F7DFFE144B052200206363134B2663E9
:108970001C60134BA4F838801C60124B84F83A50EA
:108980001A700422104B1D70104B1A7005B0BDE810
:10899000F08F0720FAE70320F8E700BFA9010024C1
:1089A0001E2E002488290024DAB30008F3B300083F
:1089B0000AB40008252900241FB40008242E00242E
:1089C000202E00241F2E0024A8010024282E00247D
:1089D000C4290024EFB30008F1B30008452900249E
:1089E00010B1024B1B780370704700BF292E002482
:1089F00008B50448FEF776FF0123034A1370034AC3
:108A0000137008BD9C010024282E00241E2E002473
:108A10002DE9F34100239C4CADF806302378082B58
:108A20001BD8DFE813F001010900360012014100F4
:108A30005400EF0061018B01944D2B880BB18C2BFE
:108A40000ED101224FF400519148FBF79FFA914B50
:108A500001221A702B8801332B8002B0BDE8F0810F
:108A6000402B01D08E2B06D100224FF400518848B4
:108A7000FBF78CFAEEE740F28B129342EAD1022325
:108A800085482370FEF706FF01224FF4005183480A
:108A9000EEE7834B834A1360834A13600822834BBB
:108AA0001A7004232370D8E77E4B1B681868FFF701
:108AB000F3FE20B9052323707D4B1870CDE7032802
:108AC000EFD0072302222370794B1A70C5E7754E49
:108AD000012278493368DFF808825868F7F732FED8
:108AE00068B9754AA8F80000137801331370336829
:108AF0000C333360042323706D4B1870ADE732687C
:108B00002821B8F800301289B2FBF1F29A4273D9E9
:108B100001330DF106016048A8F80030FEF796FE1B
:108B200008289AD065496648F7F7F6FC644D074671
:108B3000002861D1336828465968F7F7EDFC002812
:108B40008BD05D4A13780133DBB21370574A127829
:108B50009A420CD93368A8F800700C3333600423B0
:108B60002370534B1F704C48FEF794FE75E70323A8
:108B7000544928462370F7F7CFFC0028F3D04C4B1C
:108B800051481A780760002AEDD1504B1B78022B10
:108B9000E9D14F4B012119702946134611F8014BB9
:108BA00001332C2CDBB21CD10132D2B2022A18D1F3
:108BB0001A46D1B22829D6D0AC5C0D2C03D00A2C91
:108BC00002F10102F5D18B42CDD200241D44C91A15
:108BD0000A23264622468C4206DB002EC3D00260C2
:108BE000C1E7282BDAD1BEE715F8016B013403FB8E
:108BF00002620126303AEEE70723032223702C4B52
:108C00001A70B0E733492E48F7F786FC20B1324B93
:108C10001B680BB12A4898471F48FEF73BFE00230C
:108C20002370234B012250E7284B1B78022B3FF483
:108C300014AF0DF106011848FEF708FE00287FF476
:108C40000CAF06232370254BECE70422184B1F487A
:108C50001A700278012A0DD10021017021701A705A
:108C60000023104A1360144A13701D4A13801D4AD2
:108C70001370F2E619490A78022AF1D100220A702B
:108C800022700122EBE700BF282E0024142C0024C0
:108C900000040258292E00249C010024000C0258D4
:108CA0003C010024242E0024202E00241F2E00240A
:108CB000A9010024F1B30008242900242EB40008DF
:108CC0001E2C002434B40008182C00241E2E00246E
:108CD0001D2C002441B40008102C0024A8010024FD
:108CE00022290024202900242549264A0B781278BD
:108CF000022B254D254809D80133012A0B7004BFEA
:108D00000223237000232B700380A6E60023204E4D
:108D1000012A33602B7003800B700AD01D4A137830
:108D20000BB1013BA4E70321117001211A4A117014
:108D3000B8E6194B0621227019708EE617480378A1
:108D4000B3B9174D2B78002B7FF487AEFEF7E4FD07
:108D50000F4B1B681868FFF79FFD20B9082323708D
:108D600001232B7079E603287FF4ABAE082399E644
:108D7000012B7FF472AE032300222370084BA4E67C
:108D8000202900241E2E0024242900242229002426
:108D9000242E0024A8000024A9010024042C00246F
:108DA0001C2C0024014B1B7803707047A901002480
:108DB000014B02221A707047A8010024821E03464C
:108DC000012A04D8044A107818B913707047072094
:108DD00070470320704700BF1E2E0024831E012B06
:108DE00006D8054B1A78824204D1002018707047CB
:108DF00007207047032070471E2E0024104B10B52B
:108E00001A461B688342FBD354681119884201BF7C
:108E10004168104609195160446801198B420CD110
:108E2000084909688B4203D0596821444160196898
:108E30009042016018BF106010BD1946F8E700BFEE
:108E4000402E00243C2E0024F8B5044600F030FBF0
:108E50003F490B68F3B93F4A3F4D50071BBFD01D38
:108E600002F540624FF4406320F007001CBF131A64
:108E70000246002013442A606860083B23F0070381
:108E8000C3E90000981A0B60C2E90030334B186048
:108E9000334B1860002C4AD004F00703A3F11102F1
:108EA000A24251D304F1100EAEEB030CBCF1000F43
:108EB0004ADD2B4F3E68664546D3274A15686868E9
:108EC000604501D22C68BCB90968A9423CD0A3EB2B
:108ED0000E032968146803441160102B14D905EBA4
:108EE0000C0042070BD04FF0500383F31188BFF3FF
:108EF0006F8FBFF34F8FFEE72A462546DFE74360BB
:108F0000C5F804C0FFF77AFF6A68002313490834E4
:108F1000B61A42F0004208686A60124A86422B6024
:108F200013683E6003F1010338BF0E60136000F068
:108F30007DFB63070AD04FF0500383F31188BFF322
:108F40006F8FBFF34F8FFEE70024F0E72046F8BD98
:108F50003C2E0024482E0024402E0024342E0024D1
:108F6000382E0024302E002410B5044680B350F86B
:108F7000043C002B08DB4FF0500383F31188BFF350
:108F80006F8FBFF34F8FFEE750F8082C42B14FF0C0
:108F9000500383F31188BFF36F8FBFF34F8FFEE74A
:108FA00023F0004340F8043C00F082FA094A54F8E8
:108FB000043CA4F1080011680B441360FFF71EFF86
:108FC000054A13680133BDE81040136000F02EBB62
:108FD00010BD00BF382E00242C2E002400F1080301
:108FE0004FF0FF3243600361C0E9022300230360B6
:108FF000704700230361704743689A684B608A603A
:10900000516099600368086101330360704730B5AF
:109010000C68631C0AD103695A684A6091608B60CE
:109020005960036808610133036030BD00F1080234
:10903000134652681568A542FAD9EDE70369D0E9ED
:1090400001128A6051605968814208BF5A6000224B
:1090500002611A68013A1A6018687047F8B5204B27
:109060000646204C0F461D6820680430FFF7E6FFD7
:1090700040B922681C49D06A01220B68824023EA69
:1090800002030B60731C13D197B1184B21685A6807
:109090008A6090682168C860216804314160216855
:1090A00004319160226853611A6801321A60F8BD78
:1090B000AD1923685D6007D30D4B18682168BDE8C2
:1090C000F8400431FFF7A3BF0A4B18682168043148
:1090D000FFF79DFF084B1A68AA42E8D91D60E6E732
:1090E0006C3A0024703B0024683A0024743A00244F
:1090F000B43A0024B83A0024503A0024064A1368CF
:109100001968064B19B94FF0FF321A6070471268A0
:10911000D2681268F9E700BFB83A0024503A002438
:1091200080B5154C154F164E236873B9154B1B6847
:10913000012BF8D94FF0E0234FF08052C3F8042DF3
:10914000BFF34F8FBFF36F8FEDE700F0D3FBFB68EA
:10915000DD68281DFFF772FF3368013B3360236829
:10916000013B236000F0E6FB286BFFF7FDFE28467D
:10917000FFF7FAFED8E700BF883A00248C3A0024B3
:10918000703A0024E43A00242DE9F84F9500814616
:109190000E469A462846DDE90A8BFFF755FE07463C
:1091A00018B94FF0FF30BDE8F88F5C20FFF74CFE98
:1091B0000446002800F0B2805C22002101F0F2FD9C
:1091C000384627632A46A52101F0ECFD276B6EB1D6
:1091D000731E04F133020F3613F8011F02F8011F4A
:1091E00009B1B342F8D1002384F84330B8F1060F37
:1091F00008D94FF0500383F31188BFF36F8FBFF38B
:109200004F8FFEE7261D043DC4F82C803046C4F87D
:109210004C80FFF7EEFE04F11800FFF7EAFEC8F1FC
:109220000703781952464946246120F00700A361DC
:10923000646200F035FB2060BBF1000F01D0CBF879
:10924000004000F057FB374B374F1A68DFF80081BA
:1092500001321A603D68002D55D13C601B68012B1E
:109260001FD1C14601354846FFF7B8FE09F1140980
:10927000072DF7D1DFF8DC902C4D4846FFF7AEFE06
:109280002846FFF7ABFE2A48FFF7A8FE2948FFF75C
:10929000A5FE2948FFF7A2FE284BC3F80090284BF3
:1092A0001D60284A28491368086801336364136005
:1092B0000122E36A9A4002430A601422534308EBF6
:1092C00003014A689068A260E0604660966058F8C2
:1092D00003206161013248F8032000F02BFB1B4B97
:1092E0001B6873B13B68DA6AE36A9A4209D24FF0AD
:1092F000E0234FF08052C3F8042DBFF34F8FBFF32C
:109300006F8F01204FE7114B1A68E36A002AC8D11A
:109310003A68D26A9A42C4D83C60C2E73846FFF73E
:1093200023FE3EE7703A0024703B0024BC3A002440
:10933000A03A00248C3A0024743A0024B83A00245D
:10934000B43A0024543A0024683A0024643A0024D1
:10935000E43A0024D03A002470B504462D4D00F0C4
:10936000C9FA04B92C68261D3046FFF767FE60B9BC
:10937000E06A1423284A4343D35833B927490122CA
:109380000B68824023EA02030B60A36A1BB104F15D
:109390001800FFF753FE224A1368013313602B684D
:1093A000A34224D131461F48FFF726FE1E4A136808
:1093B0000133136000F0BEFA2B68A34205D0206B86
:1093C000FFF7D2FD2046FFF7CFFD184B1B68FBB11E
:1093D0002B68A3421CD1164B1B687BB14FF0500386
:1093E00083F31188BFF36F8FBFF34F8FFEE7114AEE
:1093F0001368013B1360FFF781FEDBE74FF0E023CA
:109400004FF08052C3F8042DBFF34F8FBFF36F8F1F
:1094100070BD00BF703B0024E43A0024683A002489
:10942000543A00248C3A0024883A0024643A0024F8
:10943000483A0024703A002413B5164B00248022C9
:1094400015490193234615480094FFF79DFE012816
:1094500015D14FF0500383F31188BFF36F8FBFF323
:109460004F8F0F4B4FF0FF321A600E4B18600E4BB0
:109470001C6000F0C9FA0D4B1B6802B010BD013032
:10948000F9D14FF0500383F31188BFF36F8FBFF30F
:109490004F8FFEE74C3A002461B600082191000886
:1094A000503A0024643A00246C3A0024E8B70008DB
:1094B000024A136801331360704700BF483A002422
:1094C0002DE9F84F4E4B1B68002B40F092804D4B1E
:1094D0001C6801341C60BCB94B4B1A68126842B15D
:1094E0004FF0500383F31188BFF36F8FBFF34F8F9B
:1094F000FEE7464A1968106818601160444A13680C
:1095000001331360FFF7FAFDDFF814C10020414A70
:10951000DCF80030DFF80C919C420FD2D9F8003013
:109520001421DB6A4B43D358022B3B4B1B6828BFEB
:109530000120002B18BF0120BDE8F88FDFF8C8809C
:10954000DFF8E4E0D8F800301B6823B94FF0FF33B0
:10955000CCF80030E2E7D8F80030DB68DB68596807
:109560008C4202D2CCF80010D8E75D691F1DD3E908
:1095700002168E6071606968B9424FF0000108BF41
:109580006E6059612968013929609D6A7DB103F1D6
:10959000180AD3E907168E607160696851454FF06B
:1095A000000108BF6E609962296801392960D96A93
:1095B0000125DEF800608D403543CEF800501425BB
:1095C0004D4302EB050ADAF80460D6F808B09E6055
:1095D000C3F80CB0CBF80470B760C3F814A05359AB
:1095E00001335351D9F80030DB6A994288BF01201A
:1095F000A8E70A4A00201368013313609CE700BF04
:10960000483A00246C3A0024B83A0024B43A0024C2
:10961000583A0024E43A00245C3A0024603A0024DA
:10962000503A0024703B0024683A00242DE9F84F9A
:10963000454C236843B94FF0500383F31188BFF3BF
:109640006F8FBFF34F8FFEE700F054F92368013BA3
:10965000236023682BB1002400F06CF92046BDE89C
:10966000F88F3A4A1268002AF5D0394E4FF0010CB3
:10967000384F4FF0140E384ADFF8E880DFF8E090FA
:1096800040E0F368DB68986A03F11805D3E9071432
:109690008C6061604168A9424FF0000108BF4460DE
:1096A000996201680139016058691D1DD3E90214EE
:1096B0008C6061604168A942016801F1FF3108BF17
:1096C00044600160D96A3C680CFA01F020433860BC
:1096D0000EFB01F002EB000ADAF80440D4F808B0FF
:1096E0009C60C3F80CB0CBF80450A5601458C3F8C4
:1096F00014A001341450D8F80000C06A814201D38C
:10970000C9F800C031680029BBD10BB1FFF7F6FCE6
:10971000124D2C6844B1124E0127FFF7D1FE00B163
:109720003760013CF9D12C600D4B1B68002B92D0A7
:109730004FF0E0234FF08052C3F8042DBFF34F8F5A
:10974000BFF36F8F012487E7483A0024703A002462
:10975000A03A0024683A0024E43A0024603A002445
:109760005C3A0024703B002408B550B94FF0E02368
:109770004FF08052C3F8042DBFF34F8FBFF36F8FAC
:1097800008BD0A4B196841B14FF0500383F31188AB
:10979000BFF36F8FBFF34F8FFEE7FFF789FEFFF731
:1097A0005DFCFFF743FF0028E0D0E9E7483A0024DA
:1097B000174B1A68174B10B512B101221A6010BD71
:1097C0001A60154B1A68B2FA82F2D2B21423134906
:1097D000C2F11F025343CC58C81844B94FF050038C
:1097E00083F31188BFF36F8FBFF34F8FFEE7446899
:1097F000083364680B449C42446004BF6368436060
:10980000142303FB02114B68DA68054BD6E700BF4F
:10981000483A00245C3A0024683A0024E43A0024E0
:10982000703B002408480068006880F308884FF007
:10983000000080F3148862B661B6BFF34F8FBFF3A8
:109840006F8F00DF00BF000008ED00E0DFF80C00C4
:10985000016841F4700101607047000088ED00E08C
:10986000002382B001930D4B1B68013308D04FF0E9
:10987000500383F31188BFF36F8FBFF34F8FFEE761
:109880004FF0500383F31188BFF36F8FBFF34F8FF7
:10989000019B002BFCD002B0704700BFAC0100243C
:1098A0004FF0807321F0010140F8202C443803640C
:1098B000034BC16383636FF002030362704700BF11
:1098C0006198000800000000000000000000000097
:1098D000074B19680868B0E8F04F80F30988BFF3B8
:1098E0006F8F4FF0000080F311887047AFF3008056
:1098F000703B00244FF0500383F31188BFF36F8F48
:10990000BFF34F8F0A4A13680133012B13600ED146
:109910004FF0E023D3F8043DDBB243B14FF05003E6
:1099200083F31188BFF36F8FBFF34F8FFEE770474C
:10993000AC010024084A136843B94FF0500383F385
:109940001188BFF36F8FBFF34F8FFEE7013B1360AA
:109950000BB983F311887047AC01002400000000AC
:10996000EFF30980BFF36F8F154B1A681EF0100FCD
:1099700008BF20ED108A20E9F04F10602DE90900A2
:109980004FF0500080F31188BFF34F8FBFF36F8FFC
:10999000FFF70EFF4FF0000080F3118809BC196833
:1099A0000868B0E8F04F1EF0100F08BFB0EC108A46
:1099B00080F30988BFF36F8F704700BFAFF300805B
:1099C000703B002408B54FF0500383F31188BFF3B8
:1099D0006F8FBFF34F8FFFF773FD28B14FF0E02378
:1099E0004FF08052C3F8042D002383F3118808BD83
:1099F0004FF0E02300221A619A61024A5A6107225D
:109A00001A617047BF2709004FF0E02337B5D3F83C
:109A1000001D384A914208D14FF0500383F311885A
:109A2000BFF36F8FBFF34F8FFEE7D3F8002D324B9C
:109A30009A4208D14FF0500383F31188BFF36F8F20
:109A4000BFF34F8FFEE72D4B1A78D2B20192FF225F
:109A50001A701B782A4ADBB28DF803309DF8033068
:109A600003F0500313700723264A13609DF8031078
:109A7000136809060AD4032B11D04FF0500383F367
:109A80001188BFF36F8FBFF34F8FFEE7013B136069
:109A90009DF803305B00DBB28DF80330E6E74FF44E
:109AA00040734FF0E02400251360019B134ADBB2A2
:109AB0001370D4F8203D43F47003C4F8203DD4F86B
:109AC000203D43F07043C4F8203DFFF791FF0E4B5B
:109AD0001D60FFF7BBFED4F8343F43F04043C4F8A9
:109AE000343FFFF79FFEFFF763FE2846FFF7B8FEFF
:109AF00003B030BD71C20F4170C20F4100E400E0FD
:109B0000783B0024743B0024AC010024104C114D20
:109B100008B500232A7823709A420F4A06D81368A2
:109B2000012001331360FFF71FFEF2E70B491268B3
:109B300001EBC3008088B2FBF0F600FB162212B9DD
:109B400051F83330984723780133DBB2E2E700BFA6
:109B50007A3B00246C3C0024B00100247C3B0024B0
:109B6000094D08B50023094C094E327823709A42FA
:109B700003D80020FFF7F0FBF4E755F8333098479F
:109B800023780133DBB2F0E7F43B0024793B002477
:109B90006D3C002473B501286B4683E8060003D0B2
:109BA00002280DD002B070BD074E084D347805EB89
:109BB000C405013493E8030085E805003470F1E73B
:109BC000034E044D3478F2E76D3C0024F43B00244E
:109BD0006C3C00247C3B00240D4B13B51B78ABB1CF
:109BE0000C4B1B7893B10024022380220A490B48B6
:109BF000CDE900342346FFF7C7FA01238022084944
:109C00000093234607480194FFF7BEFA02B010BD47
:109C10006D3C00246C3C002466B60008619B000883
:109C200070B600080D9B0008044B054A1B7812789B
:109C300013430F2B01D8FFF7FFBB70476D3C002487
:109C40006C3C0024FFF734BC08B50B4A03460B48B4
:109C5000026040F6FF72C26001221344426003EBCF
:109C600083038360FCF7B8FF08B1F6F7B1FE034841
:109C7000BDE80840FCF7DFBF00480058703C0024F6
:109C80000148FCF7D8BF00BF703C00240B4B4FF4D9
:109C9000001210B50A4C1A60206893E80600FCF721
:109CA000E4FE20680268936843F480039360FCF745
:109CB00022FF236810221B681A6210BD803C00241A
:109CC000B401002408B5014604220748FDF764F8F2
:109CD000F7F7BAFA01210846FBF7D6F8F7F7BEFA0C
:109CE000BDE80840F6F7D6BD98050024704700008F
:109CF00037B50DF10600FDF73FFF9DF80630FA2B52
:109D000043D100248DF80740FFF79CFFFDF74AFE82
:109D10000DF10700FEF764FE9DF80710012910D130
:109D20000320FDF74BFE1A4DFFF7AAFF1E2C0AD1A8
:109D30001F2400210320FDF741FE6420FBF780F97A
:109D4000F2E71F24EFE71DD9FDF7A6FEFDF71AFF86
:109D5000012815D12B78022B0ED900232B70BFF3CD
:109D60004F8F0C490C4BCA6802F4E0621343CB607E
:109D7000BFF34F8F00BFFDE70133DBB22B70DCE791
:109D80000023FBE70134E4B2D7E703B030BD00BFE6
:109D9000883C002400ED00E00400FA0510B5574BA4
:109DA000A2B0574A01240093002302922046ADF846
:109DB0000430ADF80C30ADF81430ADF81C30ADF80F
:109DC0002430ADF82C304F4B4F4A0C934F4B04923C
:109DD0000E934F4B4F4A10930A230692ADF844302E
:109DE000ADF85430ADF85C304B4B4C4A189304231B
:109DF0000892ADF864304A4B4A4A1A9312230A92E9
:109E0000ADF86C30484B494A1C9364231292484A7F
:109E1000ADF87430474B1492474A1E93474B169245
:109E20003649ADF83440ADF83C40ADF84C40ADF8A3
:109E30007C40019A2093ADF88440FFF7ABFE2046AA
:109E4000DDE90212FFF7A6FE2046DDE90412FFF766
:109E5000A1FE2046DDE90612FFF79CFE2046DDE963
:109E60000812FFF797FE2046DDE90A12FFF792FE7F
:109E70000220DDE90C12FFF78DFE0220DDE90E1253
:109E8000FFF788FE0220DDE91212FFF783FE0220B1
:109E9000DDE91812FFF77EFE0220DDE91A12FFF756
:109EA00079FE0220DDE91412FFF774FE0220DDE9DD
:109EB0001612FFF76FFE0220DDE91C12FFF76AFEA3
:109EC0000220DDE91012FFF765FE0220DDE91E1217
:109ED000FFF760FE22AB022013E90600FFF75AFEEF
:109EE000F6F750FD4FF4FA70FFF7AEFEFFF7CEFE27
:109EF00022B0BDE81040FFF76FBE00BF997D00089B
:109F0000F1890008997A000895A90008557A000897
:109F1000F5A9000835A30008118A0008B5A50008B6
:109F20009D82000805A7000839A70008057F0008E2
:109F3000B9A30008F19C0008CDA50008819C000889
:109F4000FFF772BE82B0024602AB03E90300094983
:109F50009DF8043001F8023F03449A4204D1064BB5
:109F600001221A7002B0704712F8010B01F8010FBC
:109F7000F3E700BF24020024923C002482B0024692
:109F800002AB03E9030009499DF8043001F80E3FD4
:109F900003449A4204D1064B01221A7002B0704762
:109FA00012F8010B01F8010FF3E700BF24020024AF
:109FB000923C002482B0024602AB03E90300094947
:109FC0009DF8043001F81A3F03449A4204D1064B2D
:109FD00001221A7002B0704712F8010B01F8010F4C
:109FE000F3E700BF24020024923C002482B0024622
:109FF00002AB03E9030009499DF8043001F8263F4C
:10A0000003449A4204D1064B01221A7002B07047F1
:10A0100012F8010B01F8010FF3E700BF240200243E
:10A02000923C002482B0024602AB03E903000949D6
:10A030009DF8043001F8323F03449A4204D1064BA4
:10A0400001221A7002B0704712F8010B01F8010FDB
:10A05000F3E700BF24020024923C002482B00246B1
:10A0600002AB03E9030009499DF8043001F83E3FC3
:10A0700003449A4204D1064B01221A7002B0704781
:10A0800012F8010B01F8010FF3E700BF24020024CE
:10A09000923C002482B0024602AB03E90300094966
:10A0A0009DF8043001F84A3F03449A4204D1064B1C
:10A0B00001221A7002B0704712F8010B01F8010F6B
:10A0C000F3E700BF24020024923C002482B0024641
:10A0D00002AB03E9030009499DF8043001F8563F3B
:10A0E00003449A4204D1064B01221A7002B0704711
:10A0F00012F8010B01F8010FF3E700BF240200245E
:10A10000923C002482B0024602AB03E903000949F5
:10A110009DF8043001F8623F03449A4204D1064B93
:10A1200001221A7002B0704712F8010B01F8010FFA
:10A13000F3E700BF24020024923C002482B00246D0
:10A1400002AB03E9030009499DF8043001F8023F1E
:10A1500003449A4204D1064B01221A7002B07047A0
:10A1600012F8010B01F8010FF3E700BFB80100245A
:10A17000913C002482B0024602AB03E90300094986
:10A180009DF8043001F80E3F03449A4204D1064B77
:10A1900001221A7002B0704712F8010B01F8010F8A
:10A1A000F3E700BFB8010024913C002482B00246CE
:10A1B00002AB03E9030009499DF8043001F81A3F96
:10A1C00003449A4204D1064B01221A7002B0704730
:10A1D00012F8010B01F8010FF3E700BFB8010024EA
:10A1E000913C002482B0024602AB03E90300094916
:10A1F0009DF8043001F8263F03449A4204D1064BEF
:10A2000001221A7002B0704712F8010B01F8010F19
:10A21000F3E700BFB8010024913C002482B002465D
:10A2200002AB03E9030009499DF8043001F8323F0D
:10A2300003449A4204D1064B01221A7002B07047BF
:10A2400012F8010B01F8010FF3E700BFB801002479
:10A25000913C002482B0024602AB03E903000949A5
:10A260009DF8043001F83E3F03449A4204D1064B66
:10A2700001221A7002B0704712F8010B01F8010FA9
:10A28000F3E700BFB8010024913C002482B00246ED
:10A2900002AB03E9030009499DF8043001F84A3F85
:10A2A00003449A4204D1064B01221A7002B070474F
:10A2B00012F8010B01F8010FF3E700BFB801002409
:10A2C000913C002482B0024602AB03E90300094935
:10A2D0009DF8043001F8563F03449A4204D1064BDE
:10A2E00001221A7002B0704712F8010B01F8010F39
:10A2F000F3E700BFB8010024913C002482B002467D
:10A3000002AB03E9030009499DF8043001F8623FFC
:10A3100003449A4204D1064B01221A7002B07047DE
:10A3200012F8010B01F8010FF3E700BFB801002498
:10A33000913C00242DE9F041194D00240C27DFF851
:10A340007080184E07FB04F355F8041B38F803001F
:10A35000FDF72CFD20B101233288A3401343338045
:10A360000134092CEED1104D00240C27DFF8448075
:10A370000E4E07FB04F355F8041B38F80300FDF7F5
:10A3800015FD20B101233288A340134333800134EB
:10A39000092CEED10121BDE8F041084600F014BBC4
:10A3A00010B80008963C0024ECB70008943C002448
:10A3B00024020024B801002470B5494C2378042BF2
:10A3C00000F28B80DFE803F00310375A7800454D28
:10A3D0002B7813B90123237014E0012B12D100F064
:10A3E00009F902232B700DE03F4D404E2B78022BD4
:10A3F00019D8337853B90120FDF7FAFC18B90123B5
:10A400002870337070BD2B780133EBE7384E30463F
:10A41000FDF7C4FC3378012BF5D102222270314ABA
:10A4200013700023DEE70023022233702B702370A9
:10A430002C4B1A70E6E72F490B78082B0CD80C220E
:10A4400053432D4AD05AFDF7FFFC08B90323C2E756
:10A450000328D7D00423BEE7284A1378082B03D853
:10A460000C225343264AEDE7002326481370264A60
:10A4700003701370254A0B701370ACE72449214A0E
:10A480000B78012B08D11B4803780133037000239C
:10A490000B70137002239EE71E490B78012B01D12C
:10A4A0001648F1E713780133DBB20F2B01D8137094
:10A4B000A8E700231370CDE70E490B78082B06D8C8
:10A4C000114802780133013202700B70E2E70B4948
:10A4D0000B78082BDED80D48F3E700237BE700BF9D
:10A4E000933C0024983C0024903C00248F3C0024A2
:10A4F0008E3C00248D3C0024240200248C3C00244B
:10A50000B80100248B3C00248A3C0024893C0024B0
:10A51000923C0024913C002418B1024B03600923B3
:10A520000B7070472402002418B1024B036009230A
:10A530000B707047B8010024014B00221A7070475D
:10A54000983C002484B010B502AC84E80F00BDF83C
:10A5500008142246134B0020C1F387011970124BD7
:10A56000C4B204320433A14209D8104B00221A703D
:10A5700001220F4B1A70BDE8104004B0704712F86A
:10A58000044C013003F8044C12F8034C03F8034C5C
:10A5900012F8024C03F8024C12F8014C03F8014C7B
:10A5A000DEE700BF9D3C00249E3C00249C3C002430
:10A5B0009B3C002408B50448FDF710FC0121022053
:10A5C000BDE8084000F000BA45A500080749084A60
:10A5D0000B78012B06D11378632B03D80133DBB240
:10A5E0001370704700230B70FAE700BF9C3C0024F7
:10A5F0009A3C002410B5094C2046FDF7CFFB20788B
:10A60000012809D1064C23782BB90920FDF746FC17
:10A6100008B90123237010BD0120FCE7993C0024F8
:10A620009C3C002400B951B1074B1B78012B08D08A
:10A63000064B03600020064B1B780B70704702200E
:10A6400070470320704700BF9C3C00249E3C0024C0
:10A650009D3C0024014B1878704700BF9B3C0024B0
:10A66000014B00221A7070479B3C00242DE9F043F7
:10A670004FF48062A9B006460C461C480021002514
:10A680001B4FDFF87890F5F771FFDFF874801749FA
:10A690001848F6F7B4F8EAB2A24206D313491648AE
:10A6A00029B0BDE8F043F6F7BEB80C23601E0135B3
:10A6B00003FB0263D3F803109B6801910293042308
:10A6C0000DEB030103930491022105918242ACBF7B
:10A6D0003946494602AA08A8CDE906134146F5F7CE
:10A6E000CBFF024908A8F6F79EF8D4E7403E0024C5
:10A6F000E9B500086CB7000880B700086AB7000821
:10A7000076B70008034B0222012103201A7000F0E3
:10A710005BB900BF303E002410B5064C2046FDF763
:10A72000B7FD2378012B03D0FDF76EFD012010BD8E
:10A730000020FCE72F3E00242DE9F0430023B1B0B8
:10A740008DF80E308DF80F308DF8103005938DF8A0
:10A7500011308DF81230744B1B78012B1FD10DF185
:10A760001200FDF7F9FE9DF81230012B1AD16F4B44
:10A770001B78033B012B03D96D4B1868FDF754FD83
:10A78000FFF768FF01280AD19DF81230002B42D153
:10A79000674B1868FDF762FD644B04221A7031B0F4
:10A7A000BDE8F083002BEBD10DF1110105A8FDF7F9
:10A7B000D9FE01460028E3D14FF480725D48F5F7D9
:10A7C000D5FE9DF811304FF42172059C5A4902FBC9
:10A7D00003444FF48073594AA4F501740093554B18
:10A7E0002046574DF5F7E2FF78B905262B46534A28
:10A7F000204654490096F5F7D9FF30B9AB19524AB3
:10A80000524920460096F5F7D1FF012385F80A3119
:10A81000FDF70EF9B4E7012BC1D10323434D0DF130
:10A8200013002B70FDF78CFE9DF81330032B61D1C4
:10A83000474B1B787BB9474C0DF10E012046FFF7C3
:10A840006BFE9DF80E102068FFF710FF4249434849
:10A85000FDF7BEFCA3E7012B08D1414C0DF10F0120
:10A860002046FFF761FE9DF80F10ECE7022BEDD1BB
:10A870003C4D04A92846FFF7D5FE04460028E5D143
:10A8800001464FF480623448374FDFF8B080DFF87C
:10A89000E4902D689DF81060F5F768FE2E49334866
:10A8A000F5F7ADFFE3B29E4204D82B493048F5F7E7
:10A8B000BAFFCBE700236A1C494610A80793069508
:10A8C000CDE90823AA1CCDE90A23EA1C0435CDE909
:10A8D0000C23721EA242D4BF3B46434606AA013453
:10A8E0000E9304230F93F5F7C7FE1B4910A8F5F745
:10A8F0009AFFD7E7012B10D1154C2378022B3FF696
:10A900004EAF01332370FDF721FE2378032B7FF434
:10A9100046AF002323702B7041E7002B7FF43FAF3D
:10A92000FDF714FE3BE700BF2F3E0024303E00241D
:10A93000900200240A00002083B700086AB70008CC
:10A940000000002088B700088FB7000893B7000800
:10A950002E3E00243C3E0024403E0024AAB70008BE
:10A96000383E0024343E0024E9B500086CB70008E6
:10A9700080B700089CB7000810B1024B1B78037029
:10A98000704700BF303E0024014B02221A7070470E
:10A99000303E002470B500240A4B01250226032214
:10A9A00020461D705C709E70DC705C711A71FDF742
:10A9B00039F83046FDF736F821462846BDE87040A4
:10A9C000FDF70AB848420024094B1A7882420AD09F
:10A9D0009A78824209D01A79824203D1022203EB8B
:10A9E0004203597070470022F9E70122F7E700BFE0
:10A9F0004842002437B50023344C8DF807302378C3
:10AA0000013B042B17D8DFE803F00318344E5E0037
:10AA10002F4B5D7858796A1E55425541DA78012AE4
:10AA200008BF0135012806D1022D04D14FF47A71F7
:10AA3000FCF7D2FF257003B030BDFFF76DFE254B4C
:10AA400038B918800323642101202370FCF7C4FF68
:10AA5000F1E71A88B2F5167F08D300221A80042382
:10AA60004FF4E16223701C4B1A60E4E701321A8054
:10AA7000E1E70DF10700FFF77FFF9DF80730154A6A
:10AA800053B90023138004234FF416722370124B22
:10AA90001A60FFF779FFCEE71388B3F5167FF0D27F
:10AAA00001331380C7E7052301202370FCF7BAFFA9
:10AAB000094B1868FFF706F9FFF73EFDFFF7D0FDD9
:10AAC000FDF7F8FAB7E701232370B4E794020024F6
:10AAD00048420024404200244442002408B5FFF7C5
:10AAE0005DF9FFF72DFAFCE72DE9F047089D0E46CA
:10AAF00004460F46002B4AD194468C45B2FA82F2A6
:10AB000060D942B1C2F12003974020FA03F30CFA56
:10AB100002FC1F4394404FEA1C4E1FFA8CF6B7FB11
:10AB2000FEF1230C0EFB117743EA074301FB06F00D
:10AB300098420AD91CEB030301F1FF3780F015811D
:10AB4000984240F21281023963441B1AA4B2B3FB4B
:10AB5000FEF00EFB103344EA034400FB06F6A64267
:10AB60000AD91CEB040400F1FF3380F00081A642F7
:10AB700040F2FD806444023840EA0140A41B0021F9
:10AB80001DB1D4400023C5E90043BDE8F0878B42E6
:10AB900005D90DB1C5E9000100210846F5E7B3FA72
:10ABA00083F1002946D1B34202D3824200F2F580FC
:10ABB000841A66EB030201201746002DE5D0C5E993
:10ABC0000047E2E7002A40F09380A1EB0C034FEA34
:10ABD0001C471FFA8CFE0121B3FBF7F607FB16306A
:10ABE000230C43EA00430EFB06F0984208D91CEB05
:10ABF000030306F1FF3802D2984200F2D0804646A5
:10AC00001B1AA4B2B3FBF7F007FB103344EA03446A
:10AC10000EFB00FEA64508D91CEB040400F1FF332F
:10AC200002D2A64500F2B6801846A4EB0E0440EA14
:10AC30000640A5E7C1F120078B4022FA07FC4CEA49
:10AC4000030C06FA01FE20FA07F426FA07F344EA99
:10AC50000E0400FA01F84FEA1C404FEA1449B3FB16
:10AC6000F0FE1FFA8CF600FB1E3349EA03430EFB8D
:10AC700006F9994502FA01F20BD91CEB03030EF118
:10AC8000FF3A80F08580994540F28280AEF1020E55
:10AC90006344A3EB0909A4B2B9FBF0F300FB1399D9
:10ACA00044EA094403FB06F6A64208D91CEB040457
:10ACB00003F1FF3068D2A64266D9023B644443EAFE
:10ACC0000E40A41BA0FB02E6B4427346B14652D329
:10ACD0004FD05DB1B8EB030264EB090404FA07F747
:10ACE00022FA01F31F43CC40C5E9007400214CE770
:10ACF000C2F1200120FA01F30CFA02FC26FA01F15C
:10AD0000964033434FEA1C471FFA8CFEB1FBF7F025
:10AD100007FB1016190C41EA064100FB0EF68E42A5
:10AD200004FA02F408D91CEB010100F1FF382DD21E
:10AD30008E422BD902386144891B9BB2B1FBF7F6D6
:10AD400007FB161143EA014306FB0EF1994208D9AD
:10AD50001CEB030306F1FF3814D2994212D9023ECC
:10AD600063445B1A46EA004136E73946EDE6184689
:10AD700002E7F045ADD2BEEB020366EB0C060138EC
:10AD8000B146A6E74646ECE7034698E74046D3E7D8
:10AD9000D6467EE76444023847E708460DE7023EA0
:10ADA00063442DE7830730B547D0541E002A3ED0B8
:10ADB000CAB2034601E0013C39D303F8012B9D07D9
:10ADC000F9D1032C2CD9CDB205EB05250F2C05EBC1
:10ADD000054535D9A4F1100222F00F0C03F1100E35
:10ADE000E6444FEA121C1A46C2E90055C2E9025570
:10ADF00010327245F8D10CF1010214F00C0F03EB84
:10AE0000021204F00F0C13D0ACF1040323F003037F
:10AE10000433134442F8045B9342FBD10CF0030467
:10AE20002CB1C9B21C4403F8011BA342FBD130BDB5
:10AE300064461346002CF4D1F9E703461446C0E7F4
:10AE40001A46A446E0E700BFF8B500BFF8BC08BC4E
:10AE50009E467047F8B500BFF8BC08BC9E467047D8
:10AE600000000000000000000000000000000000E2
:10AE700000000000010000000200000003000000CC
:10AE800004000000000000000500000000000000B9
:10AE900000000000000000000600000000000000AC
:10AEA0000000000000000000070000007829B995AC
:10AEB0005DA99ED36DAA50C5A3472C07175CD69DEC
:10AEC000A41C11212CD2C68715A90D00000000007A
:10AED0000102030401020304060708090006101614
:10AEE000000610160001020304050607080C1014E2
:10AEF00018203040010002000400060008000A008B
:10AF00000C00100020004000800000010804020432
:10AF100008010101010101030701000082CD4AA5DA
:10AF200026FBD7FD0BEFC0C37E7C150E5CAD05166E
:10AF3000C9AAC5BC622F7B7DACF73E0FD30CA1CA5A
:10AF40002911133FF8FFF29AA3F1BAE35E9092FA47
:10AF50007D8704C7A7E5E1ABDE48F0746EC863A641
:10AF6000F5D6F37FCAFEE9B8E2936AA4845F18BD00
:10AF7000D8D9F9CBA26B55F89CE78F1BB4C4F4B0B9
:10AF8000B59B6FECD08A66EBC1F6E6F3E0ED8C146E
:10AF9000F760C61791E87063C4DC61ECC2D4A00608
:10AFA0008910C46D8B122722469FBE1CDB1FD18ED9
:10AFB000B7D28D033BBFC0C92BEA4C948B782DF8D8
:10AFC0005B71B1FC25929B9C3CB3E41EABBF6CD57E
:10AFD000B6D09DB249E688AF7A73CC401D201A7D69
:10AFE000E0B9D38EFCDCB53AD9CEACB88FE7EABF76
:10AFF00064F1A799E5B7839EA6A819F2A95917800D
:10B000009A1E81E3FCD8BF6503E23D6F86E99DC5CA
:10B010002F9B11EDECB46A8C2107DFA182CD4AA5EC
:10B0200026FBD7FD0BEFC0C37E7C150E5CAD05166D
:10B03000C9AAC5BC622F7B7DACF73E0FD30CA1CA59
:10B040002911133FF8FFF29AA3F1BAE35E9092FA46
:10B050007D8704C7A7E5E1ABDE48F0746EC863A640
:10B06000F5D6F37FCAFEE9B8E2936AA4845F18BDFF
:10B07000D8D9F9CBA26B55F89CE78F1BB4C4F4B0B8
:10B08000B59B6FECD08A66EBC1F6E6F3E0ED8C146D
:10B09000F760C61791E87063C4DC61ECC2D4A00607
:10B0A0008910C46D8B122722469FBE1CDB1FD18ED8
:10B0B000B7D28D033BBFC0C92BEA4C948B782DF8D7
:10B0C0005B71B1FC25929B9C3CB3E41EABBF6CD57D
:10B0D000B6D09DB249E688AF7A73CC401D201A7D68
:10B0E000E0B9D38EFCDCB53AD9CEACB88FE7EABF75
:10B0F00064F1A799E5B7839EA6A819F2A95917800C
:10B100009A1E81E3FCD8BF6503E23D6F86E99DC5C9
:10B110002F9B11EDECB46A8C2107DFA182CD4AA5EB
:10B1200026FBD7FD0BEFC0C37E7C150E5CAD05166C
:10B13000C9AAC5BC622F7B7DACF73E0FD30CA1CA58
:10B140002911133FF8FFF29AA3F1BAE35E9092FA45
:10B150007D8704C7A7E5E1ABDE48F0746EC863A63F
:10B16000F5D6F37FCAFEE9B8E2936AA4845F18BDFE
:10B17000D8D9F9CBA26B55F89CE78F1BB4C4F4B0B7
:10B18000B59B6FECD08A66EBC1F6E6F3E0ED8C146C
:10B19000F760C61791E87063C4DC61ECC2D4A00606
:10B1A0008910C46D8B122722469FBE1CDB1FD18ED7
:10B1B000B7D28D033BBFC0C92BEA4C948B782DF8D6
:10B1C0005B71B1FC25929B9C3CB3E41EABBF6CD57C
:10B1D000B6D09DB249E688AF7A73CC401D201A7D67
:10B1E000E0B9D38EFCDCB53AD9CEACB88FE7EABF74
:10B1F00064F1A799E5B7839EA6A819F2A95917800B
:10B200009A1E81E3FCD8BF6503E23D6F86E99DC5C8
:10B210002F9B11EDECB46A8C2107DFA182CD4AA5EA
:10B2200026FBD7FD0BEFC0C37E7C150E5CAD05166B
:10B23000C9AAC5BC622F7B7DACF73E0FD30CA1CA57
:10B240002911133FF8FFF29AA3F1BAE35E9092FA44
:10B250007D8704C7A7E5E1ABDE48F0746EC863A63E
:10B26000F5D6F37FCAFEE9B8E2936AA4845F18BDFD
:10B27000D8D9F9CBA26B55F89CE78F1BB4C4F4B0B6
:10B28000B59B6FECD08A66EBC1F6E6F3E0ED8C146B
:10B29000F760C61791E87063C4DC61ECC2D4A00605
:10B2A0008910C46D8B122722469FBE1CDB1FD18ED6
:10B2B000B7D28D033BBFC0C92BEA4C948B782DF8D5
:10B2C0005B71B1FC25929B9C3CB3E41EABBF6CD57B
:10B2D000B6D09DB249E688AF7A73CC401D201A7D66
:10B2E000E0B9D38EFCDCB53AD9CEACB88FE7EABF73
:10B2F00064F1A799E5B7839EA6A819F2A95917800A
:10B300009A1E81E3FCD8BF6503E23D6F86E99DC5C7
:10B310002F9B11EDECB46A8C2107DFA12B434D511B
:10B3200054545258544F5049433A002B434D5154B2
:10B330005452585041594C4F41443A002B434D51BF
:10B3400054545258454E443A00636F6E6E656374B0
:10B350002E6465762E6B7569646F2E696F003138C7
:10B3600038330073733069343573366E7376726FA9
:10B370006F006838777573616F723938333763617E
:10B38000003938616D7163386968626C71726D0083
:10B3900041542B434D515454414343513D302C2291
:10B3A0002573220D0A0041542B434D5154545355DB
:10B3B00042544F5049433D302C25642C300D0A0037
:10B3C00041542B434D515454554E535542544F50B4
:10B3D00049433D302C25640D0A0041542B434D5107
:10B3E0005454544F5049433D302C25640D0A003EBF
:10B3F000004E0041542B434D5154545041594C4F31
:10B4000041443D302C25640D0A0041542B434D51DD
:10B4100054545055423D302C312C36300D0A002BFF
:10B42000434D5154545055423A20302C300045522F
:10B43000524F52002B48545450414354494F4E3AB6
:10B44000002B434D5154545258454E440041542B07
:10B45000485454505445524D0D0A004F4B0041542E
:10B460002B48545450524541443D302C300D0A0075
:10B4700041542B48545450414354494F4E3D300D94
:10B480000A0041542B48545450494E49540D0A0067
:10B4900041542B434D515454554E535542544F50E3
:10B4A00049433D302C32360D0A002F6465766963BE
:10B4B000652F73733069343573366E7376726F6FC0
:10B4C0002F7270630D0A0041542B434D5154545553
:10B4D0004E5355423D302C310D0A002B434D5154F3
:10B4E00054554E5355423A20302C300041542B4392
:10B4F0004D515454535542544F5049433D302C32D2
:10B50000362C300D0A0041542B434D5154545355A1
:10B51000423D302C310D0A002B434D5154545355AC
:10B52000423A20302C300041542B434D5154544466
:10B530004953433D302C36300D0A0041542B434DC6
:10B5400051545452454C3D300D0A0041542B434D4B
:10B5500051545453544F500D0A0041542B434D51F4
:10B56000545453544152540D0A0041542B434D51ED
:10B570005454414343513D302C2273733069343568
:10B5800073366E7376726F6F220D0A0041542B432F
:10B590004D515454434F4E4E4543543D302C22742C
:10B5A00063703A2F2F636F6E6E6563742E646576D9
:10B5B0002E6B7569646F2E696F3A31383833222CDF
:10B5C0003132302C312C226838777573616F7239C3
:10B5D0003833376361222C223938616D71633869E1
:10B5E00068626C71726D220D0A0041540D0A0041AF
:10B5F0005445300D0A0041542B4353510D0A00416C
:10B60000542B435245473F0D0A002B435245473ABE
:10B6100020302C310041542B43474154543D310DCF
:10B620000A0041542B434744434F4E543D312C2292
:10B630004950222C22696E7465726E65742E7622D2
:10B640000D0A0041542B43474143543D312C310DE9
:10B650000A0041542B434750414444523D310D0AA6
:10B660000049444C4500496E6974207461736B0055
:10B670005461736B2031306D73004C6F775F566F80
:10B680006C746167655F537570706C790043757297
:10B6900072656E7400534F43004D696E5F63656C55
:10B6A0006C5F566F6C74616765004D61785F6365B0
:10B6B0006C6C5F566F6C74616765004D696E5F639B
:10B6C000656C6C5F54656D70004D61785F63656C8F
:10B6D0006C5F54656D7000496E73756C6174696F51
:10B6E0006E5F526573004D43555F4661756C7473B0
:10B6F000004D6F746F725F5370656564004D6F74B9
:10B700006F725F546F7271756500486967685F5644
:10B710006F6C74616765004D6F746F725F54656D17
:10B720007000496E7665727465725F54656D700065
:10B730004D6F746F725F5461726765745F546F729E
:10B74000717565004D6F746F725F537769746368CC
:10B7500000436F6E74726F6C6C65725F53746172CC
:10B76000745F416C6C6F776564002C007B226461B0
:10B770007461223A7B00222573223A2564257300E6
:10B780007D7D0055524C3A0053775665723A0065FC
:10B790006E6400526F6C6C5665723A002225642507
:10B7A000642564223A25642573002F6465766963F5
:10B7B000652F73733069343573366E7376726F6FBD
:10B7C0002F74656C656D65747279002F6465766998
:10B7D00063652F73733069343573366E7376726FA9
:10B7E0006F2F727063000000060000003DA100088A
:10B7F00075A10008ADA10008E5A100081DA2000880
:10B8000055A200088DA20008C5A20008FDA20008EC
:10B81000459F00087D9F0008B59F0008ED9F000828
:10B8200025A000085DA0000895A00008CDA0000894
:10B8300005A10008C04AFF7F010000000090D0036E
:10B840000090D0030100000010000000000C02581E
:10B8500000800000000C025800400000000C02585C
:10B8600000200000000402580020000000040258DC
:10B87000001000000000000001000000000C025851
:10B88000008000000100000001000000000C0258D0
:10B89000004000000200000001000000000C0258FF
:10B8A0000020000000000000000000000000000078
:10B8B0000800000000000000000010000000200050
:10B8C000000000000000000001030302010000006E
:10B8D00049B300085EB3000863B3000872B3000800
:10B8E00081B300080300000090B40008EFB3000823
:10B8F000E02E0000AAB40008F1B30008B80B000065
:10B90000C7B40008DBB40008E02E0000ECB4000867
:10B91000EFB30008E02E0000AAB40008F1B300085D
:10B92000B80B000006B5000818B50008E02E0000AE
:10B9300027B500085BB40008282301003BB50008C8
:10B940005BB40008282301004BB500085BB4000875
:10B95000E02E01005AB500085BB40008E02E01009B
:10B960006AB500085BB40008282301008CB5000804
:10B970005BB4000828230100EAB500085BB40008A6
:10B98000B80B0100EFB500085BB40008B80B00006D
:10B99000F6B500085BB4000828230100FFB50008D5
:10B9A0000AB600082823010015B600085BB4000899
:10B9B0002823000022B600085BB4000828230000FA
:10B9C00043B600085BB400082823010052B6000803
:10B9D0005BB4000828230100000000001E2C002496
:10B9E0000002000001050000AAAAAAAA01000000A6
:10B9F0008C04002400100100000000007AB600084A
:10BA000001100200000000008DB6000802100200C4
:10BA1000000000000FB70008031002000000000043
:10BA200095B60008041002000000000099B6000856
:10BA30000510020000000000AAB600080610010070
:10BA400000000000BBB60008071001000000000065
:10BA5000C9B600080810020000000000D7B60008B0
:10BA60000016020000000000E6B600080116020001
:10BA700000000000F1B600080216020000000000FD
:10BA8000FDB6000803160200000000000AB7000817
:10BA9000041602000000000017B700080516020097
:10BAA0000000000022B70008061602000000000097
:10BAB00030B70008071602000000000044B7000875
:10BAC000081602000000000051B70008CBB70008BC
:04BAD0000100000071
:020000042000DA
:1000000000000000000000000000000000000000F0
:1000100000000000000000000000000000000000E0
:1000200000000000000000000000000000000000D0
:1000300000000000000000000000000000000000C0
:1000400000000000000000000000000000000000B0
:1000500000000000000000000000000000000000A0
:100060000000000000000000000000000000000090
:100070000000000000000000000000000000000080
:100080000000000000000000000000000000000070
:100090000000000000000000000000000000000060
:1000A0000000000000000000000000000000000050
:1000B0000000000000000000000000000000000040
:1000C0000000000000000000000000000000000030
:1000D0000000000000000000000000000000000020
:1000E0000000000000000000000000000000000010
:1000F0000000000000000000000000000000000000
:0B0100000000000000000000000000F4
:040000050800085D8A
:00000001FF
